Code,Description
A00-,ICD-10 Version
A00,Cholera
A00.0,"Cholera due to Vibrio cholerae 01, biovar cholerae"
A00.1,"Cholera due to Vibrio cholerae 01, biovar eltor"
A00.9,"Cholera, unspecified"
A01,Typhoid and paratyphoid fevers
A01.0,Typhoid fever
A01.1,Paratyphoid fever A
A01.2,Paratyphoid fever B
A01.3,Paratyphoid fever C
A01.4,"Paratyphoid fever, unspecified"
A02,Other salmonella infections
A02.0,Salmonella enteritis
A02.1,Salmonella sepsis
A02.2,Localized salmonella infections
A02.8,Other specified salmonella infections
A02.9,"Salmonella infection, unspecified"
A03,Shigellosis
A03.0,Shigellosis due to Shigella dysenteriae
A03.1,Shigellosis due to Shigella flexneri
A03.2,Shigellosis due to Shigella boydii
A03.3,Shigellosis due to Shigella sonnei
A03.8,Other shigellosis
A03.9,"Shigellosis, unspecified"
A04,Other bacterial intestinal infections
A04.0,Enteropathogenic Escherichia coli infection
A04.1,Enterotoxigenic Escherichia coli infection
A04.2,Enteroinvasive Escherichia coli infection
A04.3,Enterohaemorrhagic Escherichia coli infection
A04.4,Other intestinal Escherichia coli infections
A04.5,Campylobacter enteritis
A04.6,Enteritis due to Yersinia enterocolitica
A04.7,Enterocolitis due to Clostridium difficile
A04.8,Other specified bacterial intestinal infections
A04.9,"Bacterial intestinal infection, unspecified"
A05,"Other bacterial foodborne intoxications, not elsewhere classified"
A05.0,Foodborne staphylococcal intoxication
A05.1,Botulism
A05.2,Foodborne Clostridium perfringens [Clostridium welchii] intoxication
A05.3,Foodborne Vibrio parahaemolyticus intoxication
A05.4,Foodborne Bacillus cereus intoxication
A05.8,Other specified bacterial foodborne intoxications
A05.9,"Bacterial foodborne intoxication, unspecified"
A06,Amoebiasis
A06.0,Acute amoebic dysentery
A06.1,Chronic intestinal amoebiasis
A06.2,Amoebic nondysenteric colitis
A06.3,Amoeboma of intestine
A06.7,Cutaneous amoebiasis
A06.8,Amoebic infection of other sites
A06.9,"Amoebiasis, unspecified"
A07,Other protozoal intestinal diseases
A07.0,Balantidiasis
A07.1,Giardiasis [lambliasis]
A07.2,Cryptosporidiosis
A07.3,Isosporiasis
A07.8,Other specified protozoal intestinal diseases
A07.9,"Protozoal intestinal disease, unspecified"
A08,Viral and other specified intestinal infections
A08.0,Rotaviral enteritis
A08.1,Acute gastroenteropathy due to Norovirus
A08.2,Adenoviral enteritis
A08.3,Other viral enteritis
A08.4,"Viral intestinal infection, unspecified"
A08.5,Other specified intestinal infections
A09,Other gastroenteritis and colitis of infectious and unspecified origin
A09.0,Other and unspecified gastroenteritis and colitis of infectious origin
A09.9,Gastroenteritis and colitis of unspecified origin
A15-,ICD-10 Version
A15,"Respiratory tuberculosis, bacteriologically and histologically confirmed"
A15.0,"Tuberculosis of lung, confirmed by sputum microscopy with or without culture"
A15.1,"Tuberculosis of lung, confirmed by culture only"
A15.2,"Tuberculosis of lung, confirmed histologically"
A15.3,"Tuberculosis of lung, confirmed by unspecified means"
A15.4,"Tuberculosis of intrathoracic lymph nodes, confirmed bacteriologically and histologically"
A15.5,"Tuberculosis of larynx, trachea and bronchus, confirmed bacteriologically and histologically"
A15.6,"Tuberculous pleurisy, confirmed bacteriologically and histologically"
A15.7,"Primary respiratory tuberculosis, confirmed bacteriologically and histologically"
A15.8,"Other respiratory tuberculosis, confirmed bacteriologically and histologically"
A15.9,"Respiratory tuberculosis unspecified, confirmed bacteriologically and histologically"
A16,"Respiratory tuberculosis, not confirmed bacteriologically or histologically"
A16.0,"Tuberculosis of lung, bacteriologically and histologically negative"
A16.1,"Tuberculosis of lung, bacteriological and histological examination not done"
A16.2,"Tuberculosis of lung, without mention of bacteriological or histological confirmation"
A16.3,"Tuberculosis of intrathoracic lymph nodes, without mention of bacteriological or histological confirmation"
A16.4,"Tuberculosis of larynx, trachea and bronchus, without mention of bacteriological or histological confirmation"
A16.5,"Tuberculous pleurisy, without mention of bacteriological or histological confirmation"
A16.7,Primary respiratory tuberculosis without mention of bacteriological or histological confirmation
A16.8,"Other respiratory tuberculosis, without mention of bacteriological or histological confirmation"
A16.9,"Respiratory tuberculosis unspecified, without mention of bacteriological or histological confirmation"
A18,Tuberculosis of other organs
A18.2,Tuberculous peripheral lymphadenopathy
A18.3,"Tuberculosis of intestines, peritoneum and mesenteric glands"
A18.4,Tuberculosis of skin and subcutaneous tissue
A18.5,Tuberculosis of eye
A18.6,Tuberculosis of ear
A18.8,Tuberculosis of other specified organs
A19,Miliary tuberculosis
A19.0,Acute miliary tuberculosis of a single specified site
A19.1,Acute miliary tuberculosis of multiple sites
A19.2,"Acute miliary tuberculosis, unspecified"
A19.8,Other miliary tuberculosis
A19.9,"Miliary tuberculosis, unspecified"
A20-,ICD-10 Version
A20,Plague
A20.0,Bubonic plague
A20.1,Cellulocutaneous plague
A20.2,Pneumonic plague
A20.3,Plague meningitis
A20.7,Septicaemic plague
A20.8,Other forms of plague
A20.9,"Plague, unspecified"
A21,Tularaemia
A21.0,Ulceroglandular tularaemia
A21.1,Oculoglandular tularaemia
A21.2,Pulmonary tularaemia
A21.3,Gastrointestinal tularaemia
A21.7,Generalized tularaemia
A21.8,Other forms of tularaemia
A21.9,"Tularaemia, unspecified"
A22,Anthrax
A22.0,Cutaneous anthrax
A22.1,Pulmonary anthrax
A22.2,Gastrointestinal anthrax
A22.7,Anthrax sepsis
A22.8,Other forms of anthrax
A22.9,"Anthrax, unspecified"
A23,Brucellosis
A23.0,Brucellosis due to Brucella melitensis
A23.1,Brucellosis due to Brucella abortus
A23.2,Brucellosis due to Brucella suis
A23.3,Brucellosis due to Brucella canis
A23.8,Other brucellosis
A23.9,"Brucellosis, unspecified"
A24,Glanders and melioidosis
A24.0,Glanders
A24.1,Acute and fulminating melioidosis
A24.2,Subacute and chronic melioidosis
A24.3,Other melioidosis
A24.4,"Melioidosis, unspecified"
A25,Rat-bite fevers
A25.0,Spirillosis
A25.1,Streptobacillosis
A25.9,"Rat-bite fever, unspecified"
A26,Erysipeloid
A26.0,Cutaneous erysipeloid
A26.7,Erysipelothrix sepsis
A26.8,Other forms of erysipeloid
A26.9,"Erysipeloid, unspecified"
A27,Leptospirosis
A27.0,Leptospirosis icterohaemorrhagica
A27.8,Other forms of leptospirosis
A27.9,"Leptospirosis, unspecified"
A28,"Other zoonotic bacterial diseases, not elsewhere classified"
A28.0,Pasteurellosis
A28.1,Cat-scratch disease
A28.2,Extraintestinal yersiniosis
A28.8,"Other specified zoonotic bacterial diseases, not elsewhere classified"
A28.9,"Zoonotic bacterial disease, unspecified"
A30-,ICD-10 Version
A30,Leprosy [Hansen disease]
A30.0,Indeterminate leprosy
A30.1,Tuberculoid leprosy
A30.2,Borderline tuberculoid leprosy
A30.3,Borderline leprosy
A30.4,Borderline lepromatous leprosy
A30.5,Lepromatous leprosy
A30.8,Other forms of leprosy
A30.9,"Leprosy, unspecified"
A31,Infection due to other mycobacteria
A31.0,Pulmonary mycobacterial infection
A31.1,Cutaneous mycobacterial infection
A31.8,Other mycobacterial infections
A31.9,"Mycobacterial infection, unspecified"
A32,Listeriosis
A32.0,Cutaneous listeriosis
A32.7,Listerial sepsis
A32.8,Other forms of listeriosis
A32.9,"Listeriosis, unspecified"
A33,Tetanus neonatorum
A34,Obstetrical tetanus
A35,Other tetanus
A36,Diphtheria
A36.0,Pharyngeal diphtheria
A36.1,Nasopharyngeal diphtheria
A36.2,Laryngeal diphtheria
A36.3,Cutaneous diphtheria
A36.8,Other diphtheria
A36.9,"Diphtheria, unspecified"
A37,Whooping cough
A37.0,Whooping cough due to Bordetella pertussis
A37.1,Whooping cough due to Bordetella parapertussis
A37.8,Whooping cough due to other Bordetella species
A37.9,"Whooping cough, unspecified"
A38,Scarlet fever
A39,Meningococcal infection
A39.2,Acute meningococcaemia
A39.3,Chronic meningococcaemia
A39.4,"Meningococcaemia, unspecified"
A39.8,Other meningococcal infections
A39.9,"Meningococcal infection, unspecified"
A40,"Streptococcal sepsis Coding-Hint Use additional code (R57.2) if desired, to identify septic shock."
A40.0,"Sepsis due to streptococcus, group A"
A40.1,"Sepsis due to streptococcus, group B"
A40.2,"Sepsis due to streptococcus, group D and enterococcus"
A40.3,Sepsis due to Streptococcus pneumoniae
A40.8,Other streptococcal sepsis
A40.9,"Streptococcal sepsis, unspecified"
A41,"Other sepsis Coding-Hint Use additional code (R57.2) if desired, to identify septic shock."
A41.0,Sepsis due to Staphylococcus aureus
A41.1,Sepsis due to other specified staphylococcus
A41.2,Sepsis due to unspecified staphylococcus
A41.3,Sepsis due to Haemophilus influenzae
A41.4,Sepsis due to anaerobes
A41.5,Sepsis due to other Gram-negative organisms
A41.8,Other specified sepsis
A41.9,"Sepsis, unspecified"
A42,Actinomycosis
A42.0,Pulmonary actinomycosis
A42.1,Abdominal actinomycosis
A42.2,Cervicofacial actinomycosis
A42.7,Actinomycotic sepsis
A42.8,Other forms of actinomycosis
A42.9,"Actinomycosis, unspecified"
A43,Nocardiosis
A43.0,Pulmonary nocardiosis
A43.1,Cutaneous nocardiosis
A43.8,Other forms of nocardiosis
A43.9,"Nocardiosis, unspecified"
A44,Bartonellosis
A44.0,Systemic bartonellosis
A44.1,Cutaneous and mucocutaneous bartonellosis
A44.8,Other forms of bartonellosis
A44.9,"Bartonellosis, unspecified"
A46,Erysipelas
A48,"Other bacterial diseases, not elsewhere classified"
A48.0,Gas gangrene
A48.1,Legionnaires disease
A48.2,Nonpneumonic Legionnaires disease [Pontiac fever]
A48.3,Toxic shock syndrome
A48.4,Brazilian purpuric fever
A48.8,Other specified bacterial diseases
A49,Bacterial infection of unspecified site
A49.0,"Staphylococcal infection, unspecified site"
A49.1,"Streptococcal and enterococcal infection, unspecified site"
A49.2,"Haemophilus influenzae infection, unspecified site"
A49.3,"Mycoplasma infection, unspecified site"
A49.8,Other bacterial infections of unspecified site
A49.9,"Bacterial infection, unspecified"
A50-,ICD-10 Version
A50,Congenital syphilis
A50.0,"Early congenital syphilis, symptomatic Additional Text Any congenital syphilitic condition specified as early or manifest less than two years after birth."
A50.1,"Early congenital syphilis, latent Additional Text Congenital syphilis without clinical manifestations, with positive serological reaction and negative spinal fluid test, less than two years after birth."
A50.2,"Early congenital syphilis, unspecified Additional Text Congenital syphilis NOS less than two years after birth."
A50.3,Late congenital syphilitic oculopathy
A50.4,Late congenital neurosyphilis [juvenile neurosyphilis]
A50.5,"Other late congenital syphilis, symptomatic Additional Text Any congenital syphilitic condition specified as late or manifest two years or more after birth."
A50.6,"Late congenital syphilis, latent Additional Text Congenital syphilis without clinical manifestations, with positive serological reaction and negative spinal fluid test, two years or more after birth."
A50.7,"Late congenital syphilis, unspecified Additional Text Congenital syphilis NOS two years or more after birth."
A50.9,"Congenital syphilis, unspecified"
A51,Early syphilis
A51.0,Primary genital syphilis
A51.1,Primary anal syphilis
A51.2,Primary syphilis of other sites
A51.3,Secondary syphilis of skin and mucous membranes
A51.4,Other secondary syphilis
A51.5,"Early syphilis, latent Additional Text Syphilis (acquired) without clinical manifestations, with positive serological reaction and negative spinal fluid test, less than two years after infection."
A51.9,"Early syphilis, unspecified"
A52,Late syphilis
A52.1,Symptomatic neurosyphilis
A52.2,Asymptomatic neurosyphilis
A52.3,"Neurosyphilis, unspecified"
A52.7,Other symptomatic late syphilis
A52.8,"Late syphilis, latent Additional Text Syphilis (acquired) without clinical manifestations, with positive serological reaction and negative spinal fluid test, two years or more after infection."
A52.9,"Late syphilis, unspecified"
A53,Other and unspecified syphilis
A53.0,"Latent syphilis, unspecified as early or late"
A53.9,"Syphilis, unspecified"
A54,Gonococcal infection
A54.0,Gonococcal infection of lower genitourinary tract without periurethral or accessory gland abscess
A54.1,Gonococcal infection of lower genitourinary tract with periurethral and accessory gland abscess
A54.2,Gonococcal pelviperitonitis and other gonococcal genitourinary infections
A54.3,Gonococcal infection of eye
A54.5,Gonococcal pharyngitis
A54.6,Gonococcal infection of anus and rectum
A54.8,Other gonococcal infections
A54.9,"Gonococcal infection, unspecified"
A55,Chlamydial lymphogranuloma (venereum)
A56,Other sexually transmitted chlamydial diseases
A56.0,Chlamydial infection of lower genitourinary tract
A56.1,Chlamydial infection of pelviperitoneum and other genitourinary organs
A56.2,"Chlamydial infection of genitourinary tract, unspecified"
A56.3,Chlamydial infection of anus and rectum
A56.4,Chlamydial infection of pharynx
A56.8,Sexually transmitted chlamydial infection of other sites
A57,Chancroid
A58,Granuloma inguinale
A59,Trichomoniasis
A59.0,Urogenital trichomoniasis
A59.8,Trichomoniasis of other sites
A59.9,"Trichomoniasis, unspecified"
A60,Anogenital herpesviral [herpes simplex] infection
A60.0,Herpesviral infection of genitalia and urogenital tract
N77.0,N77.1*
A60.1,Herpesviral infection of perianal skin and rectum
A60.9,"Anogenital herpesviral infection, unspecified"
A63,"Other predominantly sexually transmitted diseases, not elsewhere classified"
A63.0,Anogenital (venereal) warts
A63.8,Other specified predominantly sexually transmitted diseases
A64,Unspecified sexually transmitted disease
A65-,ICD-10 Version
A65,Nonvenereal syphilis
A66,Yaws
A66.0,Initial lesions of yaws
A66.1,Multiple papillomata and wet crab yaws
A66.2,Other early skin lesions of yaws
A66.3,Hyperkeratosis of yaws
A66.4,Gummata and ulcers of yaws
A66.5,Gangosa
A66.6,Bone and joint lesions of yaws
A66.7,Other manifestations of yaws
A66.8,Latent yaws
A66.9,"Yaws, unspecified"
A67,Pinta [carate]
A67.0,Primary lesions of pinta
A67.1,Intermediate lesions of pinta
A67.2,Late lesions of pinta
A67.3,Mixed lesions of pinta
A67.9,"Pinta, unspecified"
A68,Relapsing fevers
A68.0,Louse-borne relapsing fever
A68.1,Tick-borne relapsing fever
A68.9,"Relapsing fever, unspecified"
A69,Other spirochaetal infections
A69.0,Necrotizing ulcerative stomatitis
A69.1,Other Vincent infections
A69.2,Lyme disease
A69.8,Other specified spirochaetal infections
A69.9,"Spirochaetal infection, unspecified"
A70-,ICD-10 Version
A70,Chlamydia psittaci infection
A71,Trachoma
A71.0,Initial stage of trachoma
A71.1,Active stage of trachoma
A71.9,"Trachoma, unspecified"
A74,Other diseases caused by chlamydiae
A74.8,Other chlamydial diseases
A74.9,"Chlamydial infection, unspecified"
A75-,ICD-10 Version
A75,Typhus fever
A75.0,Epidemic louse-borne typhus fever due to Rickettsia prowazekii
A75.1,Recrudescent typhus [Brill disease]
A75.2,Typhus fever due to Rickettsia typhi
A75.3,Typhus fever due to Rickettsia tsutsugamushi
A75.9,"Typhus fever, unspecified"
A77,Spotted fever [tick-borne rickettsioses]
A77.0,Spotted fever due to Rickettsia rickettsii
A77.1,Spotted fever due to Rickettsia conorii
A77.2,Spotted fever due to Rickettsia sibirica
A77.3,Spotted fever due to Rickettsia australis
A77.8,Other spotted fevers
A77.9,"Spotted fever, unspecified"
A78,Q fever
A79,Other rickettsioses
A79.0,Trench fever
A79.1,Rickettsialpox due to Rickettsia akari
A79.8,Other specified rickettsioses
A79.9,"Rickettsiosis, unspecified"
A80-,ICD-10 Version
A80,Acute poliomyelitis
A80.0,"Acute paralytic poliomyelitis, vaccine-associated"
A80.1,"Acute paralytic poliomyelitis, wild virus, imported"
A80.2,"Acute paralytic poliomyelitis, wild virus, indigenous"
A80.3,"Acute paralytic poliomyelitis, other and unspecified"
A80.4,Acute nonparalytic poliomyelitis
A80.9,"Acute poliomyelitis, unspecified"
A81,Atypical virus infections of central nervous system
A81.0,Creutzfeldt-Jakob disease
A81.1,Subacute sclerosing panencephalitis
A81.2,Progressive multifocal leukoencephalopathy
A81.8,Other atypical virus infections of central nervous system
A81.9,"Atypical virus infection of central nervous system, unspecified"
A82,Rabies
A82.0,Sylvatic rabies
A82.1,Urban rabies
A82.9,"Rabies, unspecified"
A83,Mosquito-borne viral encephalitis
A83.0,Japanese encephalitis
A83.1,Western equine encephalitis
A83.2,Eastern equine encephalitis
A83.3,St Louis encephalitis
A83.4,Australian encephalitis
A83.5,California encephalitis
A83.6,Rocio virus disease
A83.8,Other mosquito-borne viral encephalitis
A83.9,"Mosquito-borne viral encephalitis, unspecified"
A84,Tick-borne viral encephalitis
A84.0,Far Eastern tick-borne encephalitis [Russian spring-summer encephalitis]
A84.1,Central European tick-borne encephalitis
A84.8,Other tick-borne viral encephalitis
A84.9,"Tick-borne viral encephalitis, unspecified"
A85,"Other viral encephalitis, not elsewhere classified"
A85.2,"Arthropod-borne viral encephalitis, unspecified"
A85.8,Other specified viral encephalitis
A86,Unspecified viral encephalitis
A87,Viral meningitis
A87.2,Lymphocytic choriomeningitis
A87.8,Other viral meningitis
A87.9,"Viral meningitis, unspecified"
A88,"Other viral infections of central nervous system, not elsewhere classified"
A88.0,Enteroviral exanthematous fever [Boston exanthem]
A88.1,Epidemic vertigo
A88.8,Other specified viral infections of central nervous system
A89,Unspecified viral infection of central nervous system
A92-,ICD-10 Version
A92,Other mosquito-borne viral fevers
A92.0,Chikungunya virus disease
A92.1,O'nyong-nyong fever
A92.2,Venezuelan equine fever
A92.3,West Nile virus infection
A92.4,Rift Valley fever
A92.5,Zika virus disease
A92.8,Other specified mosquito-borne viral fevers
A92.9,"Mosquito-borne viral fever, unspecified"
A93,"Other arthropod-borne viral fevers, not elsewhere classified"
A93.0,Oropouche virus disease
A93.1,Sandfly fever
A93.2,Colorado tick fever
A93.8,Other specified arthropod-borne viral fevers
A94,Unspecified arthropod-borne viral fever
A95,Yellow fever
A95.0,Sylvatic yellow fever
A95.1,Urban yellow fever
A95.9,"Yellow fever, unspecified"
A96,Arenaviral haemorrhagic fever
A96.0,Junin haemorrhagic fever
A96.1,Machupo haemorrhagic fever
A96.2,Lassa fever
A96.8,Other arenaviral haemorrhagic fevers
A96.9,"Arenaviral haemorrhagic fever, unspecified"
A97,"Dengue Definition Dengue is a viral disease transmitted by the bite of a mosquito infected by dengue viruses. It is one disease entity with different clinical presentations and often with unpredictable clinical evolution and outcome. Most patients recover following a self-limiting non-severe clinical course like nausea, vomiting, rash, aches and pains, but a small proportion progress to severe disease, mostly characterized by plasma leakage with or without haemorrhage, although severe haemorrhages or severe organ impairment can occur, with or without dengue shock."
A97.0,Dengue without warning signs
A97.1,"Dengue with warning signs Definition Clinical warning signs are: abdominal pain or tenderness, mucosal bleeding, lethargy and /or restlessness, rapid decrease in platelet count, increase in hematocrit. Other signs can include: persistent vomiting, visible fluid accumulation, liver enlargement more than 2 cm."
A97.2,"Severe Dengue Definition Clinical signs include: 1. Severe plasma leakage leading to shock (Dengue shock syndrome - DSS) and/or fluid accumulation with respiratory distress; 2. Severe bleeding as evaluated by clinician; 3. Severe organ involvement: Liver AST or ALT >=1000, CNS: impaired consciousness (encephalitis), involvement of other organs, as myocarditis or nephritis"
A97.9,"Dengue, unspecified"
A98,"Other viral haemorrhagic fevers, not elsewhere classified"
A98.0,Crimean-Congo haemorrhagic fever
A98.1,Omsk haemorrhagic fever
A98.2,Kyasanur Forest disease
A98.3,Marburg virus disease
A98.4,Ebola virus disease
A98.5,Haemorrhagic fever with renal syndrome
A98.8,Other specified viral haemorrhagic fevers
A99,Unspecified viral haemorrhagic fever
B00-,ICD-10 Version
B00,Herpesviral [herpes simplex] infections
B00.0,Eczema herpeticum
B00.1,Herpesviral vesicular dermatitis
B00.2,Herpesviral gingivostomatitis and pharyngotonsillitis
B00.5,Herpesviral ocular disease
B00.7,Disseminated herpesviral disease
B00.8,Other forms of herpesviral infection
B00.9,"Herpesviral infection, unspecified"
B01,Varicella [chickenpox]
B01.8,Varicella with other complications
B01.9,Varicella without complication
B02,Zoster [herpes zoster]
B02.3,Zoster ocular disease
B02.7,Disseminated zoster
B02.8,Zoster with other complications
B02.9,Zoster without complication
B03,Smallpox [Footnote
B04,Monkeypox
B05,Measles
B05.4,Measles with intestinal complications
B05.8,Measles with other complications
B05.9,Measles without complication
B06,Rubella [German measles]
B06.8,Rubella with other complications
B06.9,Rubella without complication
B07,Viral warts
B08,"Other viral infections characterized by skin and mucous membrane lesions, not elsewhere classified"
B08.0,Other orthopoxvirus infections
B08.1,Molluscum contagiosum
B08.2,Exanthema subitum [sixth disease]
B08.3,Erythema infectiosum [fifth disease]
B08.4,Enteroviral vesicular stomatitis with exanthem
B08.5,Enteroviral vesicular pharyngitis
B08.8,Other specified viral infections characterized by skin and mucous membrane lesions
B09,Unspecified viral infection characterized by skin and mucous membrane lesions
B15-,ICD-10 Version
B15,Acute hepatitis A
B15.0,Hepatitis A with hepatic coma
B15.9,Hepatitis A without hepatic coma
B16,Acute hepatitis B
B16.0,Acute hepatitis B with delta-agent (coinfection) with hepatic coma
B16.1,Acute hepatitis B with delta-agent (coinfection) without hepatic coma
B16.2,Acute hepatitis B without delta-agent with hepatic coma
B16.9,Acute hepatitis B without delta-agent and without hepatic coma
B17,Other acute viral hepatitis
B17.0,Acute delta-(super)infection in chronic hepatitis B
B17.1,Acute hepatitis C
B17.2,Acute hepatitis E
B17.8,Other specified acute viral hepatitis
B17.9,"Acute viral hepatitis, unspecified"
B18,Chronic viral hepatitis Modifiers The following fifth-character subdivisions are for use with categories B18.0-B18.1 and provided for optional use in a supplementary character position. Code Title 0 immune-tolerant phase 9 other and unspecified phase
B18.0,Chronic viral hepatitis B with delta-agent Modifier-Hint
B18.1,Chronic viral hepatitis B without delta-agent Modifier-Hint
B18.2,Chronic viral hepatitis C
B18.8,Other chronic viral hepatitis
B18.9,"Chronic viral hepatitis, unspecified"
B19,Unspecified viral hepatitis
B19.0,Unspecified viral hepatitis with hepatic coma
B19.9,Unspecified viral hepatitis without hepatic coma
B20-,ICD-10 Version
B20,Human immunodeficiency virus [HIV] disease resulting in infectious and parasitic diseases
B20.0,HIV disease resulting in mycobacterial infection
B20.1,HIV disease resulting in other bacterial infections
B20.2,HIV disease resulting in cytomegaloviral disease
B20.3,HIV disease resulting in other viral infections
B20.4,HIV disease resulting in candidiasis
B20.5,HIV disease resulting in other mycoses
B20.6,HIV disease resulting in Pneumocystis jirovecii pneumonia
B20.7,HIV disease resulting in multiple infections
B20.8,HIV disease resulting in other infectious and parasitic diseases
B20.9,HIV disease resulting in unspecified infectious or parasitic disease
B21,Human immunodeficiency virus [HIV] disease resulting in malignant neoplasms
B21.0,HIV disease resulting in Kaposi sarcoma
B21.1,HIV disease resulting in Burkitt lymphoma
B21.2,HIV disease resulting in other types of non-Hodgkin lymphoma
B21.3,"HIV disease resulting in other malignant neoplasms of lymphoid, haematopoietic and related tissue"
B21.7,HIV disease resulting in multiple malignant neoplasms
B21.8,HIV disease resulting in other malignant neoplasms
B21.9,HIV disease resulting in unspecified malignant neoplasm
B22,Human immunodeficiency virus [HIV] disease resulting in other specified diseases
B22.0,HIV disease resulting in encephalopathy
B22.1,HIV disease resulting in lymphoid interstitial pneumonitis
B22.2,HIV disease resulting in wasting syndrome
B22.7,HIV disease resulting in multiple diseases classified elsewhere
B23,Human immunodeficiency virus [HIV] disease resulting in other conditions
B23.0,Acute HIV infection syndrome
B23.1,HIV disease resulting in (persistent) generalized lymphadenopathy
B23.2,"HIV disease resulting in haematological and immunological abnormalities, not elsewhere classified"
B23.8,HIV disease resulting in other specified conditions
B24,Unspecified human immunodeficiency virus [HIV] disease
B25-,ICD-10 Version
B25,Cytomegaloviral disease
B25.8,Other cytomegaloviral diseases
B25.9,"Cytomegaloviral disease, unspecified"
B26,Mumps
B26.8,Mumps with other complications
B26.9,Mumps without complication
B27,Infectious mononucleosis
B27.0,Gammaherpesviral mononucleosis
B27.1,Cytomegaloviral mononucleosis
B27.8,Other infectious mononucleosis
B27.9,"Infectious mononucleosis, unspecified"
B30,Viral conjunctivitis
B30.2,Viral pharyngoconjunctivitis
B30.9,"Viral conjunctivitis, unspecified"
B33,"Other viral diseases, not elsewhere classified"
B33.0,Epidemic myalgia
B33.1,Ross River disease
B33.2,Viral carditis
B33.3,"Retrovirus infections, not elsewhere classified"
B33.8,Other specified viral diseases
B34,Viral infection of unspecified site
B34.0,"Adenovirus infection, unspecified site"
B34.1,"Enterovirus infection, unspecified site"
B34.2,"Coronavirus infection, unspecified site"
B34.3,"Parvovirus infection, unspecified site"
B34.4,"Papovavirus infection, unspecified site"
B34.8,Other viral infections of unspecified site
B34.9,"Viral infection, unspecified"
B35-,ICD-10 Version
B35,Dermatophytosis
B35.0,Tinea barbae and tinea capitis
B35.1,Tinea unguium
B35.2,Tinea manuum
B35.3,Tinea pedis
B35.4,Tinea corporis
B35.5,Tinea imbricata
B35.6,Tinea inguinalis [Tinea cruris]
B35.8,Other dermatophytoses
B35.9,"Dermatophytosis, unspecified"
B36,Other superficial mycoses
B36.0,Pityriasis versicolor
B36.1,Tinea nigra
B36.2,White piedra
B36.3,Black piedra
B36.8,Other specified superficial mycoses
B36.9,"Superficial mycosis, unspecified"
B37,Candidiasis
B37.0,Candidal stomatitis
B37.1,Pulmonary candidiasis
B37.2,Candidiasis of skin and nail
B37.4,Candidiasis of other urogenital sites
B37.7,Candidal sepsis
B37.8,Candidiasis of other sites
B37.9,"Candidiasis, unspecified"
B38,Coccidioidomycosis
B38.0,Acute pulmonary coccidioidomycosis
B38.1,Chronic pulmonary coccidioidomycosis
B38.2,"Pulmonary coccidioidomycosis, unspecified"
B38.3,Cutaneous coccidioidomycosis
B38.7,Disseminated coccidioidomycosis
B38.8,Other forms of coccidioidomycosis
B38.9,"Coccidioidomycosis, unspecified"
B39,Histoplasmosis
B39.0,Acute pulmonary histoplasmosis capsulati
B39.1,Chronic pulmonary histoplasmosis capsulati
B39.2,"Pulmonary histoplasmosis capsulati, unspecified"
B39.3,Disseminated histoplasmosis capsulati
B39.4,"Histoplasmosis capsulati, unspecified"
B39.5,Histoplasmosis duboisii
B39.9,"Histoplasmosis, unspecified"
B40,Blastomycosis
B40.0,Acute pulmonary blastomycosis
B40.1,Chronic pulmonary blastomycosis
B40.2,"Pulmonary blastomycosis, unspecified"
B40.3,Cutaneous blastomycosis
B40.7,Disseminated blastomycosis
B40.8,Other forms of blastomycosis
B40.9,"Blastomycosis, unspecified"
B41,Paracoccidioidomycosis
B41.0,Pulmonary paracoccidioidomycosis
B41.7,Disseminated paracoccidioidomycosis
B41.8,Other forms of paracoccidioidomycosis
B41.9,"Paracoccidioidomycosis, unspecified"
B42,Sporotrichosis
B42.1,Lymphocutaneous sporotrichosis
B42.7,Disseminated sporotrichosis
B42.8,Other forms of sporotrichosis
B42.9,"Sporotrichosis, unspecified"
B43,Chromomycosis and phaeomycotic abscess
B43.0,Cutaneous chromomycosis
B43.1,Phaeomycotic brain abscess
B43.2,Subcutaneous phaeomycotic abscess and cyst
B43.8,Other forms of chromomycosis
B43.9,"Chromomycosis, unspecified"
B44,Aspergillosis
B44.0,Invasive pulmonary aspergillosis
B44.1,Other pulmonary aspergillosis
B44.2,Tonsillar aspergillosis
B44.7,Disseminated aspergillosis
B44.8,Other forms of aspergillosis
B44.9,"Aspergillosis, unspecified"
B45,Cryptococcosis
B45.0,Pulmonary cryptococcosis
B45.1,Cerebral cryptococcosis
B45.2,Cutaneous cryptococcosis
B45.3,Osseous cryptococcosis
B45.7,Disseminated cryptococcosis
B45.8,Other forms of cryptococcosis
B45.9,"Cryptococcosis, unspecified"
B46,Zygomycosis
B46.0,Pulmonary mucormycosis
B46.1,Rhinocerebral mucormycosis
B46.2,Gastrointestinal mucormycosis
B46.3,Cutaneous mucormycosis
B46.4,Disseminated mucormycosis
B46.5,"Mucormycosis, unspecified"
B46.8,Other zygomycoses
B46.9,"Zygomycosis, unspecified"
B47,Mycetoma
B47.0,Eumycetoma
B47.1,Actinomycetoma
B47.9,"Mycetoma, unspecified"
B48,"Other mycoses, not elsewhere classified"
B48.0,Lobomycosis
B48.1,Rhinosporidiosis
B48.2,Allescheriasis
B48.3,Geotrichosis
B48.4,Penicillosis
J17.3,J17.2*
B48.7,Opportunistic mycoses Additional Text Mycoses caused by fungi of low virulence that can establish an infection only as a consequence of factors such as the presence of debilitating disease or the administration of immunosuppressive and other therapeutic agents or radiation therapy. Most of the causal fungi are normally saprophytic in soil and decaying vegetation.
B48.8,Other specified mycoses
B49,Unspecified mycosis
B50-,ICD-10 Version
B50,Plasmodium falciparum malaria
B50.0,Plasmodium falciparum malaria with cerebral complications
B50.8,Other severe and complicated Plasmodium falciparum malaria
B50.9,"Plasmodium falciparum malaria, unspecified"
B51,Plasmodium vivax malaria
B51.0,Plasmodium vivax malaria with rupture of spleen
B51.8,Plasmodium vivax malaria with other complications
B51.9,Plasmodium vivax malaria without complication
B52,Plasmodium malariae malaria
B52.0,Plasmodium malariae malaria with nephropathy
B52.8,Plasmodium malariae malaria with other complications
B52.9,Plasmodium malariae malaria without complication
B53,Other parasitologically confirmed malaria
B53.0,Plasmodium ovale malaria
B53.1,Malaria due to simian plasmodia
B53.8,"Other parasitologically confirmed malaria, not elsewhere classified"
B54,Unspecified malaria
B55,Leishmaniasis
B55.0,Visceral leishmaniasis
B55.1,Cutaneous leishmaniasis
B55.2,Mucocutaneous leishmaniasis
B55.9,"Leishmaniasis, unspecified"
B56,African trypanosomiasis
B56.0,Gambiense trypanosomiasis
B56.1,Rhodesiense trypanosomiasis
B56.9,"African trypanosomiasis, unspecified"
B57,Chagas disease
B57.1,Acute Chagas disease without heart involvement
B57.2,Chagas disease (chronic) with heart involvement
B57.3,Chagas disease (chronic) with digestive system involvement
B57.4,Chagas disease (chronic) with nervous system involvement
B57.5,Chagas disease (chronic) with other organ involvement
B58,Toxoplasmosis
B58.8,Toxoplasmosis with other organ involvement
B58.9,"Toxoplasmosis, unspecified"
B60,"Other protozoal diseases, not elsewhere classified"
B60.0,Babesiosis
B60.1,Acanthamoebiasis
B60.2,Naegleriasis
B60.8,Other specified protozoal diseases
B64,Unspecified protozoal disease
B65-,ICD-10 Version
B65,Schistosomiasis [bilharziasis]
B65.0,Schistosomiasis due to Schistosoma haematobium [urinary schistosomiasis]
B65.1,Schistosomiasis due to Schistosoma mansoni [intestinal schistosomiasis]
B65.2,Schistosomiasis due to Schistosoma japonicum
B65.3,Cercarial dermatitis
B65.8,Other schistosomiases
B65.9,"Schistosomiasis, unspecified"
B66,Other fluke infections
B66.0,Opisthorchiasis
B66.1,Clonorchiasis
B66.2,Dicrocoeliasis
B66.3,Fascioliasis
B66.4,Paragonimiasis
B66.5,Fasciolopsiasis
B66.8,Other specified fluke infections
B66.9,"Fluke infection, unspecified"
B67,Echinococcosis
B67.0,Echinococcus granulosus infection of liver
B67.1,Echinococcus granulosus infection of lung
B67.2,Echinococcus granulosus infection of bone
B67.3,"Echinococcus granulosus infection, other and multiple sites"
B67.4,"Echinococcus granulosus infection, unspecified"
B67.5,Echinococcus multilocularis infection of liver
B67.6,"Echinococcus multilocularis infection, other and multiple sites"
B67.7,"Echinococcus multilocularis infection, unspecified"
B67.8,"Echinococcosis, unspecified, of liver"
B67.9,"Echinococcosis, other and unspecified"
B68,Taeniasis
B68.0,Taenia solium taeniasis
B68.1,Taenia saginata taeniasis
B68.9,"Taeniasis, unspecified"
B69,Cysticercosis
B69.0,Cysticercosis of central nervous system
B69.1,Cysticercosis of eye
B69.8,Cysticercosis of other sites
B69.9,"Cysticercosis, unspecified"
B70,Diphyllobothriasis and sparganosis
B70.0,Diphyllobothriasis
B70.1,Sparganosis
B71,Other cestode infections
B71.0,Hymenolepiasis
B71.1,Dipylidiasis
B71.8,Other specified cestode infections
B71.9,"Cestode infection, unspecified"
B72,Dracunculiasis
B73,Onchocerciasis
B74,Filariasis
B74.0,Filariasis due to Wuchereria bancrofti
B74.1,Filariasis due to Brugia malayi
B74.2,Filariasis due to Brugia timori
B74.3,Loiasis
B74.4,Mansonelliasis
B74.8,Other filariases
B74.9,"Filariasis, unspecified"
B75,Trichinellosis
B76,Hookworm diseases
B76.0,Ancylostomiasis
B76.1,Necatoriasis
B76.8,Other hookworm diseases
B76.9,"Hookworm disease, unspecified"
B77,Ascariasis
B77.0,Ascariasis with intestinal complications
B77.8,Ascariasis with other complications
B77.9,"Ascariasis, unspecified"
B78,Strongyloidiasis
B78.0,Intestinal strongyloidiasis
B78.1,Cutaneous strongyloidiasis
B78.7,Disseminated strongyloidiasis
B78.9,"Strongyloidiasis, unspecified"
B79,Trichuriasis
B80,Enterobiasis
B81,"Other intestinal helminthiases, not elsewhere classified"
B81.0,Anisakiasis
B81.1,Intestinal capillariasis
B81.2,Trichostrongyliasis
B81.3,Intestinal angiostrongyliasis
B81.4,Mixed intestinal helminthiases
B81.8,Other specified intestinal helminthiases
B82,Unspecified intestinal parasitism
B82.0,"Intestinal helminthiasis, unspecified"
B82.9,"Intestinal parasitism, unspecified"
B83,Other helminthiases
B83.0,Visceral larva migrans
B83.1,Gnathostomiasis
B83.2,Angiostrongyliasis due to Parastrongylus cantonensis
B83.3,Syngamiasis
B83.4,Internal hirudiniasis
B83.8,Other specified helminthiases
B83.9,"Helminthiasis, unspecified"
B85-,ICD-10 Version
B85,Pediculosis and phthiriasis
B85.0,Pediculosis due to Pediculus humanus capitis
B85.1,Pediculosis due to Pediculus humanus corporis
B85.2,"Pediculosis, unspecified"
B85.3,Phthiriasis
B85.4,Mixed pediculosis and phthiriasis
B86,Scabies
B87,Myiasis
B87.0,Cutaneous myiasis
B87.1,Wound myiasis
B87.2,Ocular myiasis
B87.3,Nasopharyngeal myiasis
B87.4,Aural myiasis
B87.8,Myiasis of other sites
B87.9,"Myiasis, unspecified"
B88,Other infestations
B88.0,Other acariasis
B88.1,Tungiasis [sandflea infestation]
B88.2,Other arthropod infestations
B88.3,External hirudiniasis
B88.8,Other specified infestations
B88.9,"Infestation, unspecified"
B89,Unspecified parasitic disease
B90-,ICD-10 Version
B90,Sequelae of tuberculosis
B90.0,Sequelae of central nervous system tuberculosis
B90.1,Sequelae of genitourinary tuberculosis
B90.2,Sequelae of tuberculosis of bones and joints
B90.8,Sequelae of tuberculosis of other organs
B90.9,Sequelae of respiratory and unspecified tuberculosis
B91,Sequelae of poliomyelitis
B92,Sequelae of leprosy
B94,Sequelae of other and unspecified infectious and parasitic diseases
B94.0,Sequelae of trachoma
B94.1,Sequelae of viral encephalitis
B94.2,Sequelae of viral hepatitis
B94.8,Sequelae of other specified infectious and parasitic diseases
B94.9,Sequelae of unspecified infectious or parasitic disease
B95-,ICD-10 Version
B95,Streptococcus and staphylococcus as the cause of diseases classified to other chapters
B95.0,"Streptococcus, group A, as the cause of diseases classified to other chapters"
B95.1,"Streptococcus, group B, as the cause of diseases classified to other chapters"
B95.2,Streptococcus group D and enterococcus as the cause of diseases classified to other chapters
B95.3,Streptococcus pneumoniae as the cause of diseases classified to other chapters
B95.4,Other streptococcus as the cause of diseases classified to other chapters
B95.5,Unspecified streptococcus as the cause of diseases classified to other chapters
B95.6,Staphylococcus aureus as the cause of diseases classified to other chapters
B95.7,Other staphylococcus as the cause of diseases classified to other chapters
B95.8,Unspecified staphylococcus as the cause of diseases classified to other chapters
B96,Other specified bacterial agents as the cause of diseases classified to other chapters
B96.0,Mycoplasma pneumoniae [M. pneumoniae] as the cause of diseases classified to other chapters
B96.1,Klebsiella pneumoniae [K. pneumoniae] as the cause of diseases classified to other chapters
B96.2,Escherichia coli [E. coli] as the cause of diseases classified to other chapters
B96.3,Haemophilus influenzae [H. influenzae] as the cause of diseases classified to other chapters
B96.4,Proteus (mirabilis)(morganii) as the cause of diseases classified to other chapters
B96.5,Pseudomonas (aeruginosa) as the cause of diseases classified to other chapters
B96.6,Bacillus fragilis [B. fragilis] as the cause of diseases classified to other chapters
B96.7,Clostridium perfringens [C. perfringens] as the cause of diseases classified to other chapters
B96.8,Other specified bacterial agents as the cause of diseases classified to other chapters
B97,Viral agents as the cause of diseases classified to other chapters
B97.0,Adenovirus as the cause of diseases classified to other chapters
B97.1,Enterovirus as the cause of diseases classified to other chapters
B97.2,Coronavirus as the cause of diseases classified to other chapters
B97.3,Retrovirus as the cause of diseases classified to other chapters
B97.4,Respiratory syncytial virus as the cause of diseases classified to other chapters
B97.5,Reovirus as the cause of diseases classified to other chapters
B97.6,Parvovirus as the cause of diseases classified to other chapters
B97.7,Papillomavirus as the cause of diseases classified to other chapters
B97.8,Other viral agents as the cause of diseases classified to other chapters
B98,Other specified infectious agents as the cause of diseases classified to other chapters
B98.0,Helicobacter pylori [H.pylori] as the cause of diseases classified to other chapters
B98.1,Vibrio vulnificus as the cause of diseases classified to other chapters
B99-,ICD-10 Version
B99,Other and unspecified infectious diseases
D50-,ICD-10 Version
D50,Iron deficiency anaemia
D50.0,Iron deficiency anaemia secondary to blood loss (chronic)
D50.1,Sideropenic dysphagia
D50.8,Other iron deficiency anaemias
D50.9,"Iron deficiency anaemia, unspecified"
D51,Vitamin B12 deficiency anaemia
D51.0,Vitamin B12 deficiency anaemia due to intrinsic factor deficiency
D51.1,Vitamin B12 deficiency anaemia due to selective vitamin B12 malabsorption with proteinuria
D51.2,Transcobalamin II deficiency
D51.3,Other dietary vitamin B12 deficiency anaemia
D51.8,Other vitamin B12 deficiency anaemias
D51.9,"Vitamin B12 deficiency anaemia, unspecified"
D52,Folate deficiency anaemia
D52.0,Dietary folate deficiency anaemia
D52.1,"Drug-induced folate deficiency anaemia Coding-Hint Use additional external cause code (Chapter XX), if desired, to identify drug."
D52.8,Other folate deficiency anaemias
D52.9,"Folate deficiency anaemia, unspecified"
D53,Other nutritional anaemias
D53.0,Protein deficiency anaemia
D53.1,"Other megaloblastic anaemias, not elsewhere classified"
D53.2,Scorbutic anaemia
D53.8,Other specified nutritional anaemias
D53.9,"Nutritional anaemia, unspecified"
D55-,ICD-10 Version
D55,Anaemia due to enzyme disorders
D55.0,Anaemia due to glucose-6-phosphate dehydrogenase [G6PD] deficiency
D55.1,Anaemia due to other disorders of glutathione metabolism
D55.2,Anaemia due to disorders of glycolytic enzymes
D55.3,Anaemia due to disorders of nucleotide metabolism
D55.8,Other anaemias due to enzyme disorders
D55.9,"Anaemia due to enzyme disorder, unspecified"
D56,Thalassaemia
D56.0,Alpha thalassaemia
D56.1,Beta thalassaemia
D56.2,Delta-beta thalassaemia
D56.3,Thalassaemia trait
D56.4,Hereditary persistence of fetal haemoglobin [HPFH]
D56.8,Other thalassaemias
D56.9,"Thalassaemia, unspecified"
D57,Sickle-cell disorders
D57.0,Sickle-cell anaemia with crisis
D57.1,Sickle-cell anaemia without crisis
D57.2,Double heterozygous sickling disorders
D57.3,Sickle-cell trait
D57.8,Other sickle-cell disorders
D58,Other hereditary haemolytic anaemias
D58.0,Hereditary spherocytosis
D58.1,Hereditary elliptocytosis
D58.2,Other haemoglobinopathies
D58.8,Other specified hereditary haemolytic anaemias
D58.9,"Hereditary haemolytic anaemia, unspecified"
D59,Acquired haemolytic anaemia
D59.0,"Drug-induced autoimmune haemolytic anaemia Coding-Hint Use additional external cause code (Chapter XX), if desired, to identify drug."
D59.1,Other autoimmune haemolytic anaemias
D59.2,Drug-induced nonautoimmune haemolytic anaemia
D59.3,Haemolytic-uraemic syndrome
D59.4,Other nonautoimmune haemolytic anaemias
D59.5,Paroxysmal nocturnal haemoglobinuria [Marchiafava-Micheli]
D59.6,Haemoglobinuria due to haemolysis from other external causes
D59.8,Other acquired haemolytic anaemias
D59.9,"Acquired haemolytic anaemia, unspecified"
D60-,ICD-10 Version
D60,Acquired pure red cell aplasia [erythroblastopenia]
D60.0,Chronic acquired pure red cell aplasia
D60.1,Transient acquired pure red cell aplasia
D60.8,Other acquired pure red cell aplasias
D60.9,"Acquired pure red cell aplasia, unspecified"
D61,Other aplastic anaemias
D61.0,Constitutional aplastic anaemia
D61.1,"Drug-induced aplastic anaemia Coding-Hint Use additional external cause code (Chapter XX), if desired, to identify drug."
D61.2,"Aplastic anaemia due to other external agents Coding-Hint Use additional external cause code (Chapter XX), if desired, to identify cause."
D61.3,Idiopathic aplastic anaemia
D61.8,Other specified aplastic anaemias
D61.9,"Aplastic anaemia, unspecified"
D62,Acute posthaemorrhagic anaemia
N18.3,– N18.9†
D64,Other anaemias
D64.0,Hereditary sideroblastic anaemia
D64.1,"Secondary sideroblastic anaemia due to disease Coding-Hint Use additional code, if desired, to identify disease."
D64.2,"Secondary sideroblastic anaemia due to drugs and toxins Coding-Hint Use additional external cause code (Chapter XX), if desired, to identify cause."
D64.3,Other sideroblastic anaemias
D64.4,Congenital dyserythropoietic anaemia
D64.8,Other specified anaemias
D64.9,"Anaemia, unspecified"
D65-,ICD-10 Version
D65,Disseminated intravascular coagulation [defibrination syndrome]
D66,Hereditary factor VIII deficiency
D67,Hereditary factor IX deficiency
D68,Other coagulation defects
D68.0,Von Willebrand disease
D68.1,Hereditary factor XI deficiency
D68.2,Hereditary deficiency of other clotting factors
D68.3,Haemorrhagic disorder due to circulating anticoagulants
D68.4,Acquired coagulation factor deficiency
D68.5,Primary thrombophilia
D68.6,Other thrombophilia
D68.8,Other specified coagulation defects
D68.9,"Coagulation defect, unspecified"
D69,Purpura and other haemorrhagic conditions
D69.0,Allergic purpura
D69.1,Qualitative platelet defects
D69.2,Other nonthrombocytopenic purpura
D69.3,Idiopathic thrombocytopenic purpura
D69.4,Other primary thrombocytopenia
D69.5,"Secondary thrombocytopenia Coding-Hint Use additional external cause code (Chapter XX), if desired, to identify cause."
D69.6,"Thrombocytopenia, unspecified"
D69.8,Other specified haemorrhagic conditions
D69.9,"Haemorrhagic condition, unspecified"
D70-,ICD-10 Version
D70,Agranulocytosis
D71,Functional disorders of polymorphonuclear neutrophils
D72,Other disorders of white blood cells
D72.0,Genetic anomalies of leukocytes
D72.1,Eosinophilia
D72.8,Other specified disorders of white blood cells
D72.9,"Disorder of white blood cells, unspecified"
D73,Diseases of spleen
D73.0,Hyposplenism
D73.1,Hypersplenism
D73.2,Chronic congestive splenomegaly
D73.3,Abscess of spleen
D73.4,Cyst of spleen
D73.5,Infarction of spleen
D73.8,Other diseases of spleen
D73.9,"Disease of spleen, unspecified"
D74,Methaemoglobinaemia
D74.0,Congenital methaemoglobinaemia
D74.8,Other methaemoglobinaemias
D74.9,"Methaemoglobinaemia, unspecified"
D75,Other diseases of blood and blood-forming organs
D75.0,Familial erythrocytosis
D75.1,Secondary polycythaemia
D75.8,Other specified diseases of blood and blood-forming organs
D75.9,"Disease of blood and blood-forming organs, unspecified"
D76,Other specified diseases with participation of lymphoreticular and reticulohistiocytic tissue
D76.1,Haemophagocytic lymphohistiocytosis
D76.2,"Haemophagocytic syndrome, infection-associated Coding-Hint Use additional code, if desired, to identify infectious agent or disease."
D76.3,Other histiocytosis syndromes
D80-,ICD-10 Version
D80,Immunodeficiency with predominantly antibody defects
D80.0,Hereditary hypogammaglobulinaemia
D80.1,Nonfamilial hypogammaglobulinaemia
D80.2,Selective deficiency of immunoglobulin A [IgA]
D80.3,Selective deficiency of immunoglobulin G [IgG] subclasses
D80.4,Selective deficiency of immunoglobulin M [IgM]
D80.5,Immunodeficiency with increased immunoglobulin M [IgM]
D80.6,Antibody deficiency with near-normal immunoglobulins or with hyperimmunoglobulinaemia
D80.7,Transient hypogammaglobulinaemia of infancy
D80.8,Other immunodeficiencies with predominantly antibody defects
D80.9,"Immunodeficiency with predominantly antibody defects, unspecified"
D81,Combined immunodeficiencies
D81.0,Severe combined immunodeficiency [SCID] with reticular dysgenesis
D81.1,Severe combined immunodeficiency [SCID] with low T- and B-cell numbers
D81.2,Severe combined immunodeficiency [SCID] with low or normal B-cell numbers
D81.3,Adenosine deaminase [ADA] deficiency
D81.4,Nezelof syndrome
D81.5,Purine nucleoside phosphorylase [PNP] deficiency
D81.6,Major histocompatibility complex class I deficiency
D81.7,Major histocompatibility complex class II deficiency
D81.8,Other combined immunodeficiencies
D81.9,"Combined immunodeficiency, unspecified"
D82,Immunodeficiency associated with other major defects
D82.0,Wiskott-Aldrich syndrome
D82.1,Di George syndrome
D82.2,Immunodeficiency with short-limbed stature
D82.3,Immunodeficiency following hereditary defective response to Epstein-Barr virus
D82.4,Hyperimmunoglobulin E [IgE] syndrome
D82.8,Immunodeficiency associated with other specified major defects
D82.9,"Immunodeficiency associated with major defect, unspecified"
D83,Common variable immunodeficiency
D83.0,Common variable immunodeficiency with predominant abnormalities of B-cell numbers and function
D83.1,Common variable immunodeficiency with predominant immunoregulatory T-cell disorders
D83.2,Common variable immunodeficiency with autoantibodies to B- or T-cells
D83.8,Other common variable immunodeficiencies
D83.9,"Common variable immunodeficiency, unspecified"
D84,Other immunodeficiencies
D84.0,Lymphocyte function antigen-1 [LFA-1] defect
D84.1,Defects in the complement system
D84.8,Other specified immunodeficiencies
D84.9,"Immunodeficiency, unspecified"
D86,Sarcoidosis
D86.0,Sarcoidosis of lung
D86.1,Sarcoidosis of lymph nodes
D86.2,Sarcoidosis of lung with sarcoidosis of lymph nodes
D86.3,Sarcoidosis of skin
D86.8,Sarcoidosis of other and combined sites
D86.9,"Sarcoidosis, unspecified"
D89,"Other disorders involving the immune mechanism, not elsewhere classified"
D89.0,Polyclonal hypergammaglobulinaemia
D89.1,Cryoglobulinaemia
D89.2,"Hypergammaglobulinaemia, unspecified"
D89.3,Immune reconstitution syndrome
D89.8,"Other specified disorders involving the immune mechanism, not elsewhere classified"
D89.9,"Disorder involving the immune mechanism, unspecified"
F00-,ICD-10 Version
F01,"Vascular dementia Definition Vascular dementia is the result of infarction of the brain due to vascular disease, including hypertensive cerebrovascular disease. The infarcts are usually small but cumulative in their effect. Onset is usually in later life."
F01.0,"Vascular dementia of acute onset Definition Usually develops rapidly after a succession of strokes from cerebrovascular thrombosis, embolism or haemorrhage. In rare cases, a single large infarction may be the cause."
F01.1,"Multi-infarct dementia Definition Gradual in onset, following a number of transient ischaemic episodes which produce an accumulation of infarcts in the cerebral parenchyma."
F01.2,Subcortical vascular dementia Definition Includes cases with a history of hypertension and foci of ischaemic destruction in the deep white matter of the cerebral hemispheres. The cerebral cortex is usually preserved and this contrasts with the clinical picture which may closely resemble that of dementia in Alzheimer disease.
F01.3,Mixed cortical and subcortical vascular dementia
F01.8,Other vascular dementia
F01.9,"Vascular dementia, unspecified"
F03,Unspecified dementia
F04,"Organic amnesic syndrome, not induced by alcohol and other psychoactive substances Definition A syndrome of prominent impairment of recent and remote memory while immediate recall is preserved, with reduced ability to learn new material and disorientation in time. Confabulation may be a marked feature, but perception and other cognitive functions, including the intellect, are usually intact. The prognosis depends on the course of the underlying lesion."
F11,F19 with common fourth character .6
F05,"Delirium, not induced by alcohol and other psychoactive substances Definition An etiologically nonspecific organic cerebral syndrome characterized by concurrent disturbances of consciousness and attention, perception, thinking, memory, psychomotor behaviour, emotion, and the sleep-wake schedule. The duration is variable and the degree of severity ranges from mild to very severe."
F05.0,"Delirium not superimposed on dementia, so described"
F05.1,"Delirium superimposed on dementia Coding-Hint Use additional code, if desired, to identify the type of dementia."
F05.8,Other delirium
F05.9,"Delirium, unspecified"
F06,"Other mental disorders due to brain damage and dysfunction and to physical disease Definition Includes miscellaneous conditions causally related to brain disorder due to primary cerebral disease, to systemic disease affecting the brain secondarily, to exogenous toxic substances or hormones, to endocrine disorders, or to other somatic illnesses."
F06.0,"Organic hallucinosis Definition A disorder of persistent or recurrent hallucinations, usually visual or auditory, that occur in clear consciousness and may or may not be recognized by the subject as such. Delusional elaboration of the hallucinations may occur, but delusions do not dominate the clinical picture; insight may be preserved."
F06.1,Organic catatonic disorder Definition A disorder of diminished (stupor) or increased (excitement) psychomotor activity associated with catatonic symptoms. The extremes of psychomotor disturbance may alternate.
F06.2,"Organic delusional [schizophrenia-like] disorder Definition A disorder in which persistent or recurrent delusions dominate the clinical picture. The delusions may be accompanied by hallucinations. Some features suggestive of schizophrenia, such as bizarre hallucinations or thought disorder, may be present."
F06.3,"Organic mood [affective] disorders Definition Disorders characterized by a change in mood or affect, usually accompanied by a change in the overall level of activity, depressive, hypomanic, manic or bipolar (see F30-F38), but arising as a consequence of an organic disorder."
F06.4,"Organic anxiety disorder Definition A disorder characterized by the essential descriptive features of a generalized anxiety disorder (F41.1), a panic disorder (F41.0), or a combination of both, but arising as a consequence of an organic disorder."
F06.5,"Organic dissociative disorder Definition A disorder characterized by a partial or complete loss of the normal integration between memories of the past, awareness of identity and immediate sensations, and control of bodily movements (see F44.-), but arising as a consequence of an organic disorder."
F06.6,"Organic emotionally labile [asthenic] disorder Definition A disorder characterized by emotional incontinence or lability, fatigability, and a variety of unpleasant physical sensations (e.g. dizziness) and pains, but arising as a consequence of an organic disorder."
F06.7,"Mild cognitive disorder Definition A disorder characterized by impairment of memory, learning difficulties, and reduced ability to concentrate on a task for more than brief periods. There is often a marked feeling of mental fatigue when mental tasks are attempted, and new learning is found to be subjectively difficult even when objectively successful. None of these symptoms is so severe that a diagnosis of either dementia (F00-F03) or delirium (F05.-) can be made. This diagnosis should be made only in association with a specified physical disorder, and should not be made in the presence of any of the mental or behavioural disorders classified to F10-F99. The disorder may precede, accompany, or follow a wide variety of infections and physical disorders, both cerebral and systemic, but direct evidence of cerebral involvement is not necessarily present. It can be differentiated from postencephalitic syndrome (F07.1) and postconcussional syndrome (F07.2) by its different etiology, more restricted range of generally milder symptoms, and usually shorter duration."
F06.8,Other specified mental disorders due to brain damage and dysfunction and to physical disease
F06.9,Unspecified mental disorder due to brain damage and dysfunction and to physical disease
F07,"Personality and behavioural disorders due to brain disease, damage and dysfunction Definition Alteration of personality and behaviour can be a residual or concomitant disorder of brain disease, damage or dysfunction."
F07.0,"Organic personality disorder Definition A disorder characterized by a significant alteration of the habitual patterns of behaviour displayed by the subject premorbidly, involving the expression of emotions, needs and impulses. Impairment of cognitive and thought functions, and altered sexuality may also be part of the clinical picture."
F07.1,Postencephalitic syndrome Definition Residual nonspecific and variable behavioural change following recovery from either viral or bacterial encephalitis. The principal difference between this disorder and the organic personality disorders is that it is reversible.
F07.2,"Postconcussional syndrome Definition A syndrome that occurs following head trauma (usually sufficiently severe to result in loss of consciousness) and includes a number of disparate symptoms such as headache, dizziness, fatigue, irritability, difficulty in concentration and performing mental tasks, impairment of memory, insomnia, and reduced tolerance to stress, emotional excitement, or alcohol."
F07.8,"Other organic personality and behavioural disorders due to brain disease, damage and dysfunction"
F07.9,"Unspecified organic personality and behavioural disorder due to brain disease, damage and dysfunction"
F09,Unspecified organic or symptomatic mental disorder
F10-,ICD-10 Version
F10,Mental and behavioural disorders due to use of alcohol Modifier-Hint [See before F10 for subdivisions]
F11,Mental and behavioural disorders due to use of opioids Modifier-Hint [See before F10 for subdivisions]
F12,Mental and behavioural disorders due to use of cannabinoids Modifier-Hint [See before F10 for subdivisions]
F13,Mental and behavioural disorders due to use of sedatives or hypnotics Modifier-Hint [See before F10 for subdivisions]
F14,Mental and behavioural disorders due to use of cocaine Modifier-Hint [See before F10 for subdivisions]
F15,"Mental and behavioural disorders due to use of other stimulants, including caffeine Modifier-Hint [See before F10 for subdivisions]"
F16,Mental and behavioural disorders due to use of hallucinogens Modifier-Hint [See before F10 for subdivisions]
F17,Mental and behavioural disorders due to use of tobacco Modifier-Hint [See before F10 for subdivisions]
F18,Mental and behavioural disorders due to use of volatile solvents Modifier-Hint [See before F10 for subdivisions]
F19,"Mental and behavioural disorders due to multiple drug use and use of other psychoactive substances Modifier-Hint [See before F10 for subdivisions] Definition This category should be used when two or more psychoactive substances are known to be involved, but it is impossible to assess which substance is contributing most to the disorders. It should also be used when the exact identity of some or even all the psychoactive substances being used is uncertain or unknown, since many multiple drug users themselves often do not know the details of what they are taking."
F20-,ICD-10 Version
F20,"Schizophrenia Definition The schizophrenic disorders are characterized in general by fundamental and characteristic distortions of thinking and perception, and affects that are inappropriate or blunted. Clear consciousness and intellectual capacity are usually maintained although certain cognitive deficits may evolve in the course of time. The most important psychopathological phenomena include thought echo; thought insertion or withdrawal; thought broadcasting; delusional perception and delusions of control; influence or passivity; hallucinatory voices commenting or discussing the patient in the third person; thought disorders and negative symptoms. The course of schizophrenic disorders can be either continuous, or episodic with progressive or stable deficit, or there can be one or more episodes with complete or incomplete remission. The diagnosis of schizophrenia should not be made in the presence of extensive depressive or manic symptoms unless it is clear that schizophrenic symptoms antedate the affective disturbance. Nor should schizophrenia be diagnosed in the presence of overt brain disease or during states of drug intoxication or withdrawal. Similar disorders developing in the presence of epilepsy or other brain disease should be classified under F06.2, and those induced by psychoactive substances under F10-F19 with common fourth character .5."
F20.0,"Paranoid schizophrenia Definition Paranoid schizophrenia is dominated by relatively stable, often paranoid delusions, usually accompanied by hallucinations, particularly of the auditory variety, and perceptual disturbances. Disturbances of affect, volition and speech, and catatonic symptoms, are either absent or relatively inconspicuous."
F20.1,"Hebephrenic schizophrenia Definition A form of schizophrenia in which affective changes are prominent, delusions and hallucinations fleeting and fragmentary, behaviour irresponsible and unpredictable, and mannerisms common. The mood is shallow and inappropriate, thought is disorganized, and speech is incoherent. There is a tendency to social isolation. Usually the prognosis is poor because of the rapid development of ""negative"" symptoms, particularly flattening of affect and loss of volition. Hebephrenia should normally be diagnosed only in adolescents or young adults."
F20.2,"Catatonic schizophrenia Definition Catatonic schizophrenia is dominated by prominent psychomotor disturbances that may alternate between extremes such as hyperkinesis and stupor, or automatic obedience and negativism. Constrained attitudes and postures may be maintained for long periods. Episodes of violent excitement may be a striking feature of the condition. The catatonic phenomena may be combined with a dream-like (oneiroid) state with vivid scenic hallucinations."
F20.3,"Undifferentiated schizophrenia Definition Psychotic conditions meeting the general diagnostic criteria for schizophrenia but not conforming to any of the subtypes in F20.0-F20.2, or exhibiting the features of more than one of them without a clear predominance of a particular set of diagnostic characteristics."
F20.4,"Post-schizophrenic depression Definition A depressive episode, which may be prolonged, arising in the aftermath of a schizophrenic illness. Some schizophrenic symptoms, either ""positive"" or ""negative"", must still be present but they no longer dominate the clinical picture. These depressive states are associated with an increased risk of suicide. If the patient no longer has any schizophrenic symptoms, a depressive episode should be diagnosed (F32.-). If schizophrenic symptoms are still florid and prominent, the diagnosis should remain that of the appropriate schizophrenic subtype (F20.0-F20.3)."
F20.5,"Residual schizophrenia Definition A chronic stage in the development of a schizophrenic illness in which there has been a clear progression from an early stage to a later stage characterized by long- term, though not necessarily irreversible, ""negative"" symptoms, e.g. psychomotor slowing; underactivity; blunting of affect; passivity and lack of initiative; poverty of quantity or content of speech; poor nonverbal communication by facial expression, eye contact, voice modulation and posture; poor self-care and social performance."
F20.6,"Simple schizophrenia Definition A disorder in which there is an insidious but progressive development of oddities of conduct, inability to meet the demands of society, and decline in total performance. The characteristic negative features of residual schizophrenia (e.g. blunting of affect and loss of volition) develop without being preceded by any overt psychotic symptoms."
F20.8,Other schizophrenia
F20.9,"Schizophrenia, unspecified"
F21,"Schizotypal disorder Definition A disorder characterized by eccentric behaviour and anomalies of thinking and affect which resemble those seen in schizophrenia, though no definite and characteristic schizophrenic anomalies occur at any stage. The symptoms may include a cold or inappropriate affect; anhedonia; odd or eccentric behaviour; a tendency to social withdrawal; paranoid or bizarre ideas not amounting to true delusions; obsessive ruminations; thought disorder and perceptual disturbances; occasional transient quasi-psychotic episodes with intense illusions, auditory or other hallucinations, and delusion-like ideas, usually occurring without external provocation. There is no definite onset and evolution and course are usually those of a personality disorder."
F22,"Persistent delusional disorders Definition Includes a variety of disorders in which long-standing delusions constitute the only, or the most conspicuous, clinical characteristic and which cannot be classified as organic, schizophrenic or affective. Delusional disorders that have lasted for less than a few months should be classified, at least temporarily, under F23.-."
F22.0,"Delusional disorder Definition A disorder characterized by the development either of a single delusion or of a set of related delusions that are usually persistent and sometimes lifelong. The content of the delusion or delusions is very variable. Clear and persistent auditory hallucinations (voices), schizophrenic symptoms such as delusions of control and marked blunting of affect, and definite evidence of brain disease are all incompatible with this diagnosis. However, the presence of occasional or transitory auditory hallucinations, particularly in elderly patients, does not rule out this diagnosis, provided that they are not typically schizophrenic and form only a small part of the overall clinical picture."
F22.8,Other persistent delusional disorders Definition Disorders in which the delusion or delusions are accompanied by persistent hallucinatory voices or by schizophrenic symptoms that do not justify a diagnosis of schizophrenia (F20.-).
F22.9,"Persistent delusional disorder, unspecified"
F23,"Acute and transient psychotic disorders Definition A heterogeneous group of disorders characterized by the acute onset of psychotic symptoms such as delusions, hallucinations, and perceptual disturbances, and by the severe disruption of ordinary behaviour. Acute onset is defined as a crescendo development of a clearly abnormal clinical picture in about two weeks or less. For these disorders there is no evidence of organic causation. Perplexity and puzzlement are often present but disorientation for time, place and person is not persistent or severe enough to justify a diagnosis of organically caused delirium (F05.-). Complete recovery usually occurs within a few months, often within a few weeks or even days. If the disorder persists, a change in classification will be necessary. The disorder may or may not be associated with acute stress, defined as usually stressful events preceding the onset by one to two weeks."
F23.0,"Acute polymorphic psychotic disorder without symptoms of schizophrenia Definition An acute psychotic disorder in which hallucinations, delusions or perceptual disturbances are obvious but markedly variable, changing from day to day or even from hour to hour. Emotional turmoil with intense transient feelings of happiness or ecstasy, or anxiety and irritability, is also frequently present. The polymorphism and instability are characteristic for the overall clinical picture and the psychotic features do not justify a diagnosis of schizophrenia (F20.-). These disorders often have an abrupt onset, developing rapidly within a few days, and they frequently show a rapid resolution of symptoms with no recurrence. If the symptoms persist the diagnosis should be changed to persistent delusional disorder (F22.-)."
F23.1,"Acute polymorphic psychotic disorder with symptoms of schizophrenia Definition An acute psychotic disorder in which the polymorphic and unstable clinical picture is present, as described in F23.0; despite this instability, however, some symptoms typical of schizophrenia are also in evidence for the majority of the time. If the schizophrenic symptoms persist the diagnosis should be changed to schizophrenia (F20.-)."
F23.2,"Acute schizophrenia-like psychotic disorder Definition An acute psychotic disorder in which the psychotic symptoms are comparatively stable and justify a diagnosis of schizophrenia, but have lasted for less than about one month; the polymorphic unstable features, as described in F23.0, are absent. If the schizophrenic symptoms persist the diagnosis should be changed to schizophrenia (F20.-)."
F23.3,"Other acute predominantly delusional psychotic disorders Definition Acute psychotic disorders in which comparatively stable delusions or hallucinations are the main clinical features, but do not justify a diagnosis of schizophrenia (F20.-). If the delusions persist the diagnosis should be changed to persistent delusional disorder (F22.-)."
F23.8,Other acute and transient psychotic disorders Definition Any other specified acute psychotic disorders for which there is no evidence of organic causation and which do not justify classification to F23.0-F23.3.
F23.9,"Acute and transient psychotic disorder, unspecified"
F24,Induced delusional disorder Definition A delusional disorder shared by two or more people with close emotional links. Only one of the people suffers from a genuine psychotic disorder; the delusions are induced in the other(s) and usually disappear when the people are separated.
F25,"Schizoaffective disorders Definition Episodic disorders in which both affective and schizophrenic symptoms are prominent but which do not justify a diagnosis of either schizophrenia or depressive or manic episodes. Other conditions in which affective symptoms are superimposed on a pre-existing schizophrenic illness, or co-exist or alternate with persistent delusional disorders of other kinds, are classified under F20-F29. Mood-incongruent psychotic symptoms in affective disorders do not justify a diagnosis of schizoaffective disorder."
F25.0,"Schizoaffective disorder, manic type Definition A disorder in which both schizophrenic and manic symptoms are prominent so that the episode of illness does not justify a diagnosis of either schizophrenia or a manic episode. This category should be used for both a single episode and a recurrent disorder in which the majority of episodes are schizoaffective, manic type."
F25.1,"Schizoaffective disorder, depressive type Definition A disorder in which both schizophrenic and depressive symptoms are prominent so that the episode of illness does not justify a diagnosis of either schizophrenia or a depressive episode. This category should be used for both a single episode and a recurrent disorder in which the majority of episodes are schizoaffective, depressive type."
F25.2,"Schizoaffective disorder, mixed type"
F25.8,Other schizoaffective disorders
F25.9,"Schizoaffective disorder, unspecified"
F28,"Other nonorganic psychotic disorders Definition Delusional or hallucinatory disorders that do not justify a diagnosis of schizophrenia (F20.-), persistent delusional disorders (F22.-), acute and transient psychotic disorders (F23.-), psychotic types of manic episode (F30.2), or severe depressive episode (F32.3)."
F29,Unspecified nonorganic psychosis
F30-,ICD-10 Version
F30,"Manic episode Definition All the subdivisions of this category should be used only for a single episode. Hypomanic or manic episodes in individuals who have had one or more previous affective episodes (depressive, hypomanic, manic, or mixed) should be coded as bipolar affective disorder (F31.-)."
F30.0,"Hypomania Definition A disorder characterized by a persistent mild elevation of mood, increased energy and activity, and usually marked feelings of well-being and both physical and mental efficiency. Increased sociability, talkativeness, over-familiarity, increased sexual energy, and a decreased need for sleep are often present but not to the extent that they lead to severe disruption of work or result in social rejection. Irritability, conceit, and boorish behaviour may take the place of the more usual euphoric sociability. The disturbances of mood and behaviour are not accompanied by hallucinations or delusions."
F30.1,"Mania without psychotic symptoms Definition Mood is elevated out of keeping with the patient's circumstances and may vary from carefree joviality to almost uncontrollable excitement. Elation is accompanied by increased energy, resulting in overactivity, pressure of speech, and a decreased need for sleep. Attention cannot be sustained, and there is often marked distractibility. Self-esteem is often inflated with grandiose ideas and overconfidence. Loss of normal social inhibitions may result in behaviour that is reckless, foolhardy, or inappropriate to the circumstances, and out of character."
F30.2,"Mania with psychotic symptoms Definition In addition to the clinical picture described in F30.1, delusions (usually grandiose) or hallucinations (usually of voices speaking directly to the patient) are present, or the excitement, excessive motor activity, and flight of ideas are so extreme that the subject is incomprehensible or inaccessible to ordinary communication."
F30.8,Other manic episodes
F30.9,"Manic episode, unspecified"
F31,"Bipolar affective disorder Definition A disorder characterized by two or more episodes in which the patient's mood and activity levels are significantly disturbed, this disturbance consisting on some occasions of an elevation of mood and increased energy and activity (hypomania or mania) and on others of a lowering of mood and decreased energy and activity (depression). Repeated episodes of hypomania or mania only are classified as bipolar."
F31.0,"Bipolar affective disorder, current episode hypomanic Definition The patient is currently hypomanic, and has had at least one other affective episode (hypomanic, manic, depressive, or mixed) in the past."
F31.1,"Bipolar affective disorder, current episode manic without psychotic symptoms Definition The patient is currently manic, without psychotic symptoms (as in F30.1), and has had at least one other affective episode (hypomanic, manic, depressive, or mixed) in the past."
F31.2,"Bipolar affective disorder, current episode manic with psychotic symptoms Definition The patient is currently manic, with psychotic symptoms (as in F30.2), and has had at least one other affective episode (hypomanic, manic, depressive, or mixed) in the past."
F31.3,"Bipolar affective disorder, current episode mild or moderate depression Definition The patient is currently depressed, as in a depressive episode of either mild or moderate severity (F32.0 or F32.1), and has had at least one authenticated hypomanic, manic, or mixed affective episode in the past."
F31.4,"Bipolar affective disorder, current episode severe depression without psychotic symptoms Definition The patient is currently depressed, as in severe depressive episode without psychotic symptoms (F32.2), and has had at least one authenticated hypomanic, manic, or mixed affective episode in the past."
F31.5,"Bipolar affective disorder, current episode severe depression with psychotic symptoms Definition The patient is currently depressed, as in severe depressive episode with psychotic symptoms (F32.3), and has had at least one authenticated hypomanic, manic, or mixed affective episode in the past."
F31.6,"Bipolar affective disorder, current episode mixed Definition The patient has had at least one authenticated hypomanic, manic, depressive, or mixed affective episode in the past, and currently exhibits either a mixture or a rapid alteration of manic and depressive symptoms."
F31.7,"Bipolar affective disorder, currently in remission Definition The patient has had at least one authenticated hypomanic, manic, or mixed affective episode in the past, and at least one other affective episode (hypomanic, manic, depressive, or mixed) in addition, but is not currently suffering from any significant mood disturbance, and has not done so for several months. Periods of remission during prophylactic treatment should be coded here."
F31.8,Other bipolar affective disorders
F31.9,"Bipolar affective disorder, unspecified"
F32,"Depressive episode Definition In typical mild, moderate, or severe depressive episodes, the patient suffers from lowering of mood, reduction of energy, and decrease in activity. Capacity for enjoyment, interest, and concentration is reduced, and marked tiredness after even minimum effort is common. Sleep is usually disturbed and appetite diminished. Self-esteem and self-confidence are almost always reduced and, even in the mild form, some ideas of guilt or worthlessness are often present. The lowered mood varies little from day to day, is unresponsive to circumstances and may be accompanied by so-called ""somatic"" symptoms, such as loss of interest and pleasurable feelings, waking in the morning several hours before the usual time, depression worst in the morning, marked psychomotor retardation, agitation, loss of appetite, weight loss, and loss of libido. Depending upon the number and severity of the symptoms, a depressive episode may be specified as mild, moderate or severe."
F32.0,Mild depressive episode Definition Two or three of the above symptoms are usually present. The patient is usually distressed by these but will probably be able to continue with most activities.
F32.1,Moderate depressive episode Definition Four or more of the above symptoms are usually present and the patient is likely to have great difficulty in continuing with ordinary activities.
F32.2,"Severe depressive episode without psychotic symptoms Definition An episode of depression in which several of the above symptoms are marked and distressing, typically loss of self-esteem and ideas of worthlessness or guilt. Suicidal thoughts and acts are common and a number of ""somatic"" symptoms are usually present."
F32.3,"Severe depressive episode with psychotic symptoms Definition An episode of depression as described in F32.2, but with the presence of hallucinations, delusions, psychomotor retardation, or stupor so severe that ordinary social activities are impossible; there may be danger to life from suicide, dehydration, or starvation. The hallucinations and delusions may or may not be mood-congruent."
F32.8,Other depressive episodes
F32.9,"Depressive episode, unspecified"
F33,"Recurrent depressive disorder Definition A disorder characterized by repeated episodes of depression as described for depressive episode (F32.-), without any history of independent episodes of mood elevation and increased energy (mania). There may, however, be brief episodes of mild mood elevation and overactivity (hypomania) immediately after a depressive episode, sometimes precipitated by antidepressant treatment. The more severe forms of recurrent depressive disorder (F33.2 and F33.3) have much in common with earlier concepts such as manic-depressive depression, melancholia, vital depression and endogenous depression. The first episode may occur at any age from childhood to old age, the onset may be either acute or insidious, and the duration varies from a few weeks to many months. The risk that a patient with recurrent depressive disorder will have an episode of mania never disappears completely, however many depressive episodes have been experienced. If such an episode does occur, the diagnosis should be changed to bipolar affective disorder (F31.-)."
F33.0,"Recurrent depressive disorder, current episode mild Definition A disorder characterized by repeated episodes of depression, the current episode being mild, as in F32.0, and without any history of mania."
F33.1,"Recurrent depressive disorder, current episode moderate Definition A disorder characterized by repeated episodes of depression, the current episode being of moderate severity, as in F32.1, and without any history of mania."
F33.2,"Recurrent depressive disorder, current episode severe without psychotic symptoms Definition A disorder characterized by repeated episodes of depression, the current episode being severe without psychotic symptoms, as in F32.2, and without any history of mania."
F33.3,"Recurrent depressive disorder, current episode severe with psychotic symptoms Definition A disorder characterized by repeated episodes of depression, the current episode being severe with psychotic symptoms, as in F32.3, and with no previous episodes of mania."
F33.4,"Recurrent depressive disorder, currently in remission Definition The patient has had two or more depressive episodes as described in F33.0-F33.3, in the past, but has been free from depressive symptoms for several months."
F33.8,Other recurrent depressive disorders
F33.9,"Recurrent depressive disorder, unspecified"
F34,"Persistent mood [affective] disorders Definition Persistent and usually fluctuating disorders of mood in which the majority of the individual episodes are not sufficiently severe to warrant being described as hypomanic or mild depressive episodes. Because they last for many years, and sometimes for the greater part of the patient's adult life, they involve considerable distress and disability. In some instances, recurrent or single manic or depressive episodes may become superimposed on a persistent affective disorder."
F34.0,"Cyclothymia Definition A persistent instability of mood involving numerous periods of depression and mild elation, none of which is sufficiently severe or prolonged to justify a diagnosis of bipolar affective disorder (F31.-) or recurrent depressive disorder (F33.-). This disorder is frequently found in the relatives of patients with bipolar affective disorder. Some patients with cyclothymia eventually develop bipolar affective disorder."
F34.1,"Dysthymia Definition A chronic depression of mood, lasting at least several years, which is not sufficiently severe, or in which individual episodes are not sufficiently prolonged, to justify a diagnosis of severe, moderate, or mild recurrent depressive disorder (F33.-)."
F34.8,Other persistent mood [affective] disorders
F34.9,"Persistent mood [affective] disorder, unspecified"
F38,"Other mood [affective] disorders Definition Any other mood disorders that do not justify classification to F30-F34, because they are not of sufficient severity or duration."
F38.0,Other single mood [affective] disorders
F38.1,Other recurrent mood [affective] disorders
F38.8,Other specified mood [affective] disorders
F39,Unspecified mood [affective] disorder
F40-,ICD-10 Version
F40,"Phobic anxiety disorders Definition A group of disorders in which anxiety is evoked only, or predominantly, in certain well-defined situations that are not currently dangerous. As a result these situations are characteristically avoided or endured with dread. The patient's concern may be focused on individual symptoms like palpitations or feeling faint and is often associated with secondary fears of dying, losing control, or going mad. Contemplating entry to the phobic situation usually generates anticipatory anxiety. Phobic anxiety and depression often coexist. Whether two diagnoses, phobic anxiety and depressive episode, are needed, or only one, is determined by the time course of the two conditions and by therapeutic considerations at the time of consultation."
F40.0,"Agoraphobia Definition A fairly well-defined cluster of phobias embracing fears of leaving home, entering shops, crowds and public places, or travelling alone in trains, buses or planes. Panic disorder is a frequent feature of both present and past episodes. Depressive and obsessional symptoms and social phobias are also commonly present as subsidiary features. Avoidance of the phobic situation is often prominent, and some agoraphobics experience little anxiety because they are able to avoid their phobic situations."
F40.1,"Social phobias Definition Fear of scrutiny by other people leading to avoidance of social situations. More pervasive social phobias are usually associated with low self-esteem and fear of criticism. They may present as a complaint of blushing, hand tremor, nausea, or urgency of micturition, the patient sometimes being convinced that one of these secondary manifestations of their anxiety is the primary problem. Symptoms may progress to panic attacks."
F40.2,"Specific (isolated) phobias Definition Phobias restricted to highly specific situations such as proximity to particular animals, heights, thunder, darkness, flying, closed spaces, urinating or defecating in public toilets, eating certain foods, dentistry, or the sight of blood or injury. Though the triggering situation is discrete, contact with it can evoke panic as in agoraphobia or social phobia."
F40.8,Other phobic anxiety disorders
F40.9,"Phobic anxiety disorder, unspecified"
F41,"Other anxiety disorders Definition Disorders in which manifestation of anxiety is the major symptom and is not restricted to any particular environmental situation. Depressive and obsessional symptoms, and even some elements of phobic anxiety, may also be present, provided that they are clearly secondary or less severe."
F41.0,"Panic disorder [episodic paroxysmal anxiety] Definition The essential feature is recurrent attacks of severe anxiety (panic), which are not restricted to any particular situation or set of circumstances and are therefore unpredictable. As with other anxiety disorders, the dominant symptoms include sudden onset of palpitations, chest pain, choking sensations, dizziness, and feelings of unreality (depersonalization or derealization). There is often also a secondary fear of dying, losing control, or going mad. Panic disorder should not be given as the main diagnosis if the patient has a depressive disorder at the time the attacks start; in these circumstances the panic attacks are probably secondary to depression."
F41.1,"Generalized anxiety disorder Definition Anxiety that is generalized and persistent but not restricted to, or even strongly predominating in, any particular environmental circumstances (i.e. it is ""free-floating""). The dominant symptoms are variable but include complaints of persistent nervousness, trembling, muscular tensions, sweating, lightheadedness, palpitations, dizziness, and epigastric discomfort. Fears that the patient or a relative will shortly become ill or have an accident are often expressed."
F41.2,"Mixed anxiety and depressive disorder Definition This category should be used when symptoms of anxiety and depression are both present, but neither is clearly predominant, and neither type of symptom is present to the extent that justifies a diagnosis if considered separately. When both anxiety and depressive symptoms are present and severe enough to justify individual diagnoses, both diagnoses should be recorded and this category should not be used."
F41.3,Other mixed anxiety disorders Definition Symptoms of anxiety mixed with features of other disorders in F42-F48. Neither type of symptom is severe enough to justify a diagnosis if considered separately.
F41.8,Other specified anxiety disorders
F41.9,"Anxiety disorder, unspecified"
F42,"Obsessive-compulsive disorder Definition The essential feature is recurrent obsessional thoughts or compulsive acts. Obsessional thoughts are ideas, images, or impulses that enter the patient's mind again and again in a stereotyped form. They are almost invariably distressing and the patient often tries, unsuccessfully, to resist them. They are, however, recognized as his or her own thoughts, even though they are involuntary and often repugnant. Compulsive acts or rituals are stereotyped behaviours that are repeated again and again. They are not inherently enjoyable, nor do they result in the completion of inherently useful tasks. Their function is to prevent some objectively unlikely event, often involving harm to or caused by the patient, which he or she fears might otherwise occur. Usually, this behaviour is recognized by the patient as pointless or ineffectual and repeated attempts are made to resist. Anxiety is almost invariably present. If compulsive acts are resisted the anxiety gets worse."
F42.0,"Predominantly obsessional thoughts or ruminations Definition These may take the form of ideas, mental images, or impulses to act, which are nearly always distressing to the subject. Sometimes the ideas are an indecisive, endless consideration of alternatives, associated with an inability to make trivial but necessary decisions in day-to-day living. The relationship between obsessional ruminations and depression is particularly close and a diagnosis of obsessive-compulsive disorder should be preferred only if ruminations arise or persist in the absence of a depressive episode."
F42.1,"Predominantly compulsive acts [obsessional rituals] Definition The majority of compulsive acts are concerned with cleaning (particularly handwashing), repeated checking to ensure that a potentially dangerous situation has not been allowed to develop, or orderliness and tidiness. Underlying the overt behaviour is a fear, usually of danger either to or caused by the patient, and the ritual is an ineffectual or symbolic attempt to avert that danger."
F42.2,Mixed obsessional thoughts and acts
F42.8,Other obsessive-compulsive disorders
F42.9,"Obsessive-compulsive disorder, unspecified"
F43,"Reaction to severe stress, and adjustment disorders Definition This category differs from others in that it includes disorders identifiable on the basis of not only symptoms and course but also the existence of one or other of two causative influences"
F43.0,"Acute stress reaction Definition A transient disorder that develops in an individual without any other apparent mental disorder in response to exceptional physical and mental stress and that usually subsides within hours or days. Individual vulnerability and coping capacity play a role in the occurrence and severity of acute stress reactions. The symptoms show a typically mixed and changing picture and include an initial state of ""daze"" with some constriction of the field of consciousness and narrowing of attention, inability to comprehend stimuli, and disorientation. This state may be followed either by further withdrawal from the surrounding situation (to the extent of a dissociative stupor - F44.2), or by agitation and over-activity (flight reaction or fugue). Autonomic signs of panic anxiety (tachycardia, sweating, flushing) are commonly present. The symptoms usually appear within minutes of the impact of the stressful stimulus or event, and disappear within two to three days (often within hours). Partial or complete amnesia (F44.0) for the episode may be present. If the symptoms persist, a change in diagnosis should be considered."
F43.1,"Post-traumatic stress disorder Definition Arises as a delayed or protracted response to a stressful event or situation (of either brief or long duration) of an exceptionally threatening or catastrophic nature, which is likely to cause pervasive distress in almost anyone. Predisposing factors, such as personality traits (e.g. compulsive, asthenic) or previous history of neurotic illness, may lower the threshold for the development of the syndrome or aggravate its course, but they are neither necessary nor sufficient to explain its occurrence. Typical features include episodes of repeated reliving of the trauma in intrusive memories (""flashbacks""), dreams or nightmares, occurring against the persisting background of a sense of ""numbness"" and emotional blunting, detachment from other people, unresponsiveness to surroundings, anhedonia, and avoidance of activities and situations reminiscent of the trauma. There is usually a state of autonomic hyperarousal with hypervigilance, an enhanced startle reaction, and insomnia. Anxiety and depression are commonly associated with the above symptoms and signs, and suicidal ideation is not infrequent. The onset follows the trauma with a latency period that may range from a few weeks to months. The course is fluctuating but recovery can be expected in the majority of cases. In a small proportion of cases the condition may follow a chronic course over many years, with eventual transition to an enduring personality change (F62.0)."
F43.2,"Adjustment disorders Definition States of subjective distress and emotional disturbance, usually interfering with social functioning and performance, arising in the period of adaptation to a significant life change or a stressful life event. The stressor may have affected the integrity of an individual's social network (bereavement, separation experiences) or the wider system of social supports and values (migration, refugee status), or represented a major developmental transition or crisis (going to school, becoming a parent, failure to attain a cherished personal goal, retirement). Individual predisposition or vulnerability plays an important role in the risk of occurrence and the shaping of the manifestations of adjustment disorders, but it is nevertheless assumed that the condition would not have arisen without the stressor. The manifestations vary and include depressed mood, anxiety or worry (or mixture of these), a feeling of inability to cope, plan ahead, or continue in the present situation, as well as some degree of disability in 9the performance of daily routine. Conduct disorders may be an associated feature, particularly in adolescents. The predominant feature may be a brief or prolonged depressive reaction, or a disturbance of other emotions and conduct."
F43.8,Other reactions to severe stress
F43.9,"Reaction to severe stress, unspecified"
F44,"Dissociative [conversion] disorders Definition The common themes that are shared by dissociative or conversion disorders are a partial or complete loss of the normal integration between memories of the past, awareness of identity and immediate sensations, and control of bodily movements. All types of dissociative disorders tend to remit after a few weeks or months, particularly if their onset is associated with a traumatic life event. More chronic disorders, particularly paralyses and anaesthesias, may develop if the onset is associated with insoluble problems or interpersonal difficulties. These disorders have previously been classified as various types of ""conversion hysteria"". They are presumed to be psychogenic in origin, being associated closely in time with traumatic events, insoluble and intolerable problems, or disturbed relationships. The symptoms often represent the patient's concept of how a physical illness would be manifest. Medical examination and investigation do not reveal the presence of any known physical or neurological disorder. In addition, there is evidence that the loss of function is an expression of emotional conflicts or needs. The symptoms may develop in close relationship to psychological stress, and often appear suddenly. Only disorders of physical functions normally under voluntary control and loss of sensations are included here. Disorders involving pain and other complex physical sensations mediated by the autonomic nervous system are classified under somatization disorder (F45.0). The possibility of the later appearance of serious physical or psychiatric disorders should always be kept in mind."
F44.0,"Dissociative amnesia Definition The main feature is loss of memory, usually of important recent events, that is not due to organic mental disorder, and is too great to be explained by ordinary forgetfulness or fatigue. The amnesia is usually centred on traumatic events, such as accidents or unexpected bereavements, and is usually partial and selective. Complete and generalized amnesia is rare, and is usually part of a fugue (F44.1). If this is the case, the disorder should be classified as such. The diagnosis should not be made in the presence of organic brain disorders, intoxication, or excessive fatigue."
F10,F19 with common fourth character .0
F44.1,"Dissociative fugue Definition Dissociative fugue has all the features of dissociative amnesia, plus purposeful travel beyond the usual everyday range. Although there is amnesia for the period of the fugue, the patient's behaviour during this time may appear completely normal to independent observers."
F44.2,"Dissociative stupor Definition Dissociative stupor is diagnosed on the basis of a profound diminution or absence of voluntary movement and normal responsiveness to external stimuli such as light, noise, and touch, but examination and investigation reveal no evidence of a physical cause. In addition, there is positive evidence of psychogenic causation in the form of recent stressful events or problems."
F44.3,"Trance and possession disorders Definition Disorders in which there is a temporary loss of the sense of personal identity and full awareness of the surroundings. Include here only trance states that are involuntary or unwanted, occurring outside religious or culturally accepted situations."
F44.4,"Dissociative motor disorders Definition In the commonest varieties there is loss of ability to move the whole or a part of a limb or limbs. There may be close resemblance to almost any variety of ataxia, apraxia, akinesia, aphonia, dysarthria, dyskinesia, seizures, or paralysis."
F44.5,"Dissociative convulsions Definition Dissociative convulsions may mimic epileptic seizures very closely in terms of movements, but tongue-biting, bruising due to falling, and incontinence of urine are rare, and consciousness is maintained or replaced by a state of stupor or trance."
F44.6,"Dissociative anaesthesia and sensory loss Definition Anaesthetic areas of skin often have boundaries that make it clear that they are associated with the patient's ideas about bodily functions, rather than medical knowledge. There may be differential loss between the sensory modalities which cannot be due to a neurological lesion. Sensory loss may be accompanied by complaints of paraesthesia. Loss of vision and hearing are rarely total in dissociative disorders."
F44.7,Mixed dissociative [conversion] disorders
F44.8,Other dissociative [conversion] disorders
F44.9,"Dissociative [conversion] disorder, unspecified"
F45,"Somatoform disorders Definition The main feature is repeated presentation of physical symptoms together with persistent requests for medical investigations, in spite of repeated negative findings and reassurances by doctors that the symptoms have no physical basis. If any physical disorders are present, they do not explain the nature and extent of the symptoms or the distress and preoccupation of the patient."
F45.0,"Somatization disorder Definition The main features are multiple, recurrent and frequently changing physical symptoms of at least two years duration. Most patients have a long and complicated history of contact with both primary and specialist medical care services, during which many negative investigations or fruitless exploratory operations may have been carried out. Symptoms may be referred to any part or system of the body. The course of the disorder is chronic and fluctuating, and is often associated with disruption of social, interpersonal, and family behaviour. Short-lived (less than two years) and less striking symptom patterns should be classified under undifferentiated somatoform disorder (F45.1)."
F45.1,"Undifferentiated somatoform disorder Definition When somatoform complaints are multiple, varying and persistent, but the complete and typical clinical picture of somatization disorder is not fulfilled, the diagnosis of undifferentiated somatoform disorder should be considered."
F45.2,"Hypochondriacal disorder Definition The essential feature is a persistent preoccupation with the possibility of having one or more serious and progressive physical disorders. Patients manifest persistent somatic complaints or a persistent preoccupation with their physical appearance. Normal or commonplace sensations and appearances are often interpreted by patients as abnormal and distressing, and attention is usually focused upon only one or two organs or systems of the body. Marked depression and anxiety are often present, and may justify additional diagnoses."
F45.3,"Somatoform autonomic dysfunction Definition Symptoms are presented by the patient as if they were due to a physical disorder of a system or organ that is largely or completely under autonomic innervation and control, i.e. the cardiovascular, gastrointestinal, respiratory and urogenital systems. The symptoms are usually of two types, neither of which indicates a physical disorder of the organ or system concerned. First, there are complaints based upon objective signs of autonomic arousal, such as palpitations, sweating, flushing, tremor, and expression of fear and distress about the possibility of a physical disorder. Second, there are subjective complaints of a nonspecific or changing nature such as fleeting aches and pains, sensations of burning, heaviness, tightness, and feelings of being bloated or distended, which are referred by the patient to a specific organ or system."
F45.4,"Persistent somatoform pain disorder Definition The predominant complaint is of persistent, severe, and distressing pain, which cannot be explained fully by a physiological process or a physical disorder, and which occurs in association with emotional conflict or psychosocial problems that are sufficient to allow the conclusion that they are the main causative influences. The result is usually a marked increase in support and attention, either personal or medical. Pain presumed to be of psychogenic origin occurring during the course of depressive disorders or schizophrenia should not be included here."
F45.8,"Other somatoform disorders Definition Any other disorders of sensation, function and behaviour, not due to physical disorders, which are not mediated through the autonomic nervous system, which are limited to specific systems or parts of the body, and which are closely associated in time with stressful events or problems."
F45.9,"Somatoform disorder, unspecified"
F48,Other neurotic disorders
F48.0,"Neurasthenia Definition Considerable cultural variations occur in the presentation of this disorder, and two main types occur, with substantial overlap. In one type, the main feature is a complaint of increased fatigue after mental effort, often associated with some decrease in occupational performance or coping efficiency in daily tasks. The mental fatiguability is typically described as an unpleasant intrusion of distracting associations or recollections, difficulty in concentrating, and generally inefficient thinking. In the other type, the emphasis is on feelings of bodily or physical weakness and exhaustion after only minimal effort, accompanied by a feeling of muscular aches and pains and inability to relax. In both types a variety of other unpleasant physical feelings is common, such as dizziness, tension headaches, and feelings of general instability. Worry about decreasing mental and bodily well-being, irritability, anhedonia, and varying minor degrees of both depression and anxiety are all common. Sleep is often disturbed in its initial and middle phases but hypersomnia may also be prominent."
F48.1,"Depersonalization-derealization syndrome Definition A rare disorder in which the patient complains spontaneously that his or her mental activity, body, and surroundings are changed in their quality, so as to be unreal, remote, or automatized. Among the varied phenomena of the syndrome, patients complain most frequently of loss of emotions and feelings of estrangement or detachment from their thinking, their body, or the real world. In spite of the dramatic nature of the experience, the patient is aware of the unreality of the change. The sensorium is normal and the capacity for emotional expression intact. Depersonalization-derealization symptoms may occur as part of a diagnosable schizophrenic, depressive, phobic, or obsessive-compulsive disorder. In such cases the diagnosis should be that of the main disorder."
F48.8,Other specified neurotic disorders
F48.9,"Neurotic disorder, unspecified"
F50-,ICD-10 Version
F50,Eating disorders
F50.0,"Anorexia nervosa Definition A disorder characterized by deliberate weight loss, induced and sustained by the patient. It occurs most commonly in adolescent girls and young women, but adolescent boys and young men may also be affected, as may children approaching puberty and older women up to the menopause. The disorder is associated with a specific psychopathology whereby a dread of fatness and flabbiness of body contour persists as an intrusive overvalued idea, and the patients impose a low weight threshold on themselves. There is usually undernutrition of varying severity with secondary endocrine and metabolic changes and disturbances of bodily function. The symptoms include restricted dietary choice, excessive exercise, induced vomiting and purgation, and use of appetite suppressants and diuretics."
F50.1,"Atypical anorexia nervosa Definition Disorders that fulfil some of the features of anorexia nervosa but in which the overall clinical picture does not justify that diagnosis. For instance, one of the key symptoms, such as amenorrhoea or marked dread of being fat, may be absent in the presence of marked weight loss and weight-reducing behaviour. This diagnosis should not be made in the presence of known physical disorders associated with weight loss."
F50.2,"Bulimia nervosa Definition A syndrome characterized by repeated bouts of overeating and an excessive preoccupation with the control of body weight, leading to a pattern of overeating followed by vomiting or use of purgatives. This disorder shares many psychological features with anorexia nervosa, including an overconcern with body shape and weight. Repeated vomiting is likely to give rise to disturbances of body electrolytes and physical complications. There is often, but not always, a history of an earlier episode of anorexia nervosa, the interval ranging from a few months to several years."
F50.3,"Atypical bulimia nervosa Definition Disorders that fulfil some of the features of bulimia nervosa, but in which the overall clinical picture does not justify that diagnosis. For instance, there may be recurrent bouts of overeating and overuse of purgatives without significant weight change, or the typical overconcern about body shape and weight may be absent."
F50.4,"Overeating associated with other psychological disturbances Definition Overeating due to stressful events, such as bereavement, accident, childbirth, etc."
F50.5,"Vomiting associated with other psychological disturbances Definition Repeated vomiting that occurs in dissociative disorders (F44.-) and hypochondriacal disorder (F45.2), and that is not solely due to conditions classified outside this chapter."
F50.8,Other eating disorders
F50.9,"Eating disorder, unspecified"
F51,"Nonorganic sleep disorders Definition In many cases, a disturbance of sleep is one of the symptoms of another disorder, either mental or physical. Whether a sleep disorder in a given patient is an independent condition or simply one of the features of another disorder classified elsewhere, either in this chapter or in others, should be determined on the basis of its clinical presentation and course as well as on the therapeutic considerations and priorities at the time of the consultation. Generally, if the sleep disorder is one of the major complaints and is perceived as a condition in itself, the present code should be used along with other pertinent diagnoses describing the psychopathology and pathophysiology involved in a given case. This category includes only those sleep disorders in which emotional causes are considered to be a primary factor, and which are not due to identifiable physical disorders classified elsewhere."
F51.0,"Nonorganic insomnia Definition A condition of unsatisfactory quantity and/or quality of sleep, which persists for a considerable period of time, including difficulty falling asleep, difficulty staying asleep, or early final wakening. Insomnia is a common symptom of many mental and physical disorders, and should be classified here in addition to the basic disorder only if it dominates the clinical picture."
F51.1,"Nonorganic hypersomnia Definition Hypersomnia is defined as a condition of either excessive daytime sleepiness and sleep attacks (not accounted for by an inadequate amount of sleep) or prolonged transition to the fully aroused state upon awakening. In the absence of an organic factor for the occurrence of hypersomnia, this condition is usually associated with mental disorders."
F51.2,"Nonorganic disorder of the sleep-wake schedule Definition A lack of synchrony between the sleep-wake schedule and the desired sleep-wake schedule for the individual's environment, resulting in a complaint of either insomnia or hypersomnia."
F51.3,"Sleepwalking [somnambulism] Definition A state of altered consciousness in which phenomena of sleep and wakefulness are combined. During a sleepwalking episode the individual arises from bed, usually during the first third of nocturnal sleep, and walks about, exhibiting low levels of awareness, reactivity, and motor skill. Upon awakening, there is usually no recall of the event."
F51.4,"Sleep terrors [night terrors] Definition Nocturnal episodes of extreme terror and panic associated with intense vocalization, motility, and high levels of autonomic discharge. The individual sits up or gets up, usually during the first third of nocturnal sleep, with a panicky scream. Quite often he or she rushes to the door as if trying to escape, although very seldom leaves the room. Recall of the event, if any, is very limited (usually to one or two fragmentary mental images)."
F51.5,"Nightmares Definition Dream experiences loaded with anxiety or fear. There is very detailed recall of the dream content. The dream experience is very vivid and usually includes themes involving threats to survival, security, or self-esteem. Quite often there is a recurrence of the same or similar frightening nightmare themes. During a typical episode there is a degree of autonomic discharge but no appreciable vocalization or body motility. Upon awakening the individual rapidly becomes alert and oriented."
F51.8,Other nonorganic sleep disorders
F51.9,"Nonorganic sleep disorder, unspecified"
F52,"Sexual dysfunction, not caused by organic disorder or disease Definition Sexual dysfunction covers the various ways in which an individual is unable to participate in a sexual relationship as he or she would wish. Sexual response is a psychosomatic process and both psychological and somatic processes are usually involved in the causation of sexual dysfunction."
F52.0,"Lack or loss of sexual desire Definition Loss of sexual desire is the principal problem and is not secondary to other sexual difficulties, such as erectile failure or dyspareunia."
F52.1,Sexual aversion and lack of sexual enjoyment Definition Either the prospect of sexual interaction produces sufficient fear or anxiety that sexual activity is avoided (sexual aversion) or sexual responses occur normally and orgasm is experienced but there is a lack of appropriate pleasure (lack of sexual enjoyment).
F52.2,"Failure of genital response Definition The principal problem in men is erectile dysfunction (difficulty in developing or maintaining an erection suitable for satisfactory intercourse). In women, the principal problem is vaginal dryness or failure of lubrication."
F52.3,Orgasmic dysfunction Definition Orgasm either does not occur or is markedly delayed.
F52.4,Premature ejaculation Definition The inability to control ejaculation sufficiently for both partners to enjoy sexual interaction.
F52.5,"Nonorganic vaginismus Definition Spasm of the pelvic floor muscles that surround the vagina, causing occlusion of the vaginal opening. Penile entry is either impossible or painful."
F52.6,Nonorganic dyspareunia Definition Dyspareunia (or pain during sexual intercourse) occurs in both women and men. It can often be attributed to local pathology and should then properly be categorized under the pathological condition. This category is to be used only if there is no primary nonorganic sexual dysfunction (e.g. vaginismus or vaginal dryness).
F52.7,Excessive sexual drive
F52.8,"Other sexual dysfunction, not caused by organic disorder or disease"
F52.9,"Unspecified sexual dysfunction, not caused by organic disorder or disease"
F53,"Mental and behavioural disorders associated with the puerperium, not elsewhere classified Definition This category includes only mental disorders associated with the puerperium (commencing within six weeks of delivery) that do not meet the criteria for disorders classified elsewhere in this chapter, either because insufficient information is available, or because it is considered that special additional clinical features are present that make their classification elsewhere inappropriate."
F53.0,"Mild mental and behavioural disorders associated with the puerperium, not elsewhere classified"
F53.1,"Severe mental and behavioural disorders associated with the puerperium, not elsewhere classified"
F53.8,"Other mental and behavioural disorders associated with the puerperium, not elsewhere classified"
F53.9,"Puerperal mental disorder, unspecified"
F54,"Psychological and behavioural factors associated with disorders or diseases classified elsewhere Definition This category should be used to record the presence of psychological or behavioural influences thought to have played a major part in the aetiology of physical disorders which can be classified to other chapters. Any resulting mental disturbances are usually mild, and often prolonged (such as worry, emotional conflict, apprehension) and do not of themselves justify the use of any of the categories in this chapter."
F55,"Abuse of non-dependence-producing substances Definition A wide variety of medicaments and folk remedies may be involved, but the particularly important groups are: (a) psychotropic drugs that do not produce dependence, such as antidepressants, (b) laxatives, and (c) analgesics that may be purchased without medical prescription, such as aspirin and paracetamol. Persistent use of these substances often involves unnecessary contacts with medical professionals or supporting staff, and is sometimes accompanied by harmful physical effects of the substances. Attempts to dissuade or forbid the use of the substance are often met with resistance; for laxatives and analgesics this may be in spite of warnings about (or even the development of) physical harm such as renal dysfunction or electrolyte disturbances. Although it is usually clear that the patient has a strong motivation to take the substance, dependence or withdrawal symptoms do not develop as in the case of the psychoactive substances specified in F10-F19."
F59,Unspecified behavioural syndromes associated with physiological disturbances and physical factors
F60-,ICD-10 Version
F60,"Specific personality disorders Definition These are severe disturbances in the personality and behavioural tendencies of the individual; not directly resulting from disease, damage, or other insult to the brain, or from another psychiatric disorder; usually involving several areas of the personality; nearly always associated with considerable personal distress and social disruption; and usually manifest since childhood or adolescence and continuing throughout adulthood."
F60.0,"Paranoid personality disorder Definition Personality disorder characterized by excessive sensitivity to setbacks, unforgiveness of insults; suspiciousness and a tendency to distort experience by misconstruing the neutral or friendly actions of others as hostile or contemptuous; recurrent suspicions, without justification, regarding the sexual fidelity of the spouse or sexual partner; and a combative and tenacious sense of personal rights. There may be excessive self-importance, and there is often excessive self-reference."
F60.1,"Schizoid personality disorder Definition Personality disorder characterized by withdrawal from affectional, social and other contacts with preference for fantasy, solitary activities, and introspection. There is a limited capacity to express feelings and to experience pleasure."
F60.2,"Dissocial personality disorder Definition Personality disorder characterized by disregard for social obligations, and callous unconcern for the feelings of others. There is gross disparity between behaviour and the prevailing social norms. Behaviour is not readily modifiable by adverse experience, including punishment. There is a low tolerance to frustration and a low threshold for discharge of aggression, including violence; there is a tendency to blame others, or to offer plausible rationalizations for the behaviour bringing the patient into conflict with society."
F60.3,"Emotionally unstable personality disorder Definition Personality disorder characterized by a definite tendency to act impulsively and without consideration of the consequences; the mood is unpredictable and capricious. There is a liability to outbursts of emotion and an incapacity to control the behavioural explosions. There is a tendency to quarrelsome behaviour and to conflicts with others, especially when impulsive acts are thwarted or censored. Two types may be distinguished: the impulsive type, characterized predominantly by emotional instability and lack of impulse control, and the borderline type, characterized in addition by disturbances in self-image, aims, and internal preferences, by chronic feelings of emptiness, by intense and unstable interpersonal relationships, and by a tendency to self-destructive behaviour, including suicide gestures and attempts."
F60.4,"Histrionic personality disorder Definition Personality disorder characterized by shallow and labile affectivity, self-dramatization, theatricality, exaggerated expression of emotions, suggestibility, egocentricity, self-indulgence, lack of consideration for others, easily hurt feelings, and continuous seeking for appreciation, excitement and attention."
F60.5,"Anankastic personality disorder Definition Personality disorder characterized by feelings of doubt, perfectionism, excessive conscientiousness, checking and preoccupation with details, stubbornness, caution, and rigidity. There may be insistent and unwelcome thoughts or impulses that do not attain the severity of an obsessive-compulsive disorder."
F60.6,"Anxious [avoidant] personality disorder Definition Personality disorder characterized by feelings of tension and apprehension, insecurity and inferiority. There is a continuous yearning to be liked and accepted, a hypersensitivity to rejection and criticism with restricted personal attachments, and a tendency to avoid certain activities by habitual exaggeration of the potential dangers or risks in everyday situations."
F60.7,"Dependent personality disorder Definition Personality disorder characterized by pervasive passive reliance on other people to make one's major and minor life decisions, great fear of abandonment, feelings of helplessness and incompetence, passive compliance with the wishes of elders and others, and a weak response to the demands of daily life. Lack of vigour may show itself in the intellectual or emotional spheres; there is often a tendency to transfer responsibility to others."
F60.8,Other specific personality disorders
F60.9,"Personality disorder, unspecified"
F61,"Mixed and other personality disorders Definition This category is intended for personality disorders that are often troublesome but do not demonstrate the specific pattern of symptoms that characterize the disorders described in F60.-. As a result they are often more difficult to diagnose than the disorders in F60.-. Examples include: mixed personality disorders with features of several of the disorders in F60.- but without a predominant set of symptoms that would allow a more specific diagnosis troublesome personality changes, not classifiable to F60.- or F62.-, and regarded as secondary to a main diagnosis of a coexisting affective or anxiety disorder."
F62,"Enduring personality changes, not attributable to brain damage and disease Definition Disorders of adult personality and behaviour that have developed in persons with no previous personality disorder following exposure to catastrophic or excessive prolonged stress, or following a severe psychiatric illness. These diagnoses should be made only when there is evidence of a definite and enduring change in a person's pattern of perceiving, relating to, or thinking about the environment and himself or herself. The personality change should be significant and be associated with inflexible and maladaptive behaviour not present before the pathogenic experience. The change should not be a direct manifestation of another mental disorder or a residual symptom of any antecedent mental disorder."
F62.0,"Enduring personality change after catastrophic experience Definition Enduring personality change, present for at least two years, following exposure to catastrophic stress. The stress must be so extreme that it is not necessary to consider personal vulnerability in order to explain its profound effect on the personality. The disorder is characterized by a hostile or distrustful attitude toward the world, social withdrawal, feelings of emptiness or hopelessness, a chronic feeling of ""being on edge"" as if constantly threatened, and estrangement. Post-traumatic stress disorder (F43.1) may precede this type of personality change."
F62.1,"Enduring personality change after psychiatric illness Definition Personality change, persisting for at least two years, attributable to the traumatic experience of suffering from a severe psychiatric illness. The change cannot be explained by a previous personality disorder and should be differentiated from residual schizophrenia and other states of incomplete recovery from an antecedent mental disorder. This disorder is characterized by an excessive dependence on and a demanding attitude towards others; conviction of being changed or stigmatized by the illness, leading to an inability to form and maintain close and confiding personal relationships and to social iso-lation; passivity, reduced interests, and diminished involvement in leisure activities; persistent complaints of being ill, which may be associated with hypochondriacal claims and illness behaviour; dysphoric or labile mood, not due to the presence of a current mental disorder or antecedent mental disorder with residual affective symptoms; and longstanding problems in social and occupational functioning."
F62.8,Other enduring personality changes
F62.9,"Enduring personality change, unspecified"
F63,"Habit and impulse disorders Definition This category includes certain disorders of behaviour that are not classifiable under other categories. They are characterized by repeated acts that have no clear rational motivation, cannot be controlled, and generally harm the patient's own interests and those of other people. The patient reports that the behaviour is associated with impulses to action. The cause of these disorders is not understood and they are grouped together because of broad descriptive similarities, not because they are known to share any other important features."
F63.0,"Pathological gambling Definition The disorder consists of frequent, repeated episodes of gambling that dominate the patient's life to the detriment of social, occupational, material, and family values and commitments."
F63.1,"Pathological fire-setting [pyromania] Definition Disorder characterized by multiple acts of, or attempts at, setting fire to property or other objects, without apparent motive, and by a persistent preoccupation with subjects related to fire and burning. This behaviour is often associated with feelings of increasing tension before the act, and intense excitement immediately afterwards."
F10,"F19, with common fourth character .0"
F63.2,"Pathological stealing [kleptomania] Definition Disorder characterized by repeated failure to resist impulses to steal objects that are not acquired for personal use or monetary gain. The objects may instead be discarded, given away, or hoarded. This behaviour is usually accompanied by an increasing sense of tension before, and a sense of gratification during and immediately after, the act."
F63.3,"Trichotillomania Definition A disorder characterized by noticeable hair-loss due to a recurrent failure to resist impulses to pull out hairs. The hair-pulling is usually preceded by mounting tension and is followed by a sense of relief or gratification. This diagnosis should not be made if there is a pre-existing inflammation of the skin, or if the hair-pulling is in response to a delusion or a hallucination."
F63.8,"Other habit and impulse disorders Definition Other kinds of persistently repeated maladaptive behaviour that are not secondary to a recognized psychiatric syndrome, and in which it appears that the patient is repeatedly failing to resist impulses to carry out the behaviour. There is a prodromal period of tension with a feeling of release at the time of the act."
F63.9,"Habit and impulse disorder, unspecified"
F64,Gender identity disorders
F64.0,"Transsexualism Definition A desire to live and be accepted as a member of the opposite sex, usually accompanied by a sense of discomfort with, or inappropriateness of, one's anatomic sex, and a wish to have surgery and hormonal treatment to make one's body as congruent as possible with one's preferred sex."
F64.1,"Dual-role transvestism Definition The wearing of clothes of the opposite sex for part of the individual's existence in order to enjoy the temporary experience of membership of the opposite sex, but without any desire for a more permanent sex change or associated surgical reassignment, and without sexual excitement accompanying the cross-dressing."
F64.2,"Gender identity disorder of childhood Definition A disorder, usually first manifest during early childhood (and always well before puberty), characterized by a persistent and intense distress about assigned sex, together with a desire to be (or insistence that one is) of the other sex. There is a persistent preoccupation with the dress and activities of the opposite sex and repudiation of the individual's own sex. The diagnosis requires a profound disturbance of the normal gender identity; mere tomboyishness in girls or girlish behaviour in boys is not sufficient. Gender identity disorders in individuals who have reached or are entering puberty should not be classified here but in F66.-."
F64.8,Other gender identity disorders
F64.9,"Gender identity disorder, unspecified"
F65,Disorders of sexual preference
F65.0,"Fetishism Definition Reliance on some non-living object as a stimulus for sexual arousal and sexual gratification. Many fetishes are extensions of the human body, such as articles of clothing or footwear. Other common examples are characterized by some particular texture such as rubber, plastic or leather. Fetish objects vary in their importance to the individual. In some cases they simply serve to enhance sexual excitement achieved in ordinary ways (e.g. having the partner wear a particular garment)."
F65.1,Fetishistic transvestism Definition The wearing of clothes of the opposite sex principally to obtain sexual excitement and to create the appearance of a person of the opposite sex. Fetishistic transvestism is distinguished from transsexual transvestism by its clear association with sexual arousal and the strong desire to remove the clothing once orgasm occurs and sexual arousal declines. It can occur as an earlier phase in the development of transsexualism.
F65.2,"Exhibitionism Definition A recurrent or persistent tendency to expose the genitalia to strangers (usually of the opposite sex) or to people in public places, without inviting or intending closer contact. There is usually, but not invariably, sexual excitement at the time of the exposure and the act is commonly followed by masturbation."
F65.3,"Voyeurism Definition A recurrent or persistent tendency to look at people engaging in sexual or intimate behaviour such as undressing. This is carried out without the observed people being aware, and usually leads to sexual excitement and masturbation."
F65.4,"Paedophilia Definition A sexual preference for children, boys or girls or both, usually of prepubertal or early pubertal age."
F65.5,"Sadomasochism Definition A preference for sexual activity which involves the infliction of pain or humiliation, or bondage. If the subject prefers to be the recipient of such stimulation this is called masochism; if the provider, sadism. Often an individual obtains sexual excitement from both sadistic and masochistic activities."
F65.6,"Multiple disorders of sexual preference Definition Sometimes more than one abnormal sexual preference occurs in one person and there is none of first rank. The most common combination is fetishism, transvestism and sadomasochism."
F65.8,"Other disorders of sexual preference Definition A variety of other patterns of sexual preference and activity, including making obscene telephone calls, rubbing up against people for sexual stimulation in crowded public places, sexual activity with animals, and use of strangulation or anoxia for intensifying sexual excitement."
F65.9,"Disorder of sexual preference, unspecified"
F66,Psychological and behavioural disorders associated with sexual development and orientation
F66.0,"Sexual maturation disorder Definition The patient suffers from uncertainty about his or her gender identity or sexual orientation, which causes anxiety or depression. Most commonly this occurs in adolescents who are not certain whether they are homosexual, heterosexual or bisexual in orientation, or in individuals who, after a period of apparently stable sexual orientation (often within a longstanding relationship), find that their sexual orientation is changing."
F66.1,"Egodystonic sexual orientation Definition The gender identity or sexual preference (heterosexual, homosexual, bisexual, or prepubertal) is not in doubt, but the individual wishes it were different because of associated psychological and behavioural disorders, and may seek treatment in order to change it."
F66.2,"Sexual relationship disorder Definition The gender identity or sexual orientation (heterosexual, homosexual, or bisexual) is responsible for difficulties in forming or maintaining a relationship with a sexual partner."
F66.8,Other psychosexual development disorders
F66.9,"Psychosexual development disorder, unspecified"
F68,Other disorders of adult personality and behaviour
F68.0,"Elaboration of physical symptoms for psychological reasons Definition Physical symptoms compatible with and originally due to a confirmed physical disorder, disease or disability become exaggerated or prolonged due to the psychological state of the patient. The patient is commonly distressed by this pain or disability, and is often preoccupied with worries, which may be justified, of the possibility of prolonged or progressive disability or pain."
F68.1,"Intentional production or feigning of symptoms or disabilities, either physical or psychological [factitious disorder] Definition The patient feigns symptoms repeatedly for no obvious reason and may even inflict self-harm in order to produce symptoms or signs. The motivation is obscure and presumably internal with the aim of adopting the sick role. The disorder is often combined with marked disorders of personality and relationships."
F68.8,Other specified disorders of adult personality and behaviour
F69,Unspecified disorder of adult personality and behaviour
F70-,ICD-10 Version
F70,"Mild mental retardation Modifier-Hint [See before F70 for subdivisions] Definition Approximate IQ range of 50 to 69 (in adults, mental age from 9 to under 12 years). Likely to result in some learning difficulties in school. Many adults will be able to work and maintain good social relationships and contribute to society."
F71,"Moderate mental retardation Modifier-Hint [See before F70 for subdivisions] Definition Approximate IQ range of 35 to 49 (in adults, mental age from 6 to under 9 years). Likely to result in marked developmental delays in childhood but most can learn to develop some degree of independence in self-care and acquire adequate communication and academic skills. Adults will need varying degrees of support to live and work in the community."
F72,"Severe mental retardation Modifier-Hint [See before F70 for subdivisions] Definition Approximate IQ range of 20 to 34 (in adults, mental age from 3 to under 6 years). Likely to result in continuous need of support."
F73,"Profound mental retardation Modifier-Hint [See before F70 for subdivisions] Definition IQ under 20 (in adults, mental age below 3 years). Results in severe limitation in self-care, continence, communication and mobility."
F78,Other mental retardation Modifier-Hint [See before F70 for subdivisions]
F79,Unspecified mental retardation Modifier-Hint [See before F70 for subdivisions]
F80-,ICD-10 Version
F80,"Specific developmental disorders of speech and language Definition Disorders in which normal patterns of language acquisition are disturbed from the early stages of development. The conditions are not directly attributable to neurological or speech mechanism abnormalities, sensory impairments, mental retardation, or environmental factors. Specific developmental disorders of speech and language are often followed by associated problems, such as difficulties in reading and spelling, abnormalities in interpersonal relationships, and emotional and behavioural disorders."
F80.0,"Specific speech articulation disorder Definition A specific developmental disorder in which the child's use of speech sounds is below the appropriate level for its mental age, but in which there is a normal level of language skills."
F80.1,"Expressive language disorder Definition A specific developmental disorder in which the child's ability to use expressive spoken language is markedly below the appropriate level for its mental age, but in which language comprehension is within normal limits. There may or may not be abnormalities in articulation."
F80.2,Receptive language disorder Definition A specific developmental disorder in which the child's understanding of language is below the appropriate level for its mental age. In virtually all cases expressive language will also be markedly affected and abnormalities in word-sound production are common.
F80.3,"Acquired aphasia with epilepsy [Landau-Kleffner] Definition A disorder in which the child, having previously made normal progress in language development, loses both receptive and expressive language skills but retains general intelligence; the onset of the disorder is accompanied by paroxysmal abnormalities on the EEG, and in the majority of cases also by epileptic seizures. Usually the onset is between the ages of three and seven years, with skills being lost over days or weeks. The temporal association between the onset of seizures and loss of language is variable, with one preceding the other (either way round) by a few months to two years. An inflammatory encephalitic process has been suggested as a possible cause of this disorder. About two-thirds of patients are left with a more or less severe receptive language deficit."
F80.8,Other developmental disorders of speech and language
F80.9,"Developmental disorder of speech and language, unspecified"
F81,"Specific developmental disorders of scholastic skills Definition Disorders in which the normal patterns of skill acquisition are disturbed from the early stages of development. This is not simply a consequence of a lack of opportunity to learn, it is not solely a result of mental retardation, and it is not due to any form of acquired brain trauma or disease."
F81.0,"Specific reading disorder Definition The main feature is a specific and significant impairment in the development of reading skills that is not solely accounted for by mental age, visual acuity problems, or inadequate schooling. Reading comprehension skill, reading word recognition, oral reading skill, and performance of tasks requiring reading may all be affected. Spelling difficulties are frequently associated with specific reading disorder and often remain into adolescence even after some progress in reading has been made. Specific developmental disorders of reading are commonly preceded by a history of disorders in speech or language development. Associated emotional and behavioural disturbances are common during the school age period."
F81.1,"Specific spelling disorder Definition The main feature is a specific and significant impairment in the development of spelling skills in the absence of a history of specific reading disorder, which is not solely accounted for by low mental age, visual acuity problems, or inadequate schooling. The ability to spell orally and to write out words correctly are both affected."
F81.2,"Specific disorder of arithmetical skills Definition Involves a specific impairment in arithmetical skills that is not solely explicable on the basis of general mental retardation or of inadequate schooling. The deficit concerns mastery of basic computational skills of addition, subtraction, multiplication, and division rather than of the more abstract mathematical skills involved in algebra, trigonometry, geometry, or calculus."
F81.3,"Mixed disorder of scholastic skills Definition An ill-defined residual category of disorders in which both arithmetical and reading or spelling skills are significantly impaired, but in which the disorder is not solely explicable in terms of general mental retardation or of inadequate schooling. It should be used for disorders meeting the criteria for both F81.2 and either F81.0 or F81.1."
F81.8,Other developmental disorders of scholastic skills
F81.9,"Developmental disorder of scholastic skills, unspecified"
F82,"Specific developmental disorder of motor function Definition A disorder in which the main feature is a serious impairment in the development of motor coordination that is not solely explicable in terms of general intellectual retardation or of any specific congenital or acquired neurological disorder. Nevertheless, in most cases a careful clinical examination shows marked neurodevelopmental immaturities such as choreiform movements of unsupported limbs or mirror movements and other associated motor features, as well as signs of impaired fine and gross motor coordination."
F83,"Mixed specific developmental disorders Definition A residual category for disorders in which there is some admixture of specific developmental disorders of speech and language, of scholastic skills, and of motor function, but in which none predominates sufficiently to constitute the prime diagnosis. This mixed category should be used only when there is a major overlap between each of these specific developmental disorders. The disorders are usually, but not always, associated with some degree of general impairment of cognitive functions. Thus, the category should be used when there are dysfunctions meeting the criteria for two or more of F80.-, F81.- and F82."
F84,"Pervasive developmental disorders Definition A group of disorders characterized by qualitative abnormalities in reciprocal social interactions and in patterns of communication, and by a restricted, stereotyped, repetitive repertoire of interests and activities. These qualitative abnormalities are a pervasive feature of the individual's functioning in all situations. Coding-Hint Use additional code, if desired, to identify any associated medical condition and mental retardation."
F84.0,"Childhood autism Definition A type of pervasive developmental disorder that is defined by: (a) the presence of abnormal or impaired development that is manifest before the age of three years, and (b) the characteristic type of abnormal functioning in all the three areas of psychopathology: reciprocal social interaction, communication, and restricted, stereotyped, repetitive behaviour. In addition to these specific diagnostic features, a range of other nonspecific problems are common, such as phobias, sleeping and eating disturbances, temper tantrums, and (self-directed) aggression."
F84.1,"Atypical autism Definition A type of pervasive developmental disorder that differs from childhood autism either in age of onset or in failing to fulfil all three sets of diagnostic criteria. This subcategory should be used when there is abnormal and impaired development that is present only after age three years, and a lack of sufficient demonstrable abnormalities in one or two of the three areas of psychopathology required for the diagnosis of autism (namely, reciprocal social interactions, communication, and restricted, stereotyped, repetitive behaviour) in spite of characteristic abnormalities in the other area(s). Atypical autism arises most often in profoundly retarded individuals and in individuals with a severe specific developmental disorder of receptive language."
F84.2,"Rett syndrome Definition A condition, so far found only in girls, in which apparently normal early development is followed by partial or complete loss of speech and of skills in locomotion and use of hands, together with deceleration in head growth, usually with an onset between seven and 24 months of age. Loss of purposive hand movements, hand-wringing stereotypies, and hyperventilation are characteristic. Social and play development are arrested but social interest tends to be maintained. Trunk ataxia and apraxia start to develop by age four years and choreoathetoid movements frequently follow. Severe mental retardation almost invariably results."
F84.3,"Other childhood disintegrative disorder Definition A type of pervasive developmental disorder that is defined by a period of entirely normal development before the onset of the disorder, followed by a definite loss of previously acquired skills in several areas of development over the course of a few months. Typically, this is accompanied by a general loss of interest in the environment, by stereotyped, repetitive motor mannerisms, and by autistic-like abnormalities in social interaction and communication. In some cases the disorder can be shown to be due to some associated encephalopathy but the diagnosis should be made on the behavioural features."
F84.4,"Overactive disorder associated with mental retardation and stereotyped movements Definition An ill-defined disorder of uncertain nosological validity. The category is designed to include a group of children with severe mental retardation (IQ below 35) who show major problems in hyperactivity and in attention, as well as stereotyped behaviours. They tend not to benefit from stimulant drugs (unlike those with an IQ in the normal range) and may exhibit a severe dysphoric reaction (sometimes with psychomotor retardation) when given stimulants. In adolescence, the overactivity tends to be replaced by underactivity (a pattern that is not usual in hyperkinetic children with normal intelligence). This syndrome is also often associated with a variety of developmental delays, either specific or global. The extent to which the behavioural pattern is a function of low IQ or of organic brain damage is not known."
F84.5,"Asperger syndrome Definition A disorder of uncertain nosological validity, characterized by the same type of qualitative abnormalities of reciprocal social interaction that typify autism, together with a restricted, stereotyped, repetitive repertoire of interests and activities. It differs from autism primarily in the fact that there is no general delay or retardation in language or in cognitive development. This disorder is often associated with marked clumsiness. There is a strong tendency for the abnormalities to persist into adolescence and adult life. Psychotic episodes occasionally occur in early adult life."
F84.8,Other pervasive developmental disorders
F84.9,"Pervasive developmental disorder, unspecified"
F88,Other disorders of psychological development
F89,Unspecified disorder of psychological development
F90-,ICD-10 Version
F90,"Hyperkinetic disorders Definition A group of disorders characterized by an early onset (usually in the first five years of life), lack of persistence in activities that require cognitive involvement, and a tendency to move from one activity to another without completing any one, together with disorganized, ill-regulated, and excessive activity. Several other abnormalities may be associated. Hyperkinetic children are often reckless and impulsive, prone to accidents, and find themselves in disciplinary trouble because of unthinking breaches of rules rather than deliberate defiance. Their relationships with adults are often socially disinhibited, with a lack of normal caution and reserve. They are unpopular with other children and may become isolated. Impairment of cognitive functions is common, and specific delays in motor and language development are disproportionately frequent. Secondary complications include dissocial behaviour and low self-esteem."
F90.0,Disturbance of activity and attention
F90.1,Hyperkinetic conduct disorder
F90.8,Other hyperkinetic disorders
F90.9,"Hyperkinetic disorder, unspecified"
F91,"Conduct disorders Definition Disorders characterized by a repetitive and persistent pattern of dissocial, aggressive, or defiant conduct. Such behaviour should amount to major violations of age-appropriate social expectations; it should therefore be more severe than ordinary childish mischief or adolescent rebelliousness and should imply an enduring pattern of behaviour (six months or longer). Features of conduct disorder can also be symptomatic of other psychiatric conditions, in which case the underlying diagnosis should be preferred. Examples of the behaviours on which the diagnosis is based include excessive levels of fighting or bullying, cruelty to other people or animals, severe destructiveness to property, fire-setting, stealing, repeated lying, truancy from school and running away from home, unusually frequent and severe temper tantrums, and disobedience. Any one of these behaviours, if marked, is sufficient for the diagnosis, but isolated dissocial acts are not."
F91.0,"Conduct disorder confined to the family context Definition Conduct disorder involving dissocial or aggressive behaviour (and not merely oppositional, defiant, disruptive behaviour), in which the abnormal behaviour is entirely, or almost entirely, confined to the home and to interactions with members of the nuclear family or immediate household. The disorder requires that the overall criteria for F91.- be met; even severely disturbed parent-child relationships are not of themselves sufficient for diagnosis."
F91.1,"Unsocialized conduct disorder Definition Disorder characterized by the combination of persistent dissocial or aggressive behaviour (meeting the overall criteria for F91.- and not merely comprising oppositional, defiant, disruptive behaviour) with significant pervasive abnormalities in the individual's relationships with other children."
F91.2,"Socialized conduct disorder Definition Disorder involving persistent dissocial or aggressive behaviour (meeting the overall criteria for F91.- and not merely comprising oppositional, defiant, disruptive behaviour) occurring in individuals who are generally well integrated into their peer group."
F91.3,"Oppositional defiant disorder Definition Conduct disorder, usually occurring in younger children, primarily characterized by markedly defiant, disobedient, disruptive behaviour that does not include delinquent acts or the more extreme forms of aggressive or dissocial behaviour. The disorder requires that the overall criteria for F91.- be met; even severely mischievous or naughty behaviour is not in itself sufficient for diagnosis. Caution should be employed before using this category, especially with older children, because clinically significant conduct disorder will usually be accompanied by dissocial or aggressive behaviour that goes beyond mere defiance, disobedience, or disruptiveness."
F91.8,Other conduct disorders
F91.9,"Conduct disorder, unspecified"
F92,"Mixed disorders of conduct and emotions Definition A group of disorders characterized by the combination of persistently aggressive, dissocial or defiant behaviour with overt and marked symptoms of depression, anxiety or other emotional upsets. The criteria for both conduct disorders of childhood (F9l.-) and emotional disorders of childhood (F93.-) or an adult-type neurotic diagnosis (F40-F48) or a mood disorder (F30-F39) must be met."
F92.0,"Depressive conduct disorder Definition This category requires the combination of conduct disorder (F91.-) with persistent and marked depression of mood (F32.-), as demonstrated by symptoms such as excessive misery, loss of interest and pleasure in usual activities, self-blame, and hopelessness; disturbances of sleep or appetite may also be present."
F92.8,"Other mixed disorders of conduct and emotions Definition This category requires the combination of conduct disorder (F91.-) with persistent and marked emotional symptoms such as anxiety, obsessions or compulsions, depersonalization or derealization, phobias, or hypochondriasis."
F92.9,"Mixed disorder of conduct and emotions, unspecified"
F93,"Emotional disorders with onset specific to childhood Definition Mainly exaggerations of normal developmental trends rather than phenomena that are qualitatively abnormal in themselves. Developmental appropriateness is used as the key diagnostic feature in defining the difference between these emotional disorders, with onset specific to childhood, and the neurotic disorders (F40-F48)."
F93.0,"Separation anxiety disorder of childhood Definition Should be diagnosed when fear of separation constitutes the focus of the anxiety and when such anxiety first arose during the early years of childhood. It is differentiated from normal separation anxiety when it is of a degree (severity) that is statistically unusual (including an abnormal persistence beyond the usual age period), and when it is associated with significant problems in social functioning."
F93.1,"Phobic anxiety disorder of childhood Definition Fears in childhood that show a marked developmental phase specificity and arise (to some extent) in a majority of children, but that are abnormal in degree. Other fears that arise in childhood but that are not a normal part of psychosocial development (for example agoraphobia) should be coded under the appropriate category in section F40-F48."
F93.2,"Social anxiety disorder of childhood Definition In this disorder there is a wariness of strangers and social apprehension or anxiety when encountering new, strange, or socially threatening situations. This category should be used only where such fears arise during the early years, and are both unusual in degree and accompanied by problems in social functioning."
F93.3,Sibling rivalry disorder Definition Some degree of emotional disturbance usually following the birth of an immediately younger sibling is shown by a majority of young children. A sibling rivalry disorder should be diagnosed only if the degree or persistence of the disturbance is both statistically unusual and associated with abnormalities of social interaction.
F93.8,Other childhood emotional disorders
F93.9,"Childhood emotional disorder, unspecified"
F94,"Disorders of social functioning with onset specific to childhood and adolescence Definition A somewhat heterogeneous group of disorders that have in common abnormalities in social functioning which begin during the developmental period, but which (unlike the pervasive developmental disorders) are not primarily characterized by an apparently constitutional social incapacity or deficit that pervades all areas of functioning. In many instances, serious environmental distortions or privations probably play a crucial role in etiology."
F94.0,"Elective mutism Definition Characterized by a marked, emotionally determined selectivity in speaking, such that the child demonstrates a language competence in some situations but fails to speak in other (definable) situations. The disorder is usually associated with marked personality features involving social anxiety, withdrawal, sensitivity, or resistance."
F94.1,"Reactive attachment disorder of childhood Definition Starts in the first five years of life and is characterized by persistent abnormalities in the child's pattern of social relationships that are associated with emotional disturbance and are reactive to changes in environmental circumstances (e.g. fearfulness and hypervigilance, poor social interaction with peers, aggression towards self and others, misery, and growth failure in some cases). The syndrome probably occurs as a direct result of severe parental neglect, abuse, or serious mishandling. Coding-Hint Use additional code, if desired, to identify any associated failure to thrive or growth retardation."
F94.2,"Disinhibited attachment disorder of childhood Definition A particular pattern of abnormal social functioning that arises during the first five years of life and that tends to persist despite marked changes in environmental circumstances, e.g. diffuse, nonselectively focused attachment behaviour, attention-seeking and indiscriminately friendly behaviour, poorly modulated peer interactions; depending on circumstances there may also be associated emotional or behavioural disturbance."
F94.8,Other childhood disorders of social functioning
F94.9,"Childhood disorder of social functioning, unspecified"
F95,"Tic disorders Definition Syndromes in which the predominant manifestation is some form of tic. A tic is an involuntary, rapid, recurrent, nonrhythmic motor movement (usually involving circumscribed muscle groups) or vocal production that is of sudden onset and that serves no apparent purpose. Tics tend to be experienced as irresistible but usually they can be suppressed for varying periods of time, are exacerbated by stress, and disappear during sleep. Common simple motor tics include only eye-blinking, neck-jerking, shoulder- shrugging, and facial grimacing. Common simple vocal tics include throat-clearing, barking, sniffing, and hissing. Common complex tics include hitting oneself, jumping, and hopping. Common complex vocal tics include the repetition of particular words, and sometimes the use of socially unacceptable (often obscene) words (coprolalia), and the repetition of one's own sounds or words (palilalia)."
F95.0,"Transient tic disorder Definition Meets the general criteria for a tic disorder but the tics do not persist longer than 12 months. The tics usually take the form of eye-blinking, facial grimacing, or head-jerking."
F95.1,"Chronic motor or vocal tic disorder Definition Meets the general criteria for a tic disorder, in which there are motor or vocal tics (but not both), that may be either single or multiple (but usually multiple), and last for more than a year."
F95.2,"Combined vocal and multiple motor tic disorder [de la Tourette] Definition A form of tic disorder in which there are, or have been, multiple motor tics and one or more vocal tics, although these need not have occurred concurrently. The disorder usually worsens during adolescence and tends to persist into adult life. The vocal tics are often multiple with explosive repetitive vocalizations, throat-clearing, and grunting, and there may be the use of obscene words or phrases. Sometimes there is associated gestural echopraxia which may also be of an obscene nature (copropraxia)."
F95.8,Other tic disorders
F95.9,"Tic disorder, unspecified"
F98,"Other behavioural and emotional disorders with onset usually occurring in childhood and adolescence Definition A heterogeneous group of disorders that share the characteristic of an onset in childhood but otherwise differ in many respects. Some of the conditions represent well-defined syndromes but others are no more than symptom complexes that need inclusion because of their frequency and association with psychosocial problems, and because they cannot be incorporated into other syndromes."
F98.0,"Nonorganic enuresis Definition A disorder characterized by involuntary voiding of urine, by day and by night, which is abnormal in relation to the individual's mental age, and which is not a consequence of a lack of bladder control due to any neurological disorder, to epileptic attacks, or to any structural abnormality of the urinary tract. The enuresis may have been present from birth or it may have arisen following a period of acquired bladder control. The enuresis may or may not be associated with a more widespread emotional or behavioural disorder."
F98.1,"Nonorganic encopresis Definition Repeated, voluntary or involuntary passage of faeces, usually of normal or near-normal consistency, in places not appropriate for that purpose in the individual's own sociocultural setting. The condition may represent an abnormal continuation of normal infantile incontinence, it may involve a loss of continence following the acquisition of bowel control, or it may involve the deliberate deposition of faeces in inappropriate places in spite of normal physiological bowel control. The condition may occur as a monosymptomatic disorder, or it may form part of a wider disorder, especially an emotional disorder (F93.-) or a conduct disorder (F91.-)."
F98.2,"Feeding disorder of infancy and childhood Definition A feeding disorder of varying manifestations usually specific to infancy and early childhood. It generally involves food refusal and extreme faddiness in the presence of an adequate food supply, a reasonably competent caregiver, and the absence of organic disease. There may or may not be associated rumination (repeated regurgitation without nausea or gastrointestinal illness)."
F98.3,"Pica of infancy and childhood Definition Persistent eating of non-nutritive substances (such as soil, paint chippings, etc.). It may occur as one of many symptoms that are part of a more widespread psychiatric disorder (such as autism), or as a relatively isolated psychopathological behaviour; only the latter is classified here. The phenomenon is most common in mentally retarded children and, if mental retardation is also present, F70-F79 should be selected as the main diagnosis."
F98.4,"Stereotyped movement disorders Definition Voluntary, repetitive, stereotyped, nonfunctional (and often rhythmic) movements that do not form part of any recognized psychiatric or neurological condition. When such movements occur as symptoms of some other disorder, only the overall disorder should be recorded. The movements that are of a non self-injurious variety include: body-rocking, head-rocking, hair-plucking, hair-twisting, finger-flicking mannerisms, and hand-flapping. Stereotyped self-injurious behaviour includes repetitive head-banging, face-slapping, eye-poking, and biting of hands, lips or other body parts. All the stereotyped movement disorders occur most frequently in association with mental retardation (when this is the case, both should be recorded). If eye-poking occurs in a child with visual impairment, both should be coded: eye-poking under this category and the visual condition under the appropriate somatic disorder code."
F98.5,"Stuttering [stammering] Definition Speech that is characterized by frequent repetition or prolongation of sounds or syllables or words, or by frequent hesitations or pauses that disrupt the rhythmic flow of speech. It should be classified as a disorder only if its severity is such as to markedly disturb the fluency of speech."
F98.6,"Cluttering Definition A rapid rate of speech with breakdown in fluency, but no repetitions or hesitations, of a severity to give rise to diminished speech intelligibility. Speech is erratic and dysrhythmic, with rapid jerky spurts that usually involve faulty phrasing patterns."
F98.8,Other specified behavioural and emotional disorders with onset usually occurring in childhood and adolescence
F98.9,Unspecified behavioural and emotional disorders with onset usually occurring in childhood and adolescence
F99-,ICD-10 Version
F99,"Mental disorder, not otherwise specified"
G00-,ICD-10 Version
G00,"Bacterial meningitis, not elsewhere classified"
G00.0,Haemophilus meningitis
G00.1,Pneumococcal meningitis
G00.2,Streptococcal meningitis
G00.3,Staphylococcal meningitis
G00.8,Other bacterial meningitis
G00.9,"Bacterial meningitis, unspecified"
G03,Meningitis due to other and unspecified causes
G03.0,Nonpyogenic meningitis
G03.1,Chronic meningitis
G03.2,Benign recurrent meningitis [Mollaret]
G03.8,Meningitis due to other specified causes
G03.9,"Meningitis, unspecified"
G04,"Encephalitis, myelitis and encephalomyelitis"
G04.0,Acute disseminated encephalitis
G04.1,Human T-cell lymphotropic virus associated myelopathy
G04.2,"Bacterial meningoencephalitis and meningomyelitis, not elsewhere classified"
G04.8,"Other encephalitis, myelitis and encephalomyelitis"
G04.9,"Encephalitis, myelitis and encephalomyelitis, unspecified"
G06,"Intracranial and intraspinal abscess and granuloma Coding-Hint Use additional code (B95-B98), if desired, to identify infectious agent."
G06.0,Intracranial abscess and granuloma
G06.1,Intraspinal abscess and granuloma
G06.2,"Extradural and subdural abscess, unspecified"
G08,Intracranial and intraspinal phlebitis and thrombophlebitis
G09,Sequelae of inflammatory diseases of central nervous system
G10-,ICD-10 Version
G10,Huntington disease
G11,Hereditary ataxia
G11.0,Congenital nonprogressive ataxia
G11.1,Early-onset cerebellar ataxia Note: Onset usually before the age of 20
G11.2,Late-onset cerebellar ataxia
G11.3,Cerebellar ataxia with defective DNA repair
G11.4,Hereditary spastic paraplegia
G11.8,Other hereditary ataxias
G11.9,"Hereditary ataxia, unspecified"
G12,Spinal muscular atrophy and related syndromes
G12.0,"Infantile spinal muscular atrophy, type I [Werdnig-Hoffman]"
G12.1,Other inherited spinal muscular atrophy
G12.2,Motor neuron disease
G12.8,Other spinal muscular atrophies and related syndromes
G12.9,"Spinal muscular atrophy, unspecified"
G14,Postpolio syndrome
G20-,ICD-10 Version
G20,Parkinson disease
G21,Secondary parkinsonism
G21.0,"Malignant neuroleptic syndrome Coding-Hint Use additional external cause code (Chapter XX), if desired, to identify drug."
G21.1,"Other drug-induced secondary parkinsonism Coding-Hint Use additional external cause code (Chapter XX), if desired, to identify drug."
G21.2,"Secondary parkinsonism due to other external agents Coding-Hint Use additional external cause code (Chapter XX), if desired, to identify external agent."
G21.3,Postencephalitic parkinsonism
G21.4,Vascular parkinsonism
G21.8,Other secondary parkinsonism
G21.9,"Secondary parkinsonism, unspecified"
G23,Other degenerative diseases of basal ganglia
G23.0,Hallervorden-Spatz disease
G23.1,Progressive supranuclear ophthalmoplegia [Steele-Richardson-Olszewski]
G23.2,"Multiple system atrophy, parkinsonian type [MSA-P]"
G23.3,"Multiple system atrophy, cerebellar type [MSA-C]"
G23.8,Other specified degenerative diseases of basal ganglia
G23.9,"Degenerative disease of basal ganglia, unspecified"
G24,Dystonia
G24.0,"Drug-induced dystonia Coding-Hint Use additional external cause code (Chapter XX), if desired, to identify drug."
G24.1,Idiopathic familial dystonia
G24.2,Idiopathic nonfamilial dystonia
G24.3,Spasmodic torticollis
G24.4,Idiopathic orofacial dystonia
G24.5,Blepharospasm
G24.8,Other dystonia
G24.9,"Dystonia, unspecified"
G25,Other extrapyramidal and movement disorders
G25.0,Essential tremor
G25.1,"Drug-induced tremor Coding-Hint Use additional external cause code (Chapter XX), if desired, to identify drug."
G25.2,Other specified forms of tremor
G25.3,Myoclonus
G25.4,"Drug-induced chorea Coding-Hint Use additional external cause code (Chapter XX), if desired, to identify drug."
G25.5,Other chorea
G25.6,"Drug-induced tics and other tics of organic origin Coding-Hint Use additional external cause code (Chapter XX), if desired, to identify drug, if drug-induced."
G25.8,Other specified extrapyramidal and movement disorders
G25.9,"Extrapyramidal and movement disorder, unspecified"
G30-,ICD-10 Version
G30,Alzheimer disease
G30.0,Alzheimer disease with early onset
G30.1,Alzheimer disease with late onset
G30.8,Other Alzheimer disease
G30.9,"Alzheimer disease, unspecified"
G31,"Other degenerative diseases of nervous system, not elsewhere classified"
G31.0,Circumscribed brain atrophy
G31.1,"Senile degeneration of brain, not elsewhere classified"
G31.2,Degeneration of nervous system due to alcohol
G31.8,Other specified degenerative diseases of nervous system
G31.9,"Degenerative disease of nervous system, unspecified"
G35-,ICD-10 Version
G35,Multiple sclerosis
G36,Other acute disseminated demyelination
G36.0,Neuromyelitis optica [Devic]
G36.1,Acute and subacute haemorrhagic leukoencephalitis [Hurst]
G36.8,Other specified acute disseminated demyelination
G36.9,"Acute disseminated demyelination, unspecified"
G37,Other demyelinating diseases of central nervous system
G37.0,Diffuse sclerosis
G37.1,Central demyelination of corpus callosum
G37.2,Central pontine myelinolysis
G37.3,Acute transverse myelitis in demyelinating disease of central nervous system
G37.4,Subacute necrotizing myelitis
G37.5,Concentric sclerosis [Baló]
G37.8,Other specified demyelinating diseases of central nervous system
G37.9,"Demyelinating disease of central nervous system, unspecified"
G40-,ICD-10 Version
G40,Epilepsy
G40.0,Localization-related (focal)(partial) idiopathic epilepsy and epileptic syndromes with seizures of localized onset
G40.1,Localization-related (focal)(partial) symptomatic epilepsy and epileptic syndromes with simple partial seizures
G40.2,Localization-related (focal)(partial) symptomatic epilepsy and epileptic syndromes with complex partial seizures
G40.3,Generalized idiopathic epilepsy and epileptic syndromes
G40.4,Other generalized epilepsy and epileptic syndromes
G40.5,Special epileptic syndromes
G40.6,"Grand mal seizures, unspecified (with or without petit mal)"
G40.7,"Petit mal, unspecified, without grand mal seizures"
G40.8,Other epilepsy
G40.9,"Epilepsy, unspecified"
G41,Status epilepticus
G41.0,Grand mal status epilepticus
G41.1,Petit mal status epilepticus
G41.2,Complex partial status epilepticus
G41.8,Other status epilepticus
G41.9,"Status epilepticus, unspecified"
G43,"Migraine Coding-Hint Use additional external cause code (Chapter XX), if desired, to identify drug, if drug-induced."
G43.0,Migraine without aura [common migraine]
G43.1,Migraine with aura [classical migraine]
G43.2,Status migrainosus
G43.3,Complicated migraine
G43.8,Other migraine
G43.9,"Migraine, unspecified"
G44,Other headache syndromes
G44.0,Cluster headache syndrome
G44.1,"Vascular headache, not elsewhere classified"
G44.2,Tension-type headache
G44.3,Chronic post-traumatic headache
G44.4,"Drug-induced headache, not elsewhere classified Coding-Hint Use additional external cause code (Chapter XX), if desired, to identify drug."
G44.8,Other specified headache syndromes
G45,Transient cerebral ischaemic attacks and related syndromes
G45.0,Vertebro-basilar artery syndrome
G45.1,Carotid artery syndrome (hemispheric)
G45.2,Multiple and bilateral precerebral artery syndromes
G45.3,Amaurosis fugax
G45.4,Transient global amnesia
G45.8,Other transient cerebral ischaemic attacks and related syndromes
G45.9,"Transient cerebral ischaemic attack, unspecified"
G47,Sleep disorders
G47.0,Disorders of initiating and maintaining sleep [insomnias]
G47.1,Disorders of excessive somnolence [hypersomnias]
G47.2,Disorders of the sleep-wake schedule
G47.3,Sleep apnoea
G47.4,Narcolepsy and cataplexy
G47.8,Other sleep disorders
G47.9,"Sleep disorder, unspecified"
G50-,ICD-10 Version
G50,Disorders of trigeminal nerve
G50.0,Trigeminal neuralgia
G50.1,Atypical facial pain
G50.8,Other disorders of trigeminal nerve
G50.9,"Disorder of trigeminal nerve, unspecified"
G51,Facial nerve disorders
G51.0,Bell palsy
G51.1,Geniculate ganglionitis
G51.2,Melkersson syndrome
G51.3,Clonic hemifacial spasm
G51.4,Facial myokymia
G51.8,Other disorders of facial nerve
G51.9,"Disorder of facial nerve, unspecified"
G52,Disorders of other cranial nerves
G52.0,Disorders of olfactory nerve
G52.1,Disorders of glossopharyngeal nerve
G52.2,Disorders of vagus nerve
G52.3,Disorders of hypoglossal nerve
G52.7,Disorders of multiple cranial nerves
G52.8,Disorders of other specified cranial nerves
G52.9,"Cranial nerve disorder, unspecified"
G54,Nerve root and plexus disorders
G54.0,Brachial plexus disorders
G54.1,Lumbosacral plexus disorders
G54.2,"Cervical root disorders, not elsewhere classified"
G54.3,"Thoracic root disorders, not elsewhere classified"
G54.4,"Lumbosacral root disorders, not elsewhere classified"
G54.5,Neuralgic amyotrophy
G54.6,Phantom limb syndrome with pain
G54.7,Phantom limb syndrome without pain
G54.8,Other nerve root and plexus disorders
G54.9,"Nerve root and plexus disorder, unspecified"
G56,Mononeuropathies of upper limb
G56.0,Carpal tunnel syndrome
G56.1,Other lesions of median nerve
G56.2,Lesion of ulnar nerve
G56.3,Lesion of radial nerve
G56.8,Other mononeuropathies of upper limb
G56.9,"Mononeuropathy of upper limb, unspecified"
G57,Mononeuropathies of lower limb
G57.0,Lesion of sciatic nerve
G57.1,Meralgia paraesthetica
G57.2,Lesion of femoral nerve
G57.3,Lesion of lateral popliteal nerve
G57.4,Lesion of medial popliteal nerve
G57.5,Tarsal tunnel syndrome
G57.6,Lesion of plantar nerve
G57.8,Other mononeuropathies of lower limb
G57.9,"Mononeuropathy of lower limb, unspecified"
G58,Other mononeuropathies
G58.0,Intercostal neuropathy
G58.7,Mononeuritis multiplex
G58.8,Other specified mononeuropathies
G58.9,"Mononeuropathy, unspecified"
E10,E14 with common fourth character .4†
G60-,ICD-10 Version
G60,Hereditary and idiopathic neuropathy
G60.0,Hereditary motor and sensory neuropathy
G60.1,Refsum disease
G60.2,Neuropathy in association with hereditary ataxia
G60.3,Idiopathic progressive neuropathy
G60.8,Other hereditary and idiopathic neuropathies
G60.9,"Hereditary and idiopathic neuropathy, unspecified"
G61,Inflammatory polyneuropathy
G61.0,Guillain-Barré syndrome
G61.1,"Serum neuropathy Coding-Hint Use additional external cause code (Chapter XX), if desired, to identify cause."
G61.8,Other inflammatory polyneuropathies
G61.9,"Inflammatory polyneuropathy, unspecified"
G62,Other polyneuropathies
G62.0,"Drug-induced polyneuropathy Coding-Hint Use additional external cause code (Chapter XX), if desired, to identify drug."
G62.1,Alcoholic polyneuropathy
G62.2,"Polyneuropathy due to other toxic agents Coding-Hint Use additional external cause code (Chapter XX), if desired, to identify toxic agent."
G62.8,Other specified polyneuropathies
G62.9,"Polyneuropathy, unspecified"
E10,E14 with common fourth character .4†
G64,Other disorders of peripheral nervous system
G70-,ICD-10 Version
G70,Myasthenia gravis and other myoneural disorders
G70.0,"Myasthenia gravis Coding-Hint Use additional external cause code (Chapter XX), if desired, to identify drug, if drug-induced."
G70.1,"Toxic myoneural disorders Coding-Hint Use additional external cause code (Chapter XX), if desired, to identify toxic agent."
G70.2,Congenital and developmental myasthenia
G70.8,Other specified myoneural disorders
G70.9,"Myoneural disorder, unspecified"
G71,Primary disorders of muscles
G71.0,Muscular dystrophy
G71.1,Myotonic disorders
G71.2,Congenital myopathies
G71.3,"Mitochondrial myopathy, not elsewhere classified"
G71.8,Other primary disorders of muscles
G71.9,"Primary disorder of muscle, unspecified"
G72,Other myopathies
G72.0,"Drug-induced myopathy Coding-Hint Use additional external cause code (Chapter XX), if desired, to identify drug."
G72.1,Alcoholic myopathy
G72.2,"Myopathy due to other toxic agents Coding-Hint Use additional external cause code (Chapter XX), if desired, to identify toxic agent."
G72.3,Periodic paralysis
G72.4,"Inflammatory myopathy, not elsewhere classified"
G72.8,Other specified myopathies
G72.9,"Myopathy, unspecified"
E10,E14 with common fourth character .4†
E21.0,E21.3†
G80-,ICD-10 Version
G80,Cerebral palsy
G80.0,Spastic quadriplegic cerebral palsy
G80.1,Spastic diplegic cerebral palsy
G80.2,Spastic hemiplegic cerebral palsy
G80.3,Dyskinetic cerebral palsy
G80.4,Ataxic cerebral palsy
G80.8,Other cerebral palsy
G80.9,"Cerebral palsy, unspecified"
G81,"Hemiplegia Note: For primary coding, this category is to be used only when hemiplegia (complete) (incomplete) is reported without further specification, or is stated to be old or longstanding but of unspecified cause. The category is also for use in multiple coding to identify these types of hemiplegia resulting from any cause."
G81.0,Flaccid hemiplegia
G81.1,Spastic hemiplegia
G81.9,"Hemiplegia, unspecified"
G82,"Paraplegia and tetraplegia Note: For primary coding, this category is to be used only when the listed conditions are reported without further specification, or are stated to be old or longstanding but of unspecified cause. The category is also for use in multiple coding to identify these conditions resulting from any cause."
G82.0,Flaccid paraplegia
G82.1,Spastic paraplegia
G82.2,"Paraplegia, unspecified"
G82.3,Flaccid tetraplegia
G82.4,Spastic tetraplegia
G82.5,"Tetraplegia, unspecified"
G83,"Other paralytic syndromes Note: For primary coding, this category is to be used only when the listed conditions are reported without further specification, or are stated to be old or longstanding but of unspecified cause. The category is also for use in multiple coding to identify these conditions resulting from any cause."
G83.0,Diplegia of upper limbs
G83.1,Monoplegia of lower limb
G83.2,Monoplegia of upper limb
G83.3,"Monoplegia, unspecified"
G83.4,Cauda equina syndrome
G83.5,Locked-in syndrome
G83.6,Upper motor neuron facial paralysis
G83.8,Other specified paralytic syndromes
G83.9,"Paralytic syndrome, unspecified"
G90-,ICD-10 Version
G90,Disorders of autonomic nervous system
G90.0,Idiopathic peripheral autonomic neuropathy
G90.1,Familial dysautonomia [Riley-Day]
G90.2,Horner syndrome
G90.4,Autonomic dysreflexia
G90.5,Complex regional pain syndrome type I
G90.6,Complex regional pain syndrome type II
G90.7,"Complex regional pain syndrome, other and unspecified type"
G90.8,Other disorders of autonomic nervous system
G90.9,"Disorder of autonomic nervous system, unspecified"
G91,Hydrocephalus
G91.0,Communicating hydrocephalus
G91.1,Obstructive hydrocephalus
G91.2,Normal-pressure hydrocephalus
G91.3,"Post-traumatic hydrocephalus, unspecified"
G91.8,Other hydrocephalus
G91.9,"Hydrocephalus, unspecified"
G92,"Toxic encephalopathy Coding-Hint Use additional external cause code (Chapter XX), if desired, to identify toxic agent."
G93,Other disorders of brain
G93.0,Cerebral cysts
G93.1,"Anoxic brain damage, not elsewhere classified"
G93.2,Benign intracranial hypertension
G93.3,Postviral fatigue syndrome
G93.4,"Encephalopathy, unspecified"
G93.5,Compression of brain
G93.6,Cerebral oedema
G93.7,"Reye syndrome Coding-Hint Use additional external cause code (Chapter XX), if desired, to identify cause."
G93.8,Other specified disorders of brain
G93.9,"Disorder of brain, unspecified"
G95,Other diseases of spinal cord
G95.0,Syringomyelia and syringobulbia
G95.1,Vascular myelopathies
G95.2,"Cord compression, unspecified"
G95.8,Other specified diseases of spinal cord
G95.9,"Disease of spinal cord, unspecified"
G96,Other disorders of central nervous system
G96.0,Cerebrospinal fluid leak
G96.1,"Disorders of meninges, not elsewhere classified"
G96.8,Other specified disorders of central nervous system
G96.9,"Disorder of central nervous system, unspecified"
G97,"Postprocedural disorders of nervous system, not elsewhere classified"
G97.0,Cerebrospinal fluid leak from spinal puncture
G97.1,Other reaction to spinal and lumbar puncture
G97.2,Intracranial hypotension following ventricular shunting
G97.8,Other postprocedural disorders of nervous system
G97.9,"Postprocedural disorder of nervous system, unspecified"
G98,"Other disorders of nervous system, not elsewhere classified"
E10,E14 with common fourth character .4†
H60-,ICD-10 Version
H60,Otitis externa
H60.0,Abscess of external ear
H60.1,Cellulitis of external ear
H60.2,Malignant otitis externa
H60.3,Other infective otitis externa
H60.4,Cholesteatoma of external ear
H60.5,"Acute otitis externa, noninfective"
H60.8,Other otitis externa
H60.9,"Otitis externa, unspecified"
H61,Other disorders of external ear
H61.0,Perichondritis of external ear
H61.1,Noninfective disorders of pinna
H61.2,Impacted cerumen
H61.3,Acquired stenosis of external ear canal
H61.8,Other specified disorders of external ear
H61.9,"Disorder of external ear, unspecified"
H65-,ICD-10 Version
H65,Nonsuppurative otitis media
H65.0,Acute serous otitis media
H65.1,Other acute nonsuppurative otitis media
H65.2,Chronic serous otitis media
H65.3,Chronic mucoid otitis media
H65.4,Other chronic nonsuppurative otitis media
H65.9,"Nonsuppurative otitis media, unspecified"
H66,Suppurative and unspecified otitis media
H66.0,Acute suppurative otitis media
H66.1,Chronic tubotympanic suppurative otitis media
H66.2,Chronic atticoantral suppurative otitis media
H66.3,Other chronic suppurative otitis media
H66.4,"Suppurative otitis media, unspecified"
H66.9,"Otitis media, unspecified"
H68,Eustachian salpingitis and obstruction
H68.0,Eustachian salpingitis
H68.1,Obstruction of Eustachian tube
H69,Other disorders of Eustachian tube
H69.0,Patulous Eustachian tube
H69.8,Other specified disorders of Eustachian tube
H69.9,"Eustachian tube disorder, unspecified"
H70,Mastoiditis and related conditions
H70.0,Acute mastoiditis
H70.1,Chronic mastoiditis
H70.2,Petrositis
H70.8,Other mastoiditis and related conditions
H70.9,"Mastoiditis, unspecified"
H71,Cholesteatoma of middle ear
H72,Perforation of tympanic membrane
H72.0,Central perforation of tympanic membrane
H72.1,Attic perforation of tympanic membrane
H72.2,Other marginal perforations of tympanic membrane
H72.8,Other perforations of tympanic membrane
H72.9,"Perforation of tympanic membrane, unspecified"
H73,Other disorders of tympanic membrane
H73.0,Acute myringitis
H73.1,Chronic myringitis
H73.8,Other specified disorders of tympanic membrane
H73.9,"Disorder of tympanic membrane, unspecified"
H74,Other disorders of middle ear and mastoid
H74.0,Tympanosclerosis
H74.1,Adhesive middle ear disease
H74.2,Discontinuity and dislocation of ear ossicles
H74.3,Other acquired abnormalities of ear ossicles
H74.4,Polyp of middle ear
H74.8,Other specified disorders of middle ear and mastoid
H74.9,"Disorder of middle ear and mastoid, unspecified"
H80-,ICD-10 Version
H80,Otosclerosis
H80.0,"Otosclerosis involving oval window, nonobliterative"
H80.1,"Otosclerosis involving oval window, obliterative"
H80.2,Cochlear otosclerosis
H80.8,Other otosclerosis
H80.9,"Otosclerosis, unspecified"
H81,Disorders of vestibular function
H81.0,Ménière disease
H81.1,Benign paroxysmal vertigo
H81.2,Vestibular neuronitis
H81.3,Other peripheral vertigo
H81.4,Vertigo of central origin
H81.8,Other disorders of vestibular function
H81.9,"Disorder of vestibular function, unspecified"
H83,Other diseases of inner ear
H83.0,Labyrinthitis
H83.1,Labyrinthine fistula
H83.2,Labyrinthine dysfunction
H83.3,Noise effects on inner ear
H83.8,Other specified diseases of inner ear
H83.9,"Disease of inner ear, unspecified"
H90-,ICD-10 Version
H90,Conductive and sensorineural hearing loss
H90.0,"Conductive hearing loss, bilateral"
H90.1,"Conductive hearing loss, unilateral with unrestricted hearing on the contralateral side"
H90.2,"Conductive hearing loss, unspecified"
H90.3,"Sensorineural hearing loss, bilateral"
H90.4,"Sensorineural hearing loss, unilateral with unrestricted hearing on the contralateral side"
H90.5,"Sensorineural hearing loss, unspecified"
H90.6,"Mixed conductive and sensorineural hearing loss, bilateral"
H90.7,"Mixed conductive and sensorineural hearing loss, unilateral with unrestricted hearing on the contralateral side"
H90.8,"Mixed conductive and sensorineural hearing loss, unspecified"
H91,Other hearing loss
H91.0,"Ototoxic hearing loss Coding-Hint Use additional external cause code (Chapter XX), if desired, to identify toxic agent."
H91.1,Presbycusis
H91.2,Sudden idiopathic hearing loss
H91.3,"Deaf mutism, not elsewhere classified"
H91.8,Other specified hearing loss
H91.9,"Hearing loss, unspecified"
H92,Otalgia and effusion of ear
H92.0,Otalgia
H92.1,Otorrhoea
H92.2,Otorrhagia
H93,"Other disorders of ear, not elsewhere classified"
H93.0,Degenerative and vascular disorders of ear
H93.1,Tinnitus
H93.2,Other abnormal auditory perceptions
H93.3,Disorders of acoustic nerve
H93.8,Other specified disorders of ear
H93.9,"Disorder of ear, unspecified"
H95,"Postprocedural disorders of ear and mastoid process, not elsewhere classified"
H95.0,Recurrent cholesteatoma of postmastoidectomy cavity
H95.1,Other disorders following mastoidectomy
H95.8,Other postprocedural disorders of ear and mastoid process
H95.9,"Postprocedural disorder of ear and mastoid process, unspecified"
J00-,ICD-10 Version
J00,Acute nasopharyngitis [common cold]
J01,Acute sinusitis
J01.0,Acute maxillary sinusitis
J01.1,Acute frontal sinusitis
J01.2,Acute ethmoidal sinusitis
J01.3,Acute sphenoidal sinusitis
J01.4,Acute pansinusitis
J01.8,Other acute sinusitis
J01.9,"Acute sinusitis, unspecified"
J02,Acute pharyngitis
J02.0,Streptococcal pharyngitis
J02.8,"Acute pharyngitis due to other specified organisms Coding-Hint Use additional code (B95-B98), if desired, to identify infectious agent."
J02.9,"Acute pharyngitis, unspecified"
J03,Acute tonsillitis
J03.0,Streptococcal tonsillitis
J03.8,"Acute tonsillitis due to other specified organisms Coding-Hint Use additional code (B95-B98), if desired, to identify infectious agent."
J03.9,"Acute tonsillitis, unspecified"
J04,"Acute laryngitis and tracheitis Coding-Hint Use additional code (B95-B98), if desired, to identify infectious agent."
J04.0,Acute laryngitis
J04.1,Acute tracheitis
J04.2,Acute laryngotracheitis
J05,"Acute obstructive laryngitis [croup] and epiglottitis Coding-Hint Use additional code (B95-B98), if desired, to identify infectious agent."
J05.0,Acute obstructive laryngitis [croup]
J05.1,Acute epiglottitis
J06,Acute upper respiratory infections of multiple and unspecified sites
J06.0,Acute laryngopharyngitis
J06.8,Other acute upper respiratory infections of multiple sites
J06.9,"Acute upper respiratory infection, unspecified"
J09-,ICD-10 Version
J09,"Influenza due to identified zoonotic or pandemic influenza virus Note: For use of this category, reference must be made to the guidelines of the Global Influenza Programme (GIP, www.who.int/influenza) of WHO Definition Influenza caused by influenza virus strains of special epidemiological importance with an animal-human or inter-human transmission Coding-Hint Use additional code, if desired, to identify pneumonia or other manifestations."
J10,Influenza due to identified seasonal influenza virus
J10.0,"Influenza with pneumonia, seasonal influenza virus identified"
J10.1,"Influenza with other respiratory manifestations, seasonal influenza virus identified"
J10.8,"Influenza with other manifestations, seasonal influenza virus identified"
J11,"Influenza, virus not identified"
J11.0,"Influenza with pneumonia, virus not identified"
J11.1,"Influenza with other respiratory manifestations, virus not identified"
J11.8,"Influenza with other manifestations, virus not identified"
J12,"Viral pneumonia, not elsewhere classified"
J12.0,Adenoviral pneumonia
J12.1,Respiratory syncytial virus pneumonia
J12.2,Parainfluenza virus pneumonia
J12.3,Human metapneumovirus pneumonia
J12.8,Other viral pneumonia
J12.9,"Viral pneumonia, unspecified"
J13,Pneumonia due to Streptococcus pneumoniae
J14,Pneumonia due to Haemophilus influenzae
J15,"Bacterial pneumonia, not elsewhere classified"
J15.0,Pneumonia due to Klebsiella pneumoniae
J15.1,Pneumonia due to Pseudomonas
J15.2,Pneumonia due to staphylococcus
J15.3,"Pneumonia due to streptococcus, group B"
J15.4,Pneumonia due to other streptococci
J15.5,Pneumonia due to Escherichia coli
J15.6,Pneumonia due to other Gram-negative bacteria
J15.7,Pneumonia due to Mycoplasma pneumoniae
J15.8,Other bacterial pneumonia
J15.9,"Bacterial pneumonia, unspecified"
J16,"Pneumonia due to other infectious organisms, not elsewhere classified"
J16.0,Chlamydial pneumonia
J16.8,Pneumonia due to other specified infectious organisms
B44.0,B44.1†
B38.0,B38.2†
J18,"Pneumonia, organism unspecified"
J18.0,"Bronchopneumonia, unspecified"
J18.1,"Lobar pneumonia, unspecified"
J18.2,"Hypostatic pneumonia, unspecified"
J18.8,"Other pneumonia, organism unspecified"
J18.9,"Pneumonia, unspecified"
J20-,ICD-10 Version
J20,Acute bronchitis
J20.0,Acute bronchitis due to Mycoplasma pneumoniae
J20.1,Acute bronchitis due to Haemophilus influenzae
J20.2,Acute bronchitis due to streptococcus
J20.3,Acute bronchitis due to coxsackievirus
J20.4,Acute bronchitis due to parainfluenza virus
J20.5,Acute bronchitis due to respiratory syncytial virus
J20.6,Acute bronchitis due to rhinovirus
J20.7,Acute bronchitis due to echovirus
J20.8,Acute bronchitis due to other specified organisms
J20.9,"Acute bronchitis, unspecified"
J21,Acute bronchiolitis
J21.0,Acute bronchiolitis due to respiratory syncytial virus
J21.1,Acute bronchiolitis due to human metapneumovirus
J21.8,Acute bronchiolitis due to other specified organisms
J21.9,"Acute bronchiolitis, unspecified"
J22,Unspecified acute lower respiratory infection
J30-,ICD-10 Version
J30,Vasomotor and allergic rhinitis
J30.0,Vasomotor rhinitis
J30.1,Allergic rhinitis due to pollen
J30.2,Other seasonal allergic rhinitis
J30.3,Other allergic rhinitis
J30.4,"Allergic rhinitis, unspecified"
J31,"Chronic rhinitis, nasopharyngitis and pharyngitis"
J31.0,Chronic rhinitis
J31.1,Chronic nasopharyngitis
J31.2,Chronic pharyngitis
J32,Chronic sinusitis
J32.0,Chronic maxillary sinusitis
J32.1,Chronic frontal sinusitis
J32.2,Chronic ethmoidal sinusitis
J32.3,Chronic sphenoidal sinusitis
J32.4,Chronic pansinusitis
J32.8,Other chronic sinusitis
J32.9,"Chronic sinusitis, unspecified"
J33,Nasal polyp
J33.0,Polyp of nasal cavity
J33.1,Polypoid sinus degeneration
J33.8,Other polyp of sinus
J33.9,"Nasal polyp, unspecified"
J34,Other disorders of nose and nasal sinuses
J34.0,"Abscess, furuncle and carbuncle of nose"
J34.1,Cyst and mucocele of nose and nasal sinus
J34.2,Deviated nasal septum
J34.3,Hypertrophy of nasal turbinates
J34.8,Other specified disorders of nose and nasal sinuses
J35,Chronic diseases of tonsils and adenoids
J35.0,Chronic tonsillitis
J35.1,Hypertrophy of tonsils
J35.2,Hypertrophy of adenoids
J35.3,Hypertrophy of tonsils with hypertrophy of adenoids
J35.8,Other chronic diseases of tonsils and adenoids
J35.9,"Chronic disease of tonsils and adenoids, unspecified"
J36,Peritonsillar abscess
J37,"Chronic laryngitis and laryngotracheitis Coding-Hint Use additional code (B95-B98), if desired, to identify infectious agent."
J37.0,Chronic laryngitis
J37.1,Chronic laryngotracheitis
J38,"Diseases of vocal cords and larynx, not elsewhere classified"
J38.0,Paralysis of vocal cords and larynx
J38.1,Polyp of vocal cord and larynx
J38.2,Nodules of vocal cords
J38.3,Other diseases of vocal cords
J38.4,Oedema of larynx
J38.5,Laryngeal spasm
J38.6,Stenosis of larynx
J38.7,Other diseases of larynx
J39,Other diseases of upper respiratory tract
J39.0,Retropharyngeal and parapharyngeal abscess
J39.1,Other abscess of pharynx
J39.2,Other diseases of pharynx
J39.3,"Upper respiratory tract hypersensitivity reaction, site unspecified"
J39.8,Other specified diseases of upper respiratory tract
J39.9,"Disease of upper respiratory tract, unspecified"
J40-,ICD-10 Version
J40,"Bronchitis, not specified as acute or chronic Note: Bronchitis not specified as acute or chronic in those under 15 years of age can be assumed to be of acute nature and should be classified to J20.-."
J41,Simple and mucopurulent chronic bronchitis
J41.0,Simple chronic bronchitis
J41.1,Mucopurulent chronic bronchitis
J41.8,Mixed simple and mucopurulent chronic bronchitis
J42,Unspecified chronic bronchitis
J43,Emphysema
J43.0,MacLeod syndrome
J43.1,Panlobular emphysema
J43.2,Centrilobular emphysema
J43.8,Other emphysema
J43.9,"Emphysema, unspecified"
J44,Other chronic obstructive pulmonary disease
J44.0,Chronic obstructive pulmonary disease with acute lower respiratory infection
J44.1,"Chronic obstructive pulmonary disease with acute exacerbation, unspecified"
J44.8,Other specified chronic obstructive pulmonary disease
J44.9,"Chronic obstructive pulmonary disease, unspecified"
J45,Asthma
J45.0,Predominantly allergic asthma
J45.1,Nonallergic asthma
J45.8,Mixed asthma
J45.9,"Asthma, unspecified"
J46,Status asthmaticus
J47,Bronchiectasis
J60-,ICD-10 Version
J60,Coalworker pneumoconiosis
J61,Pneumoconiosis due to asbestos and other mineral fibres
J62,Pneumoconiosis due to dust containing silica
J62.0,Pneumoconiosis due to talc dust
J62.8,Pneumoconiosis due to other dust containing silica
J63,Pneumoconiosis due to other inorganic dusts
J63.0,Aluminosis (of lung)
J63.1,Bauxite fibrosis (of lung)
J63.2,Berylliosis
J63.3,Graphite fibrosis (of lung)
J63.4,Siderosis
J63.5,Stannosis
J63.8,Pneumoconiosis due to other specified inorganic dusts
J64,Unspecified pneumoconiosis
J65,Pneumoconiosis associated with tuberculosis
J66,Airway disease due to specific organic dust
J66.0,Byssinosis
J66.1,Flax-dresser disease
J66.2,Cannabinosis
J66.8,Airway disease due to other specific organic dusts
J67,Hypersensitivity pneumonitis due to organic dust
J67.0,Farmer lung
J67.1,Bagassosis
J67.2,Bird fancier lung
J67.3,Suberosis
J67.4,Maltworker lung
J67.5,Mushroom-worker lung
J67.6,Maple-bark-stripper lung
J67.7,Air-conditioner and humidifier lung
J67.8,Hypersensitivity pneumonitis due to other organic dusts
J67.9,Hypersensitivity pneumonitis due to unspecified organic dust
J68,"Respiratory conditions due to inhalation of chemicals, gases, fumes and vapours Coding-Hint Use additional external cause code (Chapter XX), if desired, to identify cause."
J68.0,"Bronchitis and pneumonitis due to chemicals, gases, fumes and vapours"
J68.1,"Pulmonary oedema due to chemicals, gases, fumes and vapours"
J68.2,"Upper respiratory inflammation due to chemicals, gases, fumes and vapours, not elsewhere classified"
J68.3,"Other acute and subacute respiratory conditions due to chemicals, gases, fumes and vapours"
J68.4,"Chronic respiratory conditions due to chemicals, gases, fumes and vapours"
J68.8,"Other respiratory conditions due to chemicals, gases, fumes and vapours"
J68.9,"Unspecified respiratory condition due to chemicals, gases, fumes and vapours"
J69,"Pneumonitis due to solids and liquids Coding-Hint Use additional external cause code (Chapter XX), if desired, to identify cause."
J69.0,Pneumonitis due to food and vomit
J69.1,Pneumonitis due to oils and essences
J69.8,Pneumonitis due to other solids and liquids
J70,"Respiratory conditions due to other external agents Coding-Hint Use additional external cause code (Chapter XX), if desired, to identify cause."
J70.0,Acute pulmonary manifestations due to radiation
J70.1,Chronic and other pulmonary manifestations due to radiation
J70.2,Acute drug-induced interstitial lung disorders
J70.3,Chronic drug-induced interstitial lung disorders
J70.4,"Drug-induced interstitial lung disorders, unspecified"
J70.8,Respiratory conditions due to other specified external agents
J70.9,Respiratory conditions due to unspecified external agent
J80-,ICD-10 Version
J80,Adult respiratory distress syndrome
J81,Pulmonary oedema
J82,"Pulmonary eosinophilia, not elsewhere classified"
J84,Other interstitial pulmonary diseases
J84.0,Alveolar and parietoalveolar conditions
J84.1,Other interstitial pulmonary diseases with fibrosis
J84.8,Other specified interstitial pulmonary diseases
J84.9,"Interstitial pulmonary disease, unspecified"
J85-,ICD-10 Version
J85,Abscess of lung and mediastinum
J85.0,Gangrene and necrosis of lung
J85.1,Abscess of lung with pneumonia
J85.2,Abscess of lung without pneumonia
J85.3,Abscess of mediastinum
J86,Pyothorax
J86.0,Pyothorax with fistula
J86.9,Pyothorax without fistula
J90-,ICD-10 Version
J90,"Pleural effusion, not elsewhere classified"
J92,Pleural plaque
J92.0,Pleural plaque with presence of asbestos
J92.9,Pleural plaque without asbestos
J93,Pneumothorax
J93.0,Spontaneous tension pneumothorax
J93.1,Other spontaneous pneumothorax
J93.8,Other pneumothorax
J93.9,"Pneumothorax, unspecified"
J94,Other pleural conditions
J94.0,Chylous effusion
J94.1,Fibrothorax
J94.2,Haemothorax
J94.8,Other specified pleural conditions
J94.9,"Pleural condition, unspecified"
J95-,ICD-10 Version
J95,"Postprocedural respiratory disorders, not elsewhere classified"
J95.0,Tracheostomy malfunction
J95.1,Acute pulmonary insufficiency following thoracic surgery
J95.2,Acute pulmonary insufficiency following nonthoracic surgery
J95.3,Chronic pulmonary insufficiency following surgery
J95.4,Mendelson syndrome
J95.5,Postprocedural subglottic stenosis
J95.8,Other postprocedural respiratory disorders
J95.9,"Postprocedural respiratory disorder, unspecified"
J96,"Respiratory failure, not elsewhere classified Modifier-Hint"
J96.0,Acute respiratory failure
J96.1,Chronic respiratory failure
J96.9,"Respiratory failure, unspecified"
J98,Other respiratory disorders
J98.0,"Diseases of bronchus, not elsewhere classified"
J98.1,Pulmonary collapse
J98.2,Interstitial emphysema
J98.3,Compensatory emphysema
J98.4,Other disorders of lung
J98.5,"Diseases of mediastinum, not elsewhere classified"
J98.6,Disorders of diaphragm
J98.7,"Respiratory infections, not elsewhere classified"
J98.8,Other specified respiratory disorders
J98.9,"Respiratory disorder, unspecified"
M33.0,M33.1†
L00-,ICD-10 Version
L00,Staphylococcal scalded skin syndrome
L01,Impetigo
L01.0,Impetigo [any organism] [any site]
L01.1,Impetiginization of other dermatoses
L02,"Cutaneous abscess, furuncle and carbuncle"
L02.0,"Cutaneous abscess, furuncle and carbuncle of face"
L02.1,"Cutaneous abscess, furuncle and carbuncle of neck"
L02.2,"Cutaneous abscess, furuncle and carbuncle of trunk"
L02.3,"Cutaneous abscess, furuncle and carbuncle of buttock"
L02.4,"Cutaneous abscess, furuncle and carbuncle of limb"
L02.8,"Cutaneous abscess, furuncle and carbuncle of other sites"
L02.9,"Cutaneous abscess, furuncle and carbuncle, unspecified"
L03,Cellulitis
L03.0,Cellulitis of finger and toe
L03.1,Cellulitis of other parts of limb
L03.2,Cellulitis of face
L03.3,Cellulitis of trunk
L03.8,Cellulitis of other sites
L03.9,"Cellulitis, unspecified"
L04,Acute lymphadenitis
L04.0,"Acute lymphadenitis of face, head and neck"
L04.1,Acute lymphadenitis of trunk
L04.2,Acute lymphadenitis of upper limb
L04.3,Acute lymphadenitis of lower limb
L04.8,Acute lymphadenitis of other sites
L04.9,"Acute lymphadenitis, unspecified"
L05,Pilonidal cyst
L05.0,Pilonidal cyst with abscess
L05.9,Pilonidal cyst without abscess
L08,Other local infections of skin and subcutaneous tissue
L08.0,Pyoderma
L08.1,Erythrasma
L08.8,Other specified local infections of skin and subcutaneous tissue
L08.9,"Local infection of skin and subcutaneous tissue, unspecified"
L10-,ICD-10 Version
L10,Pemphigus
L10.0,Pemphigus vulgaris
L10.1,Pemphigus vegetans
L10.2,Pemphigus foliaceus
L10.3,Brazilian pemphigus [fogo selvagem]
L10.4,Pemphigus erythematosus
L10.5,"Drug-induced pemphigus Coding-Hint Use additional external cause code (Chapter XX), if desired, to identify drug."
L10.8,Other pemphigus
L10.9,"Pemphigus, unspecified"
L11,Other acantholytic disorders
L11.0,Acquired keratosis follicularis
L11.1,Transient acantholytic dermatosis [Grover]
L11.8,Other specified acantholytic disorders
L11.9,"Acantholytic disorder, unspecified"
L12,Pemphigoid
L12.0,Bullous pemphigoid
L12.1,Cicatricial pemphigoid
L12.2,Chronic bullous disease of childhood
L12.3,Acquired epidermolysis bullosa
L12.8,Other pemphigoid
L12.9,"Pemphigoid, unspecified"
L13,Other bullous disorders
L13.0,Dermatitis herpetiformis
L13.1,Subcorneal pustular dermatitis
L13.8,Other specified bullous disorders
L13.9,"Bullous disorder, unspecified"
L20-,ICD-10 Version
L20,Atopic dermatitis
L20.0,Besnier prurigo
L20.8,Other atopic dermatitis
L20.9,"Atopic dermatitis, unspecified"
L21,Seborrhoeic dermatitis
L21.0,Seborrhoea capitis
L21.1,Seborrhoeic infantile dermatitis
L21.8,Other seborrhoeic dermatitis
L21.9,"Seborrhoeic dermatitis, unspecified"
L22,Diaper [napkin] dermatitis
L23,Allergic contact dermatitis
L23.0,Allergic contact dermatitis due to metals
L23.1,Allergic contact dermatitis due to adhesives
L23.2,Allergic contact dermatitis due to cosmetics
L23.3,"Allergic contact dermatitis due to drugs in contact with skin Coding-Hint Use additional external cause code (Chapter XX), if desired, to identify drug."
L23.4,Allergic contact dermatitis due to dyes
L23.5,Allergic contact dermatitis due to other chemical products
L23.6,Allergic contact dermatitis due to food in contact with skin
L23.7,"Allergic contact dermatitis due to plants, except food"
L23.8,Allergic contact dermatitis due to other agents
L23.9,"Allergic contact dermatitis, unspecified cause"
L24,Irritant contact dermatitis
L24.0,Irritant contact dermatitis due to detergents
L24.1,Irritant contact dermatitis due to oils and greases
L24.2,Irritant contact dermatitis due to solvents
L24.3,Irritant contact dermatitis due to cosmetics
L24.4,"Irritant contact dermatitis due to drugs in contact with skin Coding-Hint Use additional external cause code (Chapter XX), if desired, to identify drug."
L24.5,Irritant contact dermatitis due to other chemical products
L24.6,Irritant contact dermatitis due to food in contact with skin
L24.7,"Irritant contact dermatitis due to plants, except food"
L24.8,Irritant contact dermatitis due to other agents
L24.9,"Irritant contact dermatitis, unspecified cause"
L25,Unspecified contact dermatitis
L25.0,Unspecified contact dermatitis due to cosmetics
L25.1,"Unspecified contact dermatitis due to drugs in contact with skin Coding-Hint Use additional external cause code (Chapter XX), if desired, to identify drug."
L25.2,Unspecified contact dermatitis due to dyes
L25.3,Unspecified contact dermatitis due to other chemical products
L25.4,Unspecified contact dermatitis due to food in contact with skin
L25.5,"Unspecified contact dermatitis due to plants, except food"
L25.8,Unspecified contact dermatitis due to other agents
L25.9,"Unspecified contact dermatitis, unspecified cause"
L26,Exfoliative dermatitis
L27,Dermatitis due to substances taken internally
L27.0,"Generalized skin eruption due to drugs and medicaments Coding-Hint Use additional external cause code (Chapter XX), if desired, to identify drug."
L27.1,"Localized skin eruption due to drugs and medicaments Coding-Hint Use additional external cause code (Chapter XX), if desired, to identify drug."
L27.2,Dermatitis due to ingested food
L27.8,Dermatitis due to other substances taken internally
L27.9,Dermatitis due to unspecified substance taken internally
L28,Lichen simplex chronicus and prurigo
L28.0,Lichen simplex chronicus
L28.1,Prurigo nodularis
L28.2,Other prurigo
L29,Pruritus
L29.0,Pruritus ani
L29.1,Pruritus scroti
L29.2,Pruritus vulvae
L29.3,"Anogenital pruritus, unspecified"
L29.8,Other pruritus
L29.9,"Pruritus, unspecified"
L30,Other dermatitis
L30.0,Nummular dermatitis
L30.1,Dyshidrosis [pompholyx]
L30.2,Cutaneous autosensitization
L30.3,Infective dermatitis
L30.4,Erythema intertrigo
L30.5,Pityriasis alba
L30.8,Other specified dermatitis
L30.9,"Dermatitis, unspecified"
L40-,ICD-10 Version
L40,Psoriasis
L40.0,Psoriasis vulgaris
L40.1,Generalized pustular psoriasis
L40.2,Acrodermatitis continua
L40.3,Pustulosis palmaris et plantaris
L40.4,Guttate psoriasis
M07.0,M07.3*
L40.8,Other psoriasis
L40.9,"Psoriasis, unspecified"
L41,Parapsoriasis
L41.0,Pityriasis lichenoides et varioliformis acuta
L41.1,Pityriasis lichenoides chronica
L41.3,Small plaque parapsoriasis
L41.4,Large plaque parapsoriasis
L41.5,Retiform parapsoriasis
L41.8,Other parapsoriasis
L41.9,"Parapsoriasis, unspecified"
L42,Pityriasis rosea
L43,Lichen planus
L43.0,Hypertrophic lichen planus
L43.1,Bullous lichen planus
L43.2,"Lichenoid drug reaction Coding-Hint Use additional external cause code (Chapter XX), if desired, to identify drug."
L43.3,Subacute (active) lichen planus
L43.8,Other lichen planus
L43.9,"Lichen planus, unspecified"
L44,Other papulosquamous disorders
L44.0,Pityriasis rubra pilaris
L44.1,Lichen nitidus
L44.2,Lichen striatus
L44.3,Lichen ruber moniliformis
L44.4,Infantile papular acrodermatitis [Giannotti-Crosti]
L44.8,Other specified papulosquamous disorders
L44.9,"Papulosquamous disorder, unspecified"
L50-,ICD-10 Version
L50,Urticaria
L50.0,Allergic urticaria
L50.1,Idiopathic urticaria
L50.2,Urticaria due to cold and heat
L50.3,Dermatographic urticaria
L50.4,Vibratory urticaria
L50.5,Cholinergic urticaria
L50.6,Contact urticaria
L50.8,Other urticaria
L50.9,"Urticaria, unspecified"
L51,Erythema multiforme
L51.0,Nonbullous erythema multiforme
L51.1,Bullous erythema multiforme
L51.2,Toxic epidermal necrolysis [Lyell]
L51.8,Other erythema multiforme
L51.9,"Erythema multiforme, unspecified"
L52,Erythema nodosum
L53,Other erythematous conditions
L53.0,"Toxic erythema Coding-Hint Use additional external cause code (Chapter XX), if desired, to identify external agent."
L53.1,Erythema annulare centrifugum
L53.2,Erythema marginatum
L53.3,Other chronic figurate erythema
L53.8,Other specified erythematous conditions
L53.9,"Erythematous condition, unspecified"
L55-,ICD-10 Version
L55,Sunburn
L55.0,Sunburn of first degree
L55.1,Sunburn of second degree
L55.2,Sunburn of third degree
L55.8,Other sunburn
L55.9,"Sunburn, unspecified"
L56,Other acute skin changes due to ultraviolet radiation
L56.0,"Drug phototoxic response Coding-Hint Use additional external cause code (Chapter XX), if desired, to identify drug."
L56.1,"Drug photoallergic response Coding-Hint Use additional external cause code (Chapter XX), if desired, to identify drug."
L56.2,Photocontact dermatitis [berloque dermatitis]
L56.3,Solar urticaria
L56.4,Polymorphous light eruption
L56.8,Other specified acute skin changes due to ultraviolet radiation
L56.9,"Acute skin change due to ultraviolet radiation, unspecified"
L57,Skin changes due to chronic exposure to nonionizing radiation
L57.0,Actinic keratosis
L57.1,Actinic reticuloid
L57.2,Cutis rhomboidalis nuchae
L57.3,Poikiloderma of Civatte
L57.4,Cutis laxa senilis
L57.5,Actinic granuloma
L57.8,Other skin changes due to chronic exposure to nonionizing radiation
L57.9,"Skin changes due to chronic exposure to nonionizing radiation, unspecified"
L58,Radiodermatitis
L58.0,Acute radiodermatitis
L58.1,Chronic radiodermatitis
L58.9,"Radiodermatitis, unspecified"
L59,Other disorders of skin and subcutaneous tissue related to radiation
L59.0,Erythema ab igne [dermatitis ab igne]
L59.8,Other specified disorders of skin and subcutaneous tissue related to radiation
L59.9,"Disorder of skin and subcutaneous tissue related to radiation, unspecified"
L60-,ICD-10 Version
L60,Nail disorders
L60.0,Ingrowing nail
L60.1,Onycholysis
L60.2,Onychogryphosis
L60.3,Nail dystrophy
L60.4,Beau lines
L60.5,Yellow nail syndrome
L60.8,Other nail disorders
L60.9,"Nail disorder, unspecified"
L63,Alopecia areata
L63.0,Alopecia (capitis) totalis
L63.1,Alopecia universalis
L63.2,Ophiasis
L63.8,Other alopecia areata
L63.9,"Alopecia areata, unspecified"
L64,Androgenic alopecia
L64.0,"Drug-induced androgenic alopecia Coding-Hint Use additional external cause code (Chapter XX), if desired, to identify drug."
L64.8,Other androgenic alopecia
L64.9,"Androgenic alopecia, unspecified"
L65,"Other nonscarring hair loss Coding-Hint Use additional external cause code (Chapter XX), if desired, to identify drug, if drug-induced."
L65.0,Telogen effluvium
L65.1,Anagen effluvium
L65.2,Alopecia mucinosa
L65.8,Other specified nonscarring hair loss
L65.9,"Nonscarring hair loss, unspecified"
L66,Cicatricial alopecia [scarring hair loss]
L66.0,Pseudopelade
L66.1,Lichen planopilaris
L66.2,Folliculitis decalvans
L66.3,Perifolliculitis capitis abscedens
L66.4,Folliculitis ulerythematosa reticulata
L66.8,Other cicatricial alopecia
L66.9,"Cicatricial alopecia, unspecified"
L67,Hair colour and hair shaft abnormalities
L67.0,Trichorrhexis nodosa
L67.1,Variations in hair colour
L67.8,Other hair colour and hair shaft abnormalities
L67.9,"Hair colour and hair shaft abnormality, unspecified"
L68,Hypertrichosis
L68.0,"Hirsutism Coding-Hint Use additional external cause code (Chapter XX), if desired, to identify drug, if drug-induced."
L68.1,"Acquired hypertrichosis lanuginosa Coding-Hint Use additional external cause code (Chapter XX), if desired, to identify drug, if drug-induced."
L68.2,Localized hypertrichosis
L68.3,Polytrichia
L68.8,Other hypertrichosis
L68.9,"Hypertrichosis, unspecified"
L70,Acne
L70.0,Acne vulgaris
L70.1,Acne conglobata
L70.2,Acne varioliformis
L70.3,Acne tropica
L70.4,Infantile acne
L70.5,Acné excoriée
L70.8,Other acne
L70.9,"Acne, unspecified"
L71,Rosacea
L71.0,"Perioral dermatitis Coding-Hint Use additional external cause code (Chapter XX), if desired, to identify drug, if drug-induced."
L71.1,Rhinophyma
L71.8,Other rosacea
L71.9,"Rosacea, unspecified"
L72,Follicular cysts of skin and subcutaneous tissue
L72.0,Epidermal cyst
L72.1,Trichilemmal cyst
L72.2,Steatocystoma multiplex
L72.8,Other follicular cysts of skin and subcutaneous tissue
L72.9,"Follicular cyst of skin and subcutaneous tissue, unspecified"
L73,Other follicular disorders
L73.0,Acne keloid
L73.1,Pseudofolliculitis barbae
L73.2,Hidradenitis suppurativa
L73.8,Other specified follicular disorders
L73.9,"Follicular disorder, unspecified"
L74,Eccrine sweat disorders
L74.0,Miliaria rubra
L74.1,Miliaria crystallina
L74.2,Miliaria profunda
L74.3,"Miliaria, unspecified"
L74.4,Anhidrosis
L74.8,Other eccrine sweat disorders
L74.9,"Eccrine sweat disorder, unspecified"
L75,Apocrine sweat disorders
L75.0,Bromhidrosis
L75.1,Chromhidrosis
L75.2,Apocrine miliaria
L75.8,Other apocrine sweat disorders
L75.9,"Apocrine sweat disorder, unspecified"
L80-,ICD-10 Version
L80,Vitiligo
L81,Other disorders of pigmentation
L81.0,Postinflammatory hyperpigmentation
L81.1,Chloasma
L81.2,Freckles
L81.3,Café au lait spots
L81.4,Other melanin hyperpigmentation
L81.5,"Leukoderma, not elsewhere classified"
L81.6,Other disorders of diminished melanin formation
L81.7,Pigmented purpuric dermatosis
L81.8,Other specified disorders of pigmentation
L81.9,"Disorder of pigmentation, unspecified"
L82,Seborrhoeic keratosis
L83,Acanthosis nigricans
L84,Corns and callosities
L85,Other epidermal thickening
L85.0,Acquired ichthyosis
L85.1,Acquired keratosis [keratoderma] palmaris et plantaris
L85.2,Keratosis punctata (palmaris et plantaris)
L85.3,Xerosis cutis
L85.8,Other specified epidermal thickening
L85.9,"Epidermal thickening, unspecified"
L87,Transepidermal elimination disorders
L87.0,Keratosis follicularis et parafollicularis in cutem penetrans [Kyrle]
L87.1,Reactive perforating collagenosis
L87.2,Elastosis perforans serpiginosa
L87.8,Other transepidermal elimination disorders
L87.9,"Transepidermal elimination disorder, unspecified"
L88,Pyoderma gangrenosum
L89,Decubitus ulcer and pressure area Note: For multiple sites of differing stages assign only one code indicating the highest stage
L89.0,"Stage I decubitus ulcer and pressure area Definition The ulcer appears as a defined area of persistent redness (erythema) in lightly pigmented skin, whereas in darker skin tones, the ulcer may appear with persistent red, blue or purple hues, without skin loss"
L89.1,Stage II decubitus ulcer
L89.2,Stage III decubitus ulcer Definition Decubitus [pressure] ulcer with full thickness skin loss involving damage or necrosis of subcutaneous tissue extending to underlying fascia
L89.3,"Stage IV decubitus ulcer Definition Decubitus [pressure] ulcer with necrosis of muscle, bone or supporting structures (ie tendon or joint capsule)"
L89.9,"Decubitus ulcer and pressure area, unspecified"
L90,Atrophic disorders of skin
L90.0,Lichen sclerosus et atrophicus
L90.1,Anetoderma of Schweninger-Buzzi
L90.2,Anetoderma of Jadassohn-Pellizzari
L90.3,Atrophoderma of Pasini and Pierini
L90.4,Acrodermatitis chronica atrophicans
L90.5,Scar conditions and fibrosis of skin
L90.6,Striae atrophicae
L90.8,Other atrophic disorders of skin
L90.9,"Atrophic disorder of skin, unspecified"
L91,Hypertrophic disorders of skin
L91.0,Hypertrophic scar
L91.8,Other hypertrophic disorders of skin
L91.9,"Hypertrophic disorder of skin, unspecified"
L92,Granulomatous disorders of skin and subcutaneous tissue
L92.0,Granuloma annulare
L92.1,"Necrobiosis lipoidica, not elsewhere classified"
L92.2,Granuloma faciale [eosinophilic granuloma of skin]
L92.3,Foreign body granuloma of skin and subcutaneous tissue
L92.8,Other granulomatous disorders of skin and subcutaneous tissue
L92.9,"Granulomatous disorder of skin and subcutaneous tissue, unspecified"
L93,"Lupus erythematosus Coding-Hint Use additional external cause code (Chapter XX), if desired, to identify drug, if drug-induced."
L93.0,Discoid lupus erythematosus
L93.1,Subacute cutaneous lupus erythematosus
L93.2,Other local lupus erythematosus
L94,Other localized connective tissue disorders
L94.0,Localized scleroderma [morphea]
L94.1,Linear scleroderma
L94.2,Calcinosis cutis
L94.3,Sclerodactyly
L94.4,Gottron papules
L94.5,Poikiloderma vasculare atrophicans
L94.6,Ainhum
L94.8,Other specified localized connective tissue disorders
L94.9,"Localized connective tissue disorder, unspecified"
L95,"Vasculitis limited to skin, not elsewhere classified"
L95.0,Livedoid vasculitis
L95.1,Erythema elevatum diutinum
L95.8,Other vasculitis limited to skin
L95.9,"Vasculitis limited to skin, unspecified"
L97,"Ulcer of lower limb, not elsewhere classified"
L98,"Other disorders of skin and subcutaneous tissue, not elsewhere classified"
L98.0,Pyogenic granuloma
L98.1,Factitial dermatitis
L98.2,Febrile neutrophilic dermatosis [Sweet]
L98.3,Eosinophilic cellulitis [Wells]
L98.4,"Chronic ulcer of skin, not elsewhere classified"
L98.5,Mucinosis of skin
L98.6,Other infiltrative disorders of skin and subcutaneous tissue
L98.7,Excessive and redundant skin and subcutaneous tissue
L98.8,Other specified disorders of skin and subcutaneous tissue
L98.9,"Disorder of skin and subcutaneous tissue, unspecified"
N00-,ICD-10 Version
N00,Acute nephritic syndrome Modifier-Hint [See before N00 for subdivisions]
N01,Rapidly progressive nephritic syndrome Modifier-Hint [See before N00 for subdivisions]
N02,Recurrent and persistent haematuria Modifier-Hint [See before N00 for subdivisions]
N03,Chronic nephritic syndrome Modifier-Hint [See before N00 for subdivisions]
N04,Nephrotic syndrome Modifier-Hint [See before N00 for subdivisions]
N05,Unspecified nephritic syndrome Modifier-Hint [See before N00 for subdivisions]
N06,Isolated proteinuria with specified morphological lesion Modifier-Hint [See before N00 for subdivisions]
N07,"Hereditary nephropathy, not elsewhere classified Modifier-Hint [See before N00 for subdivisions]"
E10,E14 with common fourth character .2†
N10-,ICD-10 Version
N10,Acute tubulo-interstitial nephritis
N11,Chronic tubulo-interstitial nephritis
N11.0,Nonobstructive reflux-associated chronic pyelonephritis
N11.1,Chronic obstructive pyelonephritis
N11.8,Other chronic tubulo-interstitial nephritis
N11.9,"Chronic tubulo-interstitial nephritis, unspecified"
N12,"Tubulo-interstitial nephritis, not specified as acute or chronic"
N13,Obstructive and reflux uropathy
N13.0,Hydronephrosis with ureteropelvic junction obstruction
N13.1,"Hydronephrosis with ureteral stricture, not elsewhere classified"
N13.2,Hydronephrosis with renal and ureteral calculous obstruction
N13.3,Other and unspecified hydronephrosis
N13.4,Hydroureter
N13.5,"Kinking and stricture of ureter without hydronephrosis Coding-Hint Use additional code, if desired, to identify the underlying disease."
N13.6,Pyonephrosis
N13.7,Vesicoureteral-reflux-associated uropathy
N13.8,Other obstructive and reflux uropathy
N13.9,"Obstructive and reflux uropathy, unspecified"
N14,"Drug- and heavy-metal-induced tubulo-interstitial and tubular conditions Coding-Hint Use additional external cause code (Chapter XX), if desired, to identify toxic agent."
N14.0,Analgesic nephropathy
N14.1,"Nephropathy induced by other drugs, medicaments and biological substances"
N14.2,"Nephropathy induced by unspecified drug, medicament or biological substance"
N14.3,Nephropathy induced by heavy metals
N14.4,"Toxic nephropathy, not elsewhere classified"
N15,Other renal tubulo-interstitial diseases
N15.0,Balkan nephropathy
N15.1,Renal and perinephric abscess
N15.8,Other specified renal tubulo-interstitial diseases
N15.9,"Renal tubulo-interstitial disease, unspecified"
N17-,ICD-10 Version
N17,Acute renal failure
N17.0,Acute renal failure with tubular necrosis
N17.1,Acute renal failure with acute cortical necrosis
N17.2,Acute renal failure with medullary necrosis
N17.8,Other acute renal failure
N17.9,"Acute renal failure, unspecified"
N18,Chronic kidney disease
N18.1,"Chronic kidney disease, stage 1 Definition Kidney damage with normal or increased GFR (≥ 90 mL/min)"
N18.2,"Chronic kidney disease, stage 2 Definition Kidney damage with mild decreased GFR (60-89 mL/min)"
N18.3,"Chronic kidney disease, stage 3 Definition Kidney damage with moderately decreased GFR (30-59 mL/min)"
N18.4,"Chronic kidney disease, stage 4 Definition Kidney damage with severely decreased GFR (15-29 mL/min)"
N18.5,"Chronic kidney disease, stage 5"
N18.9,"Chronic kidney disease, unspecified"
N19,Unspecified kidney failure
N20-,ICD-10 Version
N20,Calculus of kidney and ureter
N20.0,Calculus of kidney
N20.1,Calculus of ureter
N20.2,Calculus of kidney with calculus of ureter
N20.9,"Urinary calculus, unspecified"
N21,Calculus of lower urinary tract
N21.0,Calculus in bladder
N21.1,Calculus in urethra
N21.8,Other lower urinary tract calculus
N21.9,"Calculus of lower urinary tract, unspecified"
N23,Unspecified renal colic
N25-,ICD-10 Version
N25,Disorders resulting from impaired renal tubular function
N25.0,Renal osteodystrophy
N25.1,Nephrogenic diabetes insipidus
N25.8,Other disorders resulting from impaired renal tubular function
N25.9,"Disorder resulting from impaired renal tubular function, unspecified"
N26,Unspecified contracted kidney
N27,Small kidney of unknown cause
N27.0,"Small kidney, unilateral"
N27.1,"Small kidney, bilateral"
N27.9,"Small kidney, unspecified"
N28,"Other disorders of kidney and ureter, not elsewhere classified"
N28.0,Ischaemia and infarction of kidney
N28.1,Cyst of kidney
N28.8,Other specified disorders of kidney and ureter
N28.9,"Disorder of kidney and ureter, unspecified"
N30-,ICD-10 Version
N30,"Cystitis Coding-Hint Use additional code, if desired, to identify infectious agent (B95-B98) or responsible external agent (Chapter XX)."
N30.0,Acute cystitis
N30.1,Interstitial cystitis (chronic)
N30.2,Other chronic cystitis
N30.3,Trigonitis
N30.4,Irradiation cystitis
N30.8,Other cystitis
N30.9,"Cystitis, unspecified"
N31,"Neuromuscular dysfunction of bladder, not elsewhere classified"
N31.0,"Uninhibited neuropathic bladder, not elsewhere classified"
N31.1,"Reflex neuropathic bladder, not elsewhere classified"
N31.2,"Flaccid neuropathic bladder, not elsewhere classified"
N31.8,Other neuromuscular dysfunction of bladder
N31.9,"Neuromuscular dysfunction of bladder, unspecified"
N32,Other disorders of bladder
N32.0,Bladder-neck obstruction
N32.1,Vesicointestinal fistula
N32.2,"Vesical fistula, not elsewhere classified"
N32.3,Diverticulum of bladder
N32.4,"Rupture of bladder, nontraumatic"
N32.8,Other specified disorders of bladder
N32.9,"Bladder disorder, unspecified"
N34,"Urethritis and urethral syndrome Coding-Hint Use additional code (B95-B98), if desired, to identify infectious agent."
N34.0,Urethral abscess
N34.1,Nonspecific urethritis
N34.2,Other urethritis
N34.3,"Urethral syndrome, unspecified"
N35,Urethral stricture
N35.0,Post-traumatic urethral stricture
N35.1,"Postinfective urethral stricture, not elsewhere classified"
N35.8,Other urethral stricture
N35.9,"Urethral stricture, unspecified"
N36,Other disorders of urethra
N36.0,Urethral fistula
N36.1,Urethral diverticulum
N36.2,Urethral caruncle
N36.3,Prolapsed urethral mucosa
N36.8,Other specified disorders of urethra
N36.9,"Urethral disorder, unspecified"
N39,Other disorders of urinary system
N39.0,"Urinary tract infection, site not specified Coding-Hint Use additional code (B95-B98), if desired, to identify infectious agent."
N39.1,"Persistent proteinuria, unspecified"
N39.2,"Orthostatic proteinuria, unspecified"
N39.3,"Stress incontinence Coding-Hint Use additional code (N32.8), if desired, to identify overactive bladder or detrusor muscle hyperactivity."
N39.4,Other specified urinary incontinence
N39.8,Other specified disorders of urinary system
N39.9,"Disorder of urinary system, unspecified"
N40-,ICD-10 Version
N40,Hyperplasia of prostate
N41,"Inflammatory diseases of prostate Coding-Hint Use additional code (B95-B98), if desired, to identify infectious agent."
N41.0,Acute prostatitis
N41.1,Chronic prostatitis
N41.2,Abscess of prostate
N41.3,Prostatocystitis
N41.8,Other inflammatory diseases of prostate
N41.9,"Inflammatory disease of prostate, unspecified"
N42,Other disorders of prostate
N42.0,Calculus of prostate
N42.1,Congestion and haemorrhage of prostate
N42.2,Atrophy of prostate
N42.3,Dysplasia of prostate
N42.8,Other specified disorders of prostate
N42.9,"Disorder of prostate, unspecified"
N43,Hydrocele and spermatocele
N43.0,Encysted hydrocele
N43.1,"Infected hydrocele Coding-Hint Use additional code (B95-B98), if desired, to identify infectious agent."
N43.2,Other hydrocele
N43.3,"Hydrocele, unspecified"
N43.4,Spermatocele
N44,Torsion of testis
N45,"Orchitis and epididymitis Coding-Hint Use additional code (B95-B98), if desired, to identify infectious agent."
N45.0,"Orchitis, epididymitis and epididymo-orchitis with abscess"
N45.9,"Orchitis, epididymitis and epididymo-orchitis without abscess"
N46,Male infertility
N47,"Redundant prepuce, phimosis and paraphimosis"
N48,Other disorders of penis
N48.0,Leukoplakia of penis
N48.1,Balanoposthitis
N48.2,Other inflammatory disorders of penis
N48.3,Priapism
N48.4,"Impotence of organic origin Coding-Hint Use additional code, if desired, to identify cause."
N48.5,Ulcer of penis
N48.6,Induratio penis plastica
N48.8,Other specified disorders of penis
N48.9,"Disorder of penis, unspecified"
N49,"Inflammatory disorders of male genital organs, not elsewhere classified Coding-Hint Use additional code (B95-B98), if desired, to identify infectious agent."
N49.0,Inflammatory disorders of seminal vesicle
N49.1,"Inflammatory disorders of spermatic cord, tunica vaginalis and vas deferens"
N49.2,Inflammatory disorders of scrotum
N49.8,Inflammatory disorders of other specified male genital organs
N49.9,Inflammatory disorder of unspecified male genital organ
N50,Other disorders of male genital organs
N50.0,Atrophy of testis
N50.1,Vascular disorders of male genital organs
N50.8,Other specified disorders of male genital organs
N50.9,"Disorder of male genital organs, unspecified"
N60-,ICD-10 Version
N60,Benign mammary dysplasia
N60.0,Solitary cyst of breast
N60.1,Diffuse cystic mastopathy
N60.2,Fibroadenosis of breast
N60.3,Fibrosclerosis of breast
N60.4,Mammary duct ectasia
N60.8,Other benign mammary dysplasias
N60.9,"Benign mammary dysplasia, unspecified"
N61,Inflammatory disorders of breast
N62,Hypertrophy of breast
N63,Unspecified lump in breast
N64,Other disorders of breast
N64.0,Fissure and fistula of nipple
N64.1,Fat necrosis of breast
N64.2,Atrophy of breast
N64.3,Galactorrhoea not associated with childbirth
N64.4,Mastodynia
N64.5,Other signs and symptoms in breast
N64.8,Other specified disorders of breast
N64.9,"Disorder of breast, unspecified"
N70-,ICD-10 Version
N70,Salpingitis and oophoritis
N70.0,Acute salpingitis and oophoritis
N70.1,Chronic salpingitis and oophoritis
N70.9,"Salpingitis and oophoritis, unspecified"
N71,"Inflammatory disease of uterus, except cervix"
N71.0,Acute inflammatory disease of uterus
N71.1,Chronic inflammatory disease of uterus
N71.9,"Inflammatory disease of uterus, unspecified"
N72,Inflammatory disease of cervix uteri
N73,"Other female pelvic inflammatory diseases Coding-Hint Use additional code (B95-B98), if desired, to identify infectious agent."
N73.0,Acute parametritis and pelvic cellulitis
N73.1,Chronic parametritis and pelvic cellulitis
N73.2,Unspecified parametritis and pelvic cellulitis
N73.3,Female acute pelvic peritonitis
N73.4,Female chronic pelvic peritonitis
N73.5,"Female pelvic peritonitis, unspecified"
N73.6,Female pelvic peritoneal adhesions
N73.8,Other specified female pelvic inflammatory diseases
N73.9,"Female pelvic inflammatory disease, unspecified"
N75,Diseases of Bartholin gland
N75.0,Cyst of Bartholin gland
N75.1,Abscess of Bartholin gland
N75.8,Other diseases of Bartholin gland
N75.9,"Disease of Bartholin gland, unspecified"
N76,"Other inflammation of vagina and vulva Coding-Hint Use additional code (B95-B98), if desired, to identify infectious agent."
N76.0,Acute vaginitis
N76.1,Subacute and chronic vaginitis
N76.2,Acute vulvitis
N76.3,Subacute and chronic vulvitis
N76.4,Abscess of vulva
N76.5,Ulceration of vagina
N76.6,Ulceration of vulva
N76.8,Other specified inflammation of vagina and vulva
N80-,ICD-10 Version
N80,Endometriosis
N80.0,Endometriosis of uterus
N80.1,Endometriosis of ovary
N80.2,Endometriosis of fallopian tube
N80.3,Endometriosis of pelvic peritoneum
N80.4,Endometriosis of rectovaginal septum and vagina
N80.5,Endometriosis of intestine
N80.6,Endometriosis in cutaneous scar
N80.8,Other endometriosis
N80.9,"Endometriosis, unspecified"
N81,Female genital prolapse
N81.0,Female urethrocele
N81.1,Cystocele
N81.2,Incomplete uterovaginal prolapse
N81.3,Complete uterovaginal prolapse
N81.4,"Uterovaginal prolapse, unspecified"
N81.5,Vaginal enterocele
N81.6,Rectocele
N81.8,Other female genital prolapse
N81.9,"Female genital prolapse, unspecified"
N82,Fistulae involving female genital tract
N82.0,Vesicovaginal fistula
N82.1,Other female urinary-genital tract fistulae
N82.2,Fistula of vagina to small intestine
N82.3,Fistula of vagina to large intestine
N82.4,Other female intestinal-genital tract fistulae
N82.5,Female genital tract-skin fistulae
N82.8,Other female genital tract fistulae
N82.9,"Female genital tract fistula, unspecified"
N83,"Noninflammatory disorders of ovary, fallopian tube and broad ligament"
N83.0,Follicular cyst of ovary
N83.1,Corpus luteum cyst
N83.2,Other and unspecified ovarian cysts
N83.3,Acquired atrophy of ovary and fallopian tube
N83.4,Prolapse and hernia of ovary and fallopian tube
N83.5,"Torsion of ovary, ovarian pedicle and fallopian tube"
N83.6,Haematosalpinx
N83.7,Haematoma of broad ligament
N83.8,"Other noninflammatory disorders of ovary, fallopian tube and broad ligament"
N83.9,"Noninflammatory disorder of ovary, fallopian tube and broad ligament, unspecified"
N84,Polyp of female genital tract
N84.0,Polyp of corpus uteri
N84.1,Polyp of cervix uteri
N84.2,Polyp of vagina
N84.3,Polyp of vulva
N84.8,Polyp of other parts of female genital tract
N84.9,"Polyp of female genital tract, unspecified"
N85,"Other noninflammatory disorders of uterus, except cervix"
N85.0,Endometrial glandular hyperplasia
N85.1,Endometrial adenomatous hyperplasia
N85.2,Hypertrophy of uterus
N85.3,Subinvolution of uterus
N85.4,Malposition of uterus
N85.5,Inversion of uterus
N85.6,Intrauterine synechiae
N85.7,Haematometra
N85.8,Other specified noninflammatory disorders of uterus
N85.9,"Noninflammatory disorder of uterus, unspecified"
N86,Erosion and ectropion of cervix uteri
N87,Dysplasia of cervix uteri
N87.0,Mild cervical dysplasia
N87.1,Moderate cervical dysplasia
N87.2,"Severe cervical dysplasia, not elsewhere classified"
N87.9,"Dysplasia of cervix uteri, unspecified"
N88,Other noninflammatory disorders of cervix uteri
N88.0,Leukoplakia of cervix uteri
N88.1,Old laceration of cervix uteri
N88.2,Stricture and stenosis of cervix uteri
N88.3,Incompetence of cervix uteri
N88.4,Hypertrophic elongation of cervix uteri
N88.8,Other specified noninflammatory disorders of cervix uteri
N88.9,"Noninflammatory disorder of cervix uteri, unspecified"
N89,Other noninflammatory disorders of vagina
N89.0,Mild vaginal dysplasia
N89.1,Moderate vaginal dysplasia
N89.2,"Severe vaginal dysplasia, not elsewhere classified"
N89.3,"Dysplasia of vagina, unspecified"
N89.4,Leukoplakia of vagina
N89.5,Stricture and atresia of vagina
N89.6,Tight hymenal ring
N89.7,Haematocolpos
N89.8,Other specified noninflammatory disorders of vagina
N89.9,"Noninflammatory disorder of vagina, unspecified"
N90,Other noninflammatory disorders of vulva and perineum
N90.0,Mild vulvar dysplasia
N90.1,Moderate vulvar dysplasia
N90.2,"Severe vulvar dysplasia, not elsewhere classified"
N90.3,"Dysplasia of vulva, unspecified"
N90.4,Leukoplakia of vulva
N90.5,Atrophy of vulva
N90.6,Hypertrophy of vulva
N90.7,Vulvar cyst
N90.8,Other specified noninflammatory disorders of vulva and perineum
N90.9,"Noninflammatory disorder of vulva and perineum, unspecified"
N91,"Absent, scanty and rare menstruation"
N91.0,Primary amenorrhoea Additional Text Failure to start menstruation at puberty.
N91.1,Secondary amenorrhoea Additional Text Absence of menstruation in a woman who had previously menstruated.
N91.2,"Amenorrhoea, unspecified"
N91.3,Primary oligomenorrhoea Additional Text Menstruation which is scanty or rare from the start.
N91.4,Secondary oligomenorrhoea Additional Text Scanty and rare menstruation in a woman with previously normal periods.
N91.5,"Oligomenorrhoea, unspecified"
N92,"Excessive, frequent and irregular menstruation"
N92.0,Excessive and frequent menstruation with regular cycle
N92.1,Excessive and frequent menstruation with irregular cycle
N92.2,Excessive menstruation at puberty
N92.3,Ovulation bleeding
N92.4,Excessive bleeding in the premenopausal period
N92.5,Other specified irregular menstruation
N92.6,"Irregular menstruation, unspecified"
N93,Other abnormal uterine and vaginal bleeding
N93.0,Postcoital and contact bleeding
N93.8,Other specified abnormal uterine and vaginal bleeding
N93.9,"Abnormal uterine and vaginal bleeding, unspecified"
N94,Pain and other conditions associated with female genital organs and menstrual cycle
N94.0,Mittelschmerz
N94.1,Dyspareunia
N94.2,Vaginismus
N94.3,Premenstrual tension syndrome
N94.4,Primary dysmenorrhoea
N94.5,Secondary dysmenorrhoea
N94.6,"Dysmenorrhoea, unspecified"
N94.8,Other specified conditions associated with female genital organs and menstrual cycle
N94.9,Unspecified condition associated with female genital organs and menstrual cycle
N95,Menopausal and other perimenopausal disorders
N95.0,Postmenopausal bleeding
N95.1,Menopausal and female climacteric states
N95.2,Postmenopausal atrophic vaginitis
N95.3,States associated with artificial menopause
N95.8,Other specified menopausal and perimenopausal disorders
N95.9,"Menopausal and perimenopausal disorder, unspecified"
N96,Habitual aborter
N97,Female infertility
N97.0,Female infertility associated with anovulation
N97.1,Female infertility of tubal origin
N97.2,Female infertility of uterine origin
N97.3,Female infertility of cervical origin
N97.4,Female infertility associated with male factors
N97.8,Female infertility of other origin
N97.9,"Female infertility, unspecified"
N98,Complications associated with artificial fertilization
N98.0,Infection associated with artificial insemination
N98.1,Hyperstimulation of ovaries
N98.2,Complications of attempted introduction of fertilized ovum following in vitro fertilization
N98.3,Complications of attempted introduction of embryo in embryo transfer
N98.8,Other complications associated with artificial fertilization
N98.9,"Complication associated with artificial fertilization, unspecified"
N99-,ICD-10 Version
N99,"Postprocedural disorders of genitourinary system, not elsewhere classified"
N99.0,Postprocedural renal failure
N99.1,Postprocedural urethral stricture
N99.2,Postoperative adhesions of vagina
N99.3,Prolapse of vaginal vault after hysterectomy
N99.4,Postprocedural pelvic peritoneal adhesions
N99.5,Malfunction of external stoma of urinary tract
N99.8,Other postprocedural disorders of genitourinary system
N99.9,"Postprocedural disorder of genitourinary system, unspecified"
O00-,ICD-10 Version
O00,Ectopic pregnancy
O00.0,Abdominal pregnancy
O00.1,Tubal pregnancy
O00.2,Ovarian pregnancy
O00.8,Other ectopic pregnancy
O00.9,"Ectopic pregnancy, unspecified"
O01,"Hydatidiform mole Coding-Hint Use additional code from category O08.-, if desired, to identify any associated complication."
O01.0,Classical hydatidiform mole
O01.1,Incomplete and partial hydatidiform mole
O01.9,"Hydatidiform mole, unspecified"
O02,"Other abnormal products of conception Coding-Hint Use additional code from category O08.-, if desired, to identify any associated complication."
O02.0,Blighted ovum and nonhydatidiform mole
O02.1,Missed abortion
O02.8,Other specified abnormal products of conception
O02.9,"Abnormal product of conception, unspecified"
O03,Spontaneous abortion Modifier-Hint [See before O03 for subdivisions]
O04,Medical abortion Modifier-Hint [See before O03 for subdivisions]
O05,Other abortion Modifier-Hint [See before O03 for subdivisions]
O06,Unspecified abortion Modifier-Hint [See before O03 for subdivisions]
O07,Failed attempted abortion
O07.0,"Failed medical abortion, complicated by genital tract and pelvic infection"
O07.1,"Failed medical abortion, complicated by delayed or excessive haemorrhage"
O07.2,"Failed medical abortion, complicated by embolism"
O07.3,"Failed medical abortion, with other and unspecified complications"
O07.4,"Failed medical abortion, without complication"
O07.5,"Other and unspecified failed attempted abortion, complicated by genital tract and pelvic infection"
O07.6,"Other and unspecified failed attempted abortion, complicated by delayed or excessive haemorrhage"
O07.7,"Other and unspecified failed attempted abortion, complicated by embolism"
O07.8,"Other and unspecified failed attempted abortion, with other and unspecified complications"
O07.9,"Other and unspecified failed attempted abortion, without complication"
O08,Complications following abortion and ectopic and molar pregnancy
O08.0,Genital tract and pelvic infection following abortion and ectopic and molar pregnancy
O08.1,Delayed or excessive haemorrhage following abortion and ectopic and molar pregnancy
O08.2,Embolism following abortion and ectopic and molar pregnancy
O08.3,Shock following abortion and ectopic and molar pregnancy
O08.4,Renal failure following abortion and ectopic and molar pregnancy
O08.5,Metabolic disorders following abortion and ectopic and molar pregnancy
O08.6,Damage to pelvic organs and tissues following abortion and ectopic and molar pregnancy
O08.7,Other venous complications following abortion and ectopic and molar pregnancy
O08.8,Other complications following abortion and ectopic and molar pregnancy
O08.9,"Complication following abortion and ectopic and molar pregnancy, unspecified"
O10-,ICD-10 Version
O10,"Pre-existing hypertension complicating pregnancy, childbirth and the puerperium"
O10.0,"Pre-existing essential hypertension complicating pregnancy, childbirth and the puerperium"
O10.1,"Pre-existing hypertensive heart disease complicating pregnancy, childbirth and the puerperium"
O10.2,"Pre-existing hypertensive renal disease complicating pregnancy, childbirth and the puerperium"
O10.3,"Pre-existing hypertensive heart and renal disease complicating pregnancy, childbirth and the puerperium"
O10.4,"Pre-existing secondary hypertension complicating pregnancy, childbirth and the puerperium"
O10.9,"Unspecified pre-existing hypertension complicating pregnancy, childbirth and the puerperium"
O11,Pre-eclampsia superimposed on chronic hypertension
O12,Gestational [pregnancy-induced] oedema and proteinuria without hypertension
O12.0,Gestational oedema
O12.1,Gestational proteinuria
O12.2,Gestational oedema with proteinuria
O13,Gestational [pregnancy-induced] hypertension
O14,Pre-eclampsia
O14.0,Mild to moderate pre-eclampsia
O14.1,Severe pre-eclampsia
O14.2,"HELLP syndrome Definition Combination of hemolysis, elevated liver enzymes and low platelet count"
O14.9,"Pre-eclampsia, unspecified"
O15,Eclampsia
O15.0,Eclampsia in pregnancy
O15.1,Eclampsia in labour
O15.2,Eclampsia in the puerperium
O15.9,"Eclampsia, unspecified as to time period"
O16,Unspecified maternal hypertension
O20-,ICD-10 Version
O20,Haemorrhage in early pregnancy
O20.0,Threatened abortion
O20.8,Other haemorrhage in early pregnancy
O20.9,"Haemorrhage in early pregnancy, unspecified"
O21,"Excessive vomiting in pregnancy Coding-Hint Use additional code, if desired, to identify cause."
O21.0,Mild hyperemesis gravidarum
O21.1,Hyperemesis gravidarum with metabolic disturbance
O21.2,Late vomiting of pregnancy
O21.8,Other vomiting complicating pregnancy
O21.9,"Vomiting of pregnancy, unspecified"
O22,Venous complications and haemorrhoids in pregnancy
O22.0,Varicose veins of lower extremity in pregnancy
O22.1,Genital varices in pregnancy
O22.2,Superficial thrombophlebitis in pregnancy
O22.3,Deep phlebothrombosis in pregnancy
O22.4,Haemorrhoids in pregnancy
O22.5,Cerebral venous thrombosis in pregnancy
O22.8,Other venous complications in pregnancy
O22.9,"Venous complication in pregnancy, unspecified"
O23,Infections of genitourinary tract in pregnancy
O23.0,Infections of kidney in pregnancy
O23.1,Infections of bladder in pregnancy
O23.2,Infections of urethra in pregnancy
O23.3,Infections of other parts of urinary tract in pregnancy
O23.4,Unspecified infection of urinary tract in pregnancy
O23.5,Infections of the genital tract in pregnancy
O23.9,Other and unspecified genitourinary tract infection in pregnancy
O24,Diabetes mellitus in pregnancy
O24.0,Pre-existing type 1 diabetes mellitus
O24.1,Pre-existing type 2 diabetes mellitus
O24.2,Pre-existing malnutrition-related diabetes mellitus
O24.3,"Pre-existing diabetes mellitus, unspecified"
O24.4,Diabetes mellitus arising in pregnancy
O24.9,"Diabetes mellitus in pregnancy, unspecified"
O25,Malnutrition in pregnancy
O26,Maternal care for other conditions predominantly related to pregnancy
O26.0,Excessive weight gain in pregnancy
O26.1,Low weight gain in pregnancy
O26.2,Pregnancy care of habitual aborter
O26.3,Retained intrauterine contraceptive device in pregnancy
O26.4,Herpes gestationis
O26.5,Maternal hypotension syndrome
O26.6,"Liver disorders in pregnancy, childbirth and the puerperium"
O26.7,"Subluxation of symphysis (pubis) in pregnancy, childbirth and the puerperium"
O26.8,Other specified pregnancy-related conditions
O26.9,"Pregnancy-related condition, unspecified"
O28,Abnormal findings on antenatal screening of mother
O28.0,Abnormal haematological finding on antenatal screening of mother
O28.1,Abnormal biochemical finding on antenatal screening of mother
O28.2,Abnormal cytological finding on antenatal screening of mother
O28.3,Abnormal ultrasonic finding on antenatal screening of mother
O28.4,Abnormal radiological finding on antenatal screening of mother
O28.5,Abnormal chromosomal and genetic finding on antenatal screening of mother
O28.8,Other abnormal findings on antenatal screening of mother
O28.9,"Abnormal finding on antenatal screening of mother, unspecified"
O29,Complications of anaesthesia during pregnancy
O29.0,Pulmonary complications of anaesthesia during pregnancy
O29.1,Cardiac complications of anaesthesia during pregnancy
O29.2,Central nervous system complications of anaesthesia during pregnancy
O29.3,Toxic reaction to local anaesthesia during pregnancy
O29.4,Spinal and epidural anaesthesia-induced headache during pregnancy
O29.5,Other complications of spinal and epidural anaesthesia during pregnancy
O29.6,Failed or difficult intubation during pregnancy
O29.8,Other complications of anaesthesia during pregnancy
O29.9,"Complication of anaesthesia during pregnancy, unspecified"
O30-,ICD-10 Version
O30,Multiple gestation
O30.0,Twin pregnancy
O30.1,Triplet pregnancy
O30.2,Quadruplet pregnancy
O30.8,Other multiple gestation
O30.9,"Multiple gestation, unspecified"
O31,Complications specific to multiple gestation
O31.0,Papyraceous fetus
O31.1,Continuing pregnancy after abortion of one fetus or more
O31.2,Continuing pregnancy after intrauterine death of one fetus or more
O31.8,Other complications specific to multiple gestation
O32,Maternal care for known or suspected malpresentation of fetus
O32.0,Maternal care for unstable lie
O32.1,Maternal care for breech presentation
O32.2,Maternal care for transverse and oblique lie
O32.3,"Maternal care for face, brow and chin presentation"
O32.4,Maternal care for high head at term
O32.5,Maternal care for multiple gestation with malpresentation of one fetus or more
O32.6,Maternal care for compound presentation
O32.8,Maternal care for other malpresentation of fetus
O32.9,"Maternal care for malpresentation of fetus, unspecified"
O33,Maternal care for known or suspected disproportion
O33.0,Maternal care for disproportion due to deformity of maternal pelvic bones
O33.1,Maternal care for disproportion due to generally contracted pelvis
O33.2,Maternal care for disproportion due to inlet contraction of pelvis
O33.3,Maternal care for disproportion due to outlet contraction of pelvis
O33.4,Maternal care for disproportion of mixed maternal and fetal origin
O33.5,Maternal care for disproportion due to unusually large fetus
O33.6,Maternal care for disproportion due to hydrocephalic fetus
O33.7,Maternal care for disproportion due to other fetal deformities
O33.8,Maternal care for disproportion of other origin
O33.9,"Maternal care for disproportion, unspecified"
O34,Maternal care for known or suspected abnormality of pelvic organs
O34.0,Maternal care for congenital malformation of uterus
O34.1,Maternal care for tumour of corpus uteri
O34.2,Maternal care due to uterine scar from previous surgery
O34.3,Maternal care for cervical incompetence
O34.4,Maternal care for other abnormalities of cervix
O34.5,Maternal care for other abnormalities of gravid uterus
O34.6,Maternal care for abnormality of vagina
O34.7,Maternal care for abnormality of vulva and perineum
O34.8,Maternal care for other abnormalities of pelvic organs
O34.9,"Maternal care for abnormality of pelvic organ, unspecified"
O35,Maternal care for known or suspected fetal abnormality and damage
O35.0,Maternal care for (suspected) central nervous system malformation in fetus
O35.1,Maternal care for (suspected) chromosomal abnormality in fetus
O35.2,Maternal care for (suspected) hereditary disease in fetus
O35.3,Maternal care for (suspected) damage to fetus from viral disease in mother
O35.4,Maternal care for (suspected) damage to fetus from alcohol
O35.5,Maternal care for (suspected) damage to fetus by drugs
O35.6,Maternal care for (suspected) damage to fetus by radiation
O35.7,Maternal care for (suspected) damage to fetus by other medical procedures
O35.8,Maternal care for other (suspected) fetal abnormality and damage
O35.9,"Maternal care for (suspected) fetal abnormality and damage, unspecified"
O36,Maternal care for other known or suspected fetal problems
O36.0,Maternal care for rhesus isoimmunization
O36.1,Maternal care for other isoimmunization
O36.2,Maternal care for hydrops fetalis
O36.3,Maternal care for signs of fetal hypoxia
O36.4,Maternal care for intrauterine death
O36.5,Maternal care for poor fetal growth
O36.6,Maternal care for excessive fetal growth
O36.7,Maternal care for viable fetus in abdominal pregnancy
O36.8,Maternal care for other specified fetal problems
O36.9,"Maternal care for fetal problem, unspecified"
O40,Polyhydramnios
O41,Other disorders of amniotic fluid and membranes
O41.0,Oligohydramnios
O41.1,Infection of amniotic sac and membranes
O41.8,Other specified disorders of amniotic fluid and membranes
O41.9,"Disorder of amniotic fluid and membranes, unspecified"
O42,Premature rupture of membranes
O42.0,"Premature rupture of membranes, onset of labour within 24 hours"
O42.1,"Premature rupture of membranes, onset of labour after 24 hours"
O42.2,"Premature rupture of membranes, labour delayed by therapy"
O42.9,"Premature rupture of membranes, unspecified"
O43,Placental disorders
O43.0,Placental transfusion syndromes
O43.1,Malformation of placenta
O43.2,Morbidly adherent placenta
O43.8,Other placental disorders
O43.9,"Placental disorder, unspecified"
O44,Placenta praevia
O44.0,Placenta praevia specified as without haemorrhage
O44.1,Placenta praevia with haemorrhage
O45,Premature separation of placenta [abruptio placentae]
O45.0,Premature separation of placenta with coagulation defect
O45.8,Other premature separation of placenta
O45.9,"Premature separation of placenta, unspecified"
O46,"Antepartum haemorrhage, not elsewhere classified"
O46.0,Antepartum haemorrhage with coagulation defect
O46.8,Other antepartum haemorrhage
O46.9,"Antepartum haemorrhage, unspecified"
O47,False labour
O47.0,False labour before 37 completed weeks of gestation
O47.1,False labour at or after 37 completed weeks of gestation
O47.9,"False labour, unspecified"
O48,Prolonged pregnancy
O60-,ICD-10 Version
O60,Preterm labour and delivery
O60.0,Preterm labour without delivery
O60.1,Preterm spontaneous labour with preterm delivery
O60.2,Preterm spontaneous labour with term delivery
O60.3,Preterm delivery without spontaneous labour
O61,Failed induction of labour
O61.0,Failed medical induction of labour
O61.1,Failed instrumental induction of labour
O61.8,Other failed induction of labour
O61.9,"Failed induction of labour, unspecified"
O62,Abnormalities of forces of labour
O62.0,Primary inadequate contractions
O62.1,Secondary uterine inertia
O62.2,Other uterine inertia
O62.3,Precipitate labour
O62.4,"Hypertonic, incoordinate, and prolonged uterine contractions"
O62.8,Other abnormalities of forces of labour
O62.9,"Abnormality of forces of labour, unspecified"
O63,Long labour
O63.0,Prolonged first stage (of labour)
O63.1,Prolonged second stage (of labour)
O63.2,"Delayed delivery of second twin, triplet, etc."
O63.9,"Long labour, unspecified"
O64,Obstructed labour due to malposition and malpresentation of fetus
O64.0,Obstructed labour due to incomplete rotation of fetal head
O64.1,Obstructed labour due to breech presentation
O64.2,Obstructed labour due to face presentation
O64.3,Obstructed labour due to brow presentation
O64.4,Obstructed labour due to shoulder presentation
O64.5,Obstructed labour due to compound presentation
O64.8,Obstructed labour due to other malposition and malpresentation
O64.9,"Obstructed labour due to malposition and malpresentation, unspecified"
O65,Obstructed labour due to maternal pelvic abnormality
O65.0,Obstructed labour due to deformed pelvis
O65.1,Obstructed labour due to generally contracted pelvis
O65.2,Obstructed labour due to pelvic inlet contraction
O65.3,Obstructed labour due to pelvic outlet and mid-cavity contraction
O65.4,"Obstructed labour due to fetopelvic disproportion, unspecified"
O65.5,Obstructed labour due to abnormality of maternal pelvic organs
O65.8,Obstructed labour due to other maternal pelvic abnormalities
O65.9,"Obstructed labour due to maternal pelvic abnormality, unspecified"
O66,Other obstructed labour
O66.0,Obstructed labour due to shoulder dystocia
O66.1,Obstructed labour due to locked twins
O66.2,Obstructed labour due to unusually large fetus
O66.3,Obstructed labour due to other abnormalities of fetus
O66.4,"Failed trial of labour, unspecified"
O66.5,"Failed application of vacuum extractor and forceps, unspecified"
O66.8,Other specified obstructed labour
O66.9,"Obstructed labour, unspecified"
O67,"Labour and delivery complicated by intrapartum haemorrhage, not elsewhere classified"
O67.0,Intrapartum haemorrhage with coagulation defect
O67.8,Other intrapartum haemorrhage
O67.9,"Intrapartum haemorrhage, unspecified"
O68,Labour and delivery complicated by fetal stress [distress]
O68.0,Labour and delivery complicated by fetal heart rate anomaly
O68.1,Labour and delivery complicated by meconium in amniotic fluid
O68.2,Labour and delivery complicated by fetal heart rate anomaly with meconium in amniotic fluid
O68.3,Labour and delivery complicated by biochemical evidence of fetal stress
O68.8,Labour and delivery complicated by other evidence of fetal stress
O68.9,"Labour and delivery complicated by fetal stress, unspecified"
O69,Labour and delivery complicated by umbilical cord complications
O69.0,Labour and delivery complicated by prolapse of cord
O69.1,"Labour and delivery complicated by cord around neck, with compression"
O69.2,"Labour and delivery complicated by other cord entanglement, with compression"
O69.3,Labour and delivery complicated by short cord
O69.4,Labour and delivery complicated by vasa praevia
O69.5,Labour and delivery complicated by vascular lesion of cord
O69.8,Labour and delivery complicated by other cord complications
O69.9,"Labour and delivery complicated by cord complication, unspecified"
O70,Perineal laceration during delivery
O70.0,First degree perineal laceration during delivery
O70.1,Second degree perineal laceration during delivery
O70.2,Third degree perineal laceration during delivery
O70.3,Fourth degree perineal laceration during delivery
O70.9,"Perineal laceration during delivery, unspecified"
O71,Other obstetric trauma
O71.0,Rupture of uterus before onset of labour
O71.1,Rupture of uterus during labour
O71.2,Postpartum inversion of uterus
O71.3,Obstetric laceration of cervix
O71.4,Obstetric high vaginal laceration
O71.5,Other obstetric injury to pelvic organs
O71.6,Obstetric damage to pelvic joints and ligaments
O71.7,Obstetric haematoma of pelvis
O71.8,Other specified obstetric trauma
O71.9,"Obstetric trauma, unspecified"
O72,Postpartum haemorrhage
O72.0,Third-stage haemorrhage
O72.1,Other immediate postpartum haemorrhage
O72.2,Delayed and secondary postpartum haemorrhage
O72.3,Postpartum coagulation defects
O73,"Retained placenta and membranes, without haemorrhage"
O73.0,"Retained placenta without haemorrhage Coding-Hint Use additional code, if desired, to identify any morbidly adherent placenta (O43.2)"
O73.1,"Retained portions of placenta and membranes, without haemorrhage"
O74,Complications of anaesthesia during labour and delivery
O74.0,Aspiration pneumonitis due to anaesthesia during labour and delivery
O74.1,Other pulmonary complications of anaesthesia during labour and delivery
O74.2,Cardiac complications of anaesthesia during labour and delivery
O74.3,Central nervous system complications of anaesthesia during labour and delivery
O74.4,Toxic reaction to local anaesthesia during labour and delivery
O74.5,Spinal and epidural anaesthesia-induced headache during labour and delivery
O74.6,Other complications of spinal and epidural anaesthesia during labour and delivery
O74.7,Failed or difficult intubation during labour and delivery
O74.8,Other complications of anaesthesia during labour and delivery
O74.9,"Complication of anaesthesia during labour and delivery, unspecified"
O75,"Other complications of labour and delivery, not elsewhere classified"
O75.0,Maternal distress during labour and delivery
O75.1,Shock during or following labour and delivery
O75.2,"Pyrexia during labour, not elsewhere classified"
O75.3,Other infection during labour
O75.4,Other complications of obstetric surgery and procedures
O75.5,Delayed delivery after artificial rupture of membranes
O75.6,Delayed delivery after spontaneous or unspecified rupture of membranes
O75.7,Vaginal delivery following previous caesarean section
O75.8,Other specified complications of labour and delivery
O75.9,"Complication of labour and delivery, unspecified"
O80-,ICD-10 Version
O80,Single spontaneous delivery
O80.0,Spontaneous vertex delivery
O80.1,Spontaneous breech delivery
O80.8,Other single spontaneous delivery
O80.9,"Single spontaneous delivery, unspecified"
O81,Single delivery by forceps and vacuum extractor
O81.0,Low forceps delivery
O81.1,Mid-cavity forceps delivery
O81.2,Mid-cavity forceps with rotation
O81.3,Other and unspecified forceps delivery
O81.4,Vacuum extractor delivery
O81.5,Delivery by combination of forceps and vacuum extractor
O82,Single delivery by caesarean section
O82.0,Delivery by elective caesarean section
O82.1,Delivery by emergency caesarean section
O82.2,Delivery by caesarean hysterectomy
O82.8,Other single delivery by caesarean section
O82.9,"Delivery by caesarean section, unspecified"
O83,Other assisted single delivery
O83.0,Breech extraction
O83.1,Other assisted breech delivery
O83.2,Other manipulation-assisted delivery
O83.3,Delivery of viable fetus in abdominal pregnancy
O83.4,Destructive operation for delivery
O83.8,Other specified assisted single delivery
O83.9,"Assisted single delivery, unspecified"
O84,"Multiple delivery Coding-Hint Use additional code (O80-O83), if desired, to indicate the method of delivery of each fetus or infant."
O84.0,"Multiple delivery, all spontaneous"
O84.1,"Multiple delivery, all by forceps and vacuum extractor"
O84.2,"Multiple delivery, all by caesarean section"
O84.8,Other multiple delivery
O84.9,"Multiple delivery, unspecified"
O85-,ICD-10 Version
O85,Puerperal sepsis
O86,"Other puerperal infections Coding-Hint Use additional code (B95-B98), if desired, to identify infectious agent."
O86.0,Infection of obstetric surgical wound
O86.1,Other infection of genital tract following delivery
O86.2,Urinary tract infection following delivery
O86.3,Other genitourinary tract infections following delivery
O86.4,Pyrexia of unknown origin following delivery
O86.8,Other specified puerperal infections
O87,Venous complications and haemorrhoids in the puerperium
O87.0,Superficial thrombophlebitis in the puerperium
O87.1,Deep phlebothrombosis in the puerperium
O87.2,Haemorrhoids in the puerperium
O87.3,Cerebral venous thrombosis in the puerperium
O87.8,Other venous complications in the puerperium
O87.9,"Venous complication in the puerperium, unspecified"
O88,Obstetric embolism
O88.0,Obstetric air embolism
O88.1,Amniotic fluid embolism
O88.2,Obstetric blood-clot embolism
O88.3,Obstetric pyaemic and septic embolism
O88.8,Other obstetric embolism
O89,Complications of anaesthesia during the puerperium
O89.0,Pulmonary complications of anaesthesia during the puerperium
O89.1,Cardiac complications of anaesthesia during the puerperium
O89.2,Central nervous system complications of anaesthesia during the puerperium
O89.3,Toxic reaction to local anaesthesia during the puerperium
O89.4,Spinal and epidural anaesthesia-induced headache during the puerperium
O89.5,Other complications of spinal and epidural anaesthesia during the puerperium
O89.6,Failed or difficult intubation during the puerperium
O89.8,Other complications of anaesthesia during the puerperium
O89.9,"Complication of anaesthesia during the puerperium, unspecified"
O90,"Complications of the puerperium, not elsewhere classified"
O90.0,Disruption of caesarean section wound
O90.1,Disruption of perineal obstetric wound
O90.2,Haematoma of obstetric wound
O90.3,Cardiomyopathy in the puerperium
O90.4,Postpartum acute renal failure
O90.5,Postpartum thyroiditis
O90.8,"Other complications of the puerperium, not elsewhere classified"
O90.9,"Complication of the puerperium, unspecified"
O91,Infections of breast associated with childbirth
O91.0,Infection of nipple associated with childbirth
O91.1,Abscess of breast associated with childbirth
O91.2,Nonpurulent mastitis associated with childbirth
O92,Other disorders of breast and lactation associated with childbirth
O92.0,Retracted nipple associated with childbirth
O92.1,Cracked nipple associated with childbirth
O92.2,Other and unspecified disorders of breast associated with childbirth
O92.3,Agalactia
O92.4,Hypogalactia
O92.5,Suppressed lactation
O92.6,Galactorrhoea
O92.7,Other and unspecified disorders of lactation
O94-,ICD-10 Version
O94,"Sequelae of complication of pregnancy, childbirth and the puerperium Note: This category is to be used for morbidity coding only to indicate conditions in categories O00-O75 and O85-O92 as the cause of sequelae, which are themselves classified elsewhere. The 'sequelae' include conditions specified as such or as late effects, or those present one year or more after the onset of the causal condition. Not to be used for chronic complications of pregnancy, childbirth and the puerperium. Code these to O00-O75 and O85-O92 ."
O95,Obstetric death of unspecified cause
O96,"Death from any obstetric cause occurring more than 42 days but less than one year after delivery Note: This category is to be used to indicate death from any obstetric cause (conditions in categories O00-O75, O85-O92, and O98-O99 occurring more than 42 days but less than one year after delivery. Coding-Hint Use additional code, if desired, to identify obstetric cause (direct or indirect) of death."
O96.0,Death from direct obstetric cause occurring more than 42 days but less than one year after delivery
O96.1,Death from indirect obstetric cause occurring more than 42 days but less than one year after delivery
O96.9,Death from unspecified obstetric cause occurring more than 42 days but less than one year after delivery
O97,"Death from sequelae of obstetric causes Note: This category is to be used to indicate death from any obstetric cause (conditions in categories O00-O75, O85-O92, and O98-O99 occurring more than 42 days but less than one year after delivery. The ‘sequelae’ include conditions specified as such or as late effects, or those present one year or more after delivery. Coding-Hint Use additional code, if desired, to identify the obstetric cause (direct or indirect)"
O97.0,Death from sequelae of direct obstetric cause
O97.1,Death from sequelae of indirect obstetric cause
O97.9,"Death from sequelae of obstetric cause, unspecified"
O98,"Maternal infectious and parasitic diseases classifiable elsewhere but complicating pregnancy, childbirth and the puerperium"
O98.0,"Tuberculosis complicating pregnancy, childbirth and the puerperium"
O98.1,"Syphilis complicating pregnancy, childbirth and the puerperium"
O98.2,"Gonorrhoea complicating pregnancy, childbirth and the puerperium"
O98.3,"Other infections with a predominantly sexual mode of transmission complicating pregnancy, childbirth and the puerperium"
O98.4,"Viral hepatitis complicating pregnancy, childbirth and the puerperium"
O98.5,"Other viral diseases complicating pregnancy, childbirth and the puerperium"
O98.6,"Protozoal diseases complicating pregnancy, childbirth and the puerperium"
O98.7,"Human immunodeficiency virus [HIV] disease complicating pregnancy, childbirth and the puerperium Coding-Hint Conditions in (B20-B24)"
O98.8,"Other maternal infectious and parasitic diseases complicating pregnancy, childbirth and the puerperium"
O98.9,"Unspecified maternal infectious or parasitic disease complicating pregnancy, childbirth and the puerperium"
O99,"Other maternal diseases classifiable elsewhere but complicating pregnancy, childbirth and the puerperium Note: This category includes conditions which complicate the pregnant state, are aggravated by the pregnancy or are a main reason for obstetric care and for which the Alphabetical Index does not indicate a specific rubric in Chapter XV. Coding-Hint Use additional code, if desired, to identify specific condition."
O99.0,"Anaemia complicating pregnancy, childbirth and the puerperium"
O99.1,"Other diseases of the blood and blood-forming organs and certain disorders involving the immune mechanism complicating pregnancy, childbirth and the puerperium"
O99.2,"Endocrine, nutritional and metabolic diseases complicating pregnancy, childbirth and the puerperium"
O99.3,"Mental disorders and diseases of the nervous system complicating pregnancy, childbirth and the puerperium"
O99.4,"Diseases of the circulatory system complicating pregnancy, childbirth and the puerperium"
O99.5,"Diseases of the respiratory system complicating pregnancy, childbirth and the puerperium"
O99.6,"Diseases of the digestive system complicating pregnancy, childbirth and the puerperium"
O99.7,"Diseases of the skin and subcutaneous tissue complicating pregnancy, childbirth and the puerperium"
O99.8,"Other specified diseases and conditions complicating pregnancy, childbirth and the puerperium"
P00-,ICD-10 Version
P00,Fetus and newborn affected by maternal conditions that may be unrelated to present pregnancy
P00.0,Fetus and newborn affected by maternal hypertensive disorders
P00.1,Fetus and newborn affected by maternal renal and urinary tract diseases
P00.2,Fetus and newborn affected by maternal infectious and parasitic diseases
P00.3,Fetus and newborn affected by other maternal circulatory and respiratory diseases
P00.4,Fetus and newborn affected by maternal nutritional disorders
P00.5,Fetus and newborn affected by maternal injury
P00.6,Fetus and newborn affected by surgical procedure on mother
P00.7,"Fetus and newborn affected by other medical procedures on mother, not elsewhere classified"
P00.8,Fetus and newborn affected by other maternal conditions
P00.9,Fetus and newborn affected by unspecified maternal condition
P01,Fetus and newborn affected by maternal complications of pregnancy
P01.0,Fetus and newborn affected by incompetent cervix
P01.1,Fetus and newborn affected by premature rupture of membranes
P01.2,Fetus and newborn affected by oligohydramnios
P01.3,Fetus and newborn affected by polyhydramnios
P01.4,Fetus and newborn affected by ectopic pregnancy
P01.5,Fetus and newborn affected by multiple pregnancy
P01.6,Fetus and newborn affected by maternal death
P01.7,Fetus and newborn affected by malpresentation before labour
P01.8,Fetus and newborn affected by other maternal complications of pregnancy
P01.9,"Fetus and newborn affected by maternal complication of pregnancy, unspecified"
P02,"Fetus and newborn affected by complications of placenta, cord and membranes"
P02.0,Fetus and newborn affected by placenta praevia
P02.1,Fetus and newborn affected by other forms of placental separation and haemorrhage
P02.2,Fetus and newborn affected by other and unspecified morphological and functional abnormalities of placenta
P02.3,Fetus and newborn affected by placental transfusion syndromes
P02.4,Fetus and newborn affected by prolapsed cord
P02.5,Fetus and newborn affected by other compression of umbilical cord
P02.6,Fetus and newborn affected by other and unspecified conditions of umbilical cord
P02.7,Fetus and newborn affected by chorioamnionitis
P02.8,Fetus and newborn affected by other abnormalities of membranes
P02.9,"Fetus and newborn affected by abnormality of membranes, unspecified"
P03,Fetus and newborn affected by other complications of labour and delivery
P03.0,Fetus and newborn affected by breech delivery and extraction
P03.1,"Fetus and newborn affected by other malpresentation, malposition and disproportion during labour and delivery"
P03.2,Fetus and newborn affected by forceps delivery
P03.3,Fetus and newborn affected by delivery by vacuum extractor [ventouse]
P03.4,Fetus and newborn affected by caesarean delivery
P03.5,Fetus and newborn affected by precipitate delivery
P03.6,Fetus and newborn affected by abnormal uterine contractions
P03.8,Fetus and newborn affected by other specified complications of labour and delivery
P03.9,"Fetus and newborn affected by complication of labour and delivery, unspecified"
P04,Fetus and newborn affected by noxious influences transmitted via placenta or breast milk
P04.0,"Fetus and newborn affected by maternal anaesthesia and analgesia in pregnancy, labour and delivery"
P04.1,Fetus and newborn affected by other maternal medication
P04.2,Fetus and newborn affected by maternal use of tobacco
P04.3,Fetus and newborn affected by maternal use of alcohol
P04.4,Fetus and newborn affected by maternal use of drugs of addiction
P04.5,Fetus and newborn affected by maternal use of nutritional chemical substances
P04.6,Fetus and newborn affected by maternal exposure to environmental chemical substances
P04.8,Fetus and newborn affected by other maternal noxious influences
P04.9,"Fetus and newborn affected by maternal noxious influence, unspecified"
P05-,ICD-10 Version
P05,Slow fetal growth and fetal malnutrition
P05.0,Light for gestational age Additional Text Usually referred to as weight below but length above 10th centile for gestational age.
P05.1,Small for gestational age Additional Text Usually referred to as weight and length below 10th centile for gestational age.
P05.2,"Fetal malnutrition without mention of light or small for gestational age Additional Text Infant, not light or small for gestational age, showing signs of fetal malnutrition, such as dry, peeling skin and loss of subcutaneous tissue."
P05.9,"Slow fetal growth, unspecified"
P07,"Disorders related to short gestation and low birth weight, not elsewhere classified Note: When both birth weight and gestational age are available, priority of assignment should be given to birth weight."
P07.0,Extremely low birth weight Additional Text Birth weight 999 g or less.
P07.1,Other low birth weight Additional Text Birth weight 1000-2499 g.
P07.2,Extreme immaturity Additional Text Less than 28 completed weeks (less than 196 completed days) of gestation.
P07.3,Other preterm infants Additional Text 28 completed weeks or more but less than 37 completed weeks (196 completed days but less than 259 completed days) of gestation.
P08,"Disorders related to long gestation and high birth weight Note: When both birth weight and gestational age are available, priority of assignment should be given to birth weight."
P08.0,Exceptionally large baby Additional Text Usually implies a birth weight of 4500 g or more.
P08.1,Other heavy for gestational age infants Definition Usually implies a birth weight >90th percentile for gestational age or 4000 g or more at term
P08.2,"Post-term infant, not heavy for gestational age Additional Text Fetus or infant with gestation period of 42 completed weeks or more (294 days or more), not heavy- or large-for-dates."
P10-,ICD-10 Version
P10,Intracranial laceration and haemorrhage due to birth injury
P10.0,Subdural haemorrhage due to birth injury
P10.1,Cerebral haemorrhage due to birth injury
P10.2,Intraventricular haemorrhage due to birth injury
P10.3,Subarachnoid haemorrhage due to birth injury
P10.4,Tentorial tear due to birth injury
P10.8,Other intracranial lacerations and haemorrhages due to birth injury
P10.9,Unspecified intracranial laceration and haemorrhage due to birth injury
P11,Other birth injuries to central nervous system
P11.0,Cerebral oedema due to birth injury
P11.1,Other specified brain damage due to birth injury
P11.2,Unspecified brain damage due to birth injury
P11.3,Birth injury to facial nerve
P11.4,Birth injury to other cranial nerves
P11.5,Birth injury to spine and spinal cord
P11.9,"Birth injury to central nervous system, unspecified"
P12,Birth injury to scalp
P12.0,Cephalhaematoma due to birth injury
P12.1,Chignon due to birth injury
P12.2,Epicranial subaponeurotic haemorrhage due to birth injury
P12.3,Bruising of scalp due to birth injury
P12.4,Monitoring injury of scalp of newborn
P12.8,Other birth injuries to scalp
P12.9,"Birth injury to scalp, unspecified"
P13,Birth injury to skeleton
P13.0,Fracture of skull due to birth injury
P13.1,Other birth injuries to skull
P13.2,Birth injury to femur
P13.3,Birth injury to other long bones
P13.4,Fracture of clavicle due to birth injury
P13.8,Birth injuries to other parts of skeleton
P13.9,"Birth injury to skeleton, unspecified"
P14,Birth injury to peripheral nervous system
P14.0,Erb paralysis due to birth injury
P14.1,Klumpke paralysis due to birth injury
P14.2,Phrenic nerve paralysis due to birth injury
P14.3,Other brachial plexus birth injuries
P14.8,Birth injuries to other parts of peripheral nervous system
P14.9,"Birth injury to peripheral nervous system, unspecified"
P15,Other birth injuries
P15.0,Birth injury to liver
P15.1,Birth injury to spleen
P15.2,Sternomastoid injury due to birth injury
P15.3,Birth injury to eye
P15.4,Birth injury to face
P15.5,Birth injury to external genitalia
P15.6,Subcutaneous fat necrosis due to birth injury
P15.8,Other specified birth injuries
P15.9,"Birth injury, unspecified"
P20-,ICD-10 Version
P20,Intrauterine hypoxia
P20.0,Intrauterine hypoxia first noted before onset of labour
P20.1,Intrauterine hypoxia first noted during labour and delivery
P20.9,"Intrauterine hypoxia, unspecified"
P21,Birth asphyxia Note: This category is not to be used for low Apgar score without mention of asphyxia or other respiratory problems.
P21.0,"Severe birth asphyxia Additional Text Pulse less than 100 per minute at birth and falling or steady, respiration absent or gasping, colour poor, tone absent."
P21.1,"Mild and moderate birth asphyxia Additional Text Normal respiration not established within one minute, but heart rate 100 or above, some muscle tone present, some response to stimulation."
P21.9,"Birth asphyxia, unspecified"
P22,Respiratory distress of newborn
P22.0,Respiratory distress syndrome of newborn
P22.1,Transient tachypnoea of newborn
P22.8,Other respiratory distress of newborn
P22.9,"Respiratory distress of newborn, unspecified"
P23,Congenital pneumonia
P23.0,Congenital pneumonia due to viral agent
P23.1,Congenital pneumonia due to Chlamydia
P23.2,Congenital pneumonia due to staphylococcus
P23.3,"Congenital pneumonia due to streptococcus, group B"
P23.4,Congenital pneumonia due to Escherichia coli
P23.5,Congenital pneumonia due to Pseudomonas
P23.6,Congenital pneumonia due to other bacterial agents
P23.8,Congenital pneumonia due to other organisms
P23.9,"Congenital pneumonia, unspecified"
P24,Neonatal aspiration syndromes
P24.0,Neonatal aspiration of meconium
P24.1,Neonatal aspiration of amniotic fluid and mucus
P24.2,Neonatal aspiration of blood
P24.3,Neonatal aspiration of milk and regurgitated food
P24.8,Other neonatal aspiration syndromes
P24.9,"Neonatal aspiration syndrome, unspecified"
P25,Interstitial emphysema and related conditions originating in the perinatal period
P25.0,Interstitial emphysema originating in the perinatal period
P25.1,Pneumothorax originating in the perinatal period
P25.2,Pneumomediastinum originating in the perinatal period
P25.3,Pneumopericardium originating in the perinatal period
P25.8,Other conditions related to interstitial emphysema originating in the perinatal period
P26,Pulmonary haemorrhage originating in the perinatal period
P26.0,Tracheobronchial haemorrhage originating in the perinatal period
P26.1,Massive pulmonary haemorrhage originating in the perinatal period
P26.8,Other pulmonary haemorrhages originating in the perinatal period
P26.9,Unspecified pulmonary haemorrhage originating in the perinatal period
P27,Chronic respiratory disease originating in the perinatal period
P27.0,Wilson-Mikity syndrome
P27.1,Bronchopulmonary dysplasia originating in the perinatal period
P27.8,Other chronic respiratory diseases originating in the perinatal period
P27.9,Unspecified chronic respiratory disease originating in the perinatal period
P28,Other respiratory conditions originating in the perinatal period
P28.0,Primary atelectasis of newborn
P28.1,Other and unspecified atelectasis of newborn
P28.2,Cyanotic attacks of newborn
P28.3,Primary sleep apnoea of newborn
P28.4,Other apnoea of newborn
P28.5,Respiratory failure of newborn
P28.8,Other specified respiratory conditions of newborn
P28.9,"Respiratory condition of newborn, unspecified"
P29,Cardiovascular disorders originating in the perinatal period
P29.0,Neonatal cardiac failure
P29.1,Neonatal cardiac dysrhythmia
P29.2,Neonatal hypertension
P29.3,Persistent fetal circulation
P29.4,Transient myocardial ischaemia of newborn
P29.8,Other cardiovascular disorders originating in the perinatal period
P29.9,"Cardiovascular disorder originating in the perinatal period, unspecified"
P35-,ICD-10 Version
P35,Congenital viral diseases
P35.0,Congenital rubella syndrome
P35.1,Congenital cytomegalovirus infection
P35.2,Congenital herpesviral [herpes simplex] infection
P35.3,Congenital viral hepatitis
P35.4,Congenital Zika virus disease
P35.8,Other congenital viral diseases
P35.9,"Congenital viral disease, unspecified"
P36,Bacterial sepsis of newborn
P36.0,"Sepsis of newborn due to streptococcus, group B"
P36.1,Sepsis of newborn due to other and unspecified streptococci
P36.2,Sepsis of newborn due to Staphylococcus aureus
P36.3,Sepsis of newborn due to other and unspecified staphylococci
P36.4,Sepsis of newborn due to Escherichia coli
P36.5,Sepsis of newborn due to anaerobes
P36.8,Other bacterial sepsis of newborn
P36.9,"Bacterial sepsis of newborn, unspecified"
P37,Other congenital infectious and parasitic diseases
P37.0,Congenital tuberculosis
P37.1,Congenital toxoplasmosis
P37.2,Neonatal (disseminated) listeriosis
P37.3,Congenital falciparum malaria
P37.4,Other congenital malaria
P37.5,Neonatal candidiasis
P37.8,Other specified congenital infectious and parasitic diseases
P37.9,"Congenital infectious and parasitic disease, unspecified"
P38,Omphalitis of newborn with or without mild haemorrhage
P39,Other infections specific to the perinatal period
P39.0,Neonatal infective mastitis
P39.1,Neonatal conjunctivitis and dacryocystitis
P39.2,"Intra-amniotic infection of fetus, not elsewhere classified"
P39.3,Neonatal urinary tract infection
P39.4,Neonatal skin infection
P39.8,Other specified infections specific to the perinatal period
P39.9,"Infection specific to the perinatal period, unspecified"
P50-,ICD-10 Version
P50,Fetal blood loss
P50.0,Fetal blood loss from vasa praevia
P50.1,Fetal blood loss from ruptured cord
P50.2,Fetal blood loss from placenta
P50.3,Haemorrhage into co-twin
P50.4,Haemorrhage into maternal circulation
P50.5,Fetal blood loss from cut end of co-twin's cord
P50.8,Other fetal blood loss
P50.9,"Fetal blood loss, unspecified"
P51,Umbilical haemorrhage of newborn
P51.0,Massive umbilical haemorrhage of newborn
P51.8,Other umbilical haemorrhages of newborn
P51.9,"Umbilical haemorrhage of newborn, unspecified"
P52,Intracranial nontraumatic haemorrhage of fetus and newborn
P52.0,"Intraventricular (nontraumatic) haemorrhage, grade 1, of fetus and newborn"
P52.1,"Intraventricular (nontraumatic) haemorrhage, grade 2, of fetus and newborn"
P52.2,"Intraventricular (nontraumatic) haemorrhage, grade 3, and grade 4 of fetus and newborn"
P52.3,Unspecified intraventricular (nontraumatic) haemorrhage of fetus and newborn
P52.4,Intracerebral (nontraumatic) haemorrhage of fetus and newborn
P52.5,Subarachnoid (nontraumatic) haemorrhage of fetus and newborn
P52.6,Cerebellar (nontraumatic) and posterior fossa haemorrhage of fetus and newborn
P52.8,Other intracranial (nontraumatic) haemorrhages of fetus and newborn
P52.9,"Intracranial (nontraumatic) haemorrhage of fetus and newborn, unspecified"
P53,Haemorrhagic disease of fetus and newborn
P54,Other neonatal haemorrhages
P54.0,Neonatal haematemesis
P54.1,Neonatal melaena
P54.2,Neonatal rectal haemorrhage
P54.3,Other neonatal gastrointestinal haemorrhage
P54.4,Neonatal adrenal haemorrhage
P54.5,Neonatal cutaneous haemorrhage
P54.6,Neonatal vaginal haemorrhage
P54.8,Other specified neonatal haemorrhages
P54.9,"Neonatal haemorrhage, unspecified"
P55,Haemolytic disease of fetus and newborn
P55.0,Rh isoimmunization of fetus and newborn
P55.1,ABO isoimmunization of fetus and newborn
P55.8,Other haemolytic diseases of fetus and newborn
P55.9,"Haemolytic disease of fetus and newborn, unspecified"
P56,Hydrops fetalis due to haemolytic disease
P56.0,Hydrops fetalis due to isoimmunization
P56.9,Hydrops fetalis due to other and unspecified haemolytic disease
P57,Kernicterus
P57.0,Kernicterus due to isoimmunization
P57.8,Other specified kernicterus
P57.9,"Kernicterus, unspecified"
P58,Neonatal jaundice due to other excessive haemolysis
P58.0,Neonatal jaundice due to bruising
P58.1,Neonatal jaundice due to bleeding
P58.2,Neonatal jaundice due to infection
P58.3,Neonatal jaundice due to polycythaemia
P58.4,"Neonatal jaundice due to drugs or toxins transmitted from mother or given to newborn Coding-Hint Use additional external cause code (Chapter XX), if desired, to identify drug, if drug-induced."
P58.5,Neonatal jaundice due to swallowed maternal blood
P58.8,Neonatal jaundice due to other specified excessive haemolysis
P58.9,"Neonatal jaundice due to excessive haemolysis, unspecified"
P59,Neonatal jaundice from other and unspecified causes
P59.0,Neonatal jaundice associated with preterm delivery
P59.1,Inspissated bile syndrome
P59.2,Neonatal jaundice from other and unspecified hepatocellular damage
P59.3,Neonatal jaundice from breast milk inhibitor
P59.8,Neonatal jaundice from other specified causes
P59.9,"Neonatal jaundice, unspecified"
P60,Disseminated intravascular coagulation of fetus and newborn
P61,Other perinatal haematological disorders
P61.0,Transient neonatal thrombocytopenia
P61.1,Polycythaemia neonatorum
P61.2,Anaemia of prematurity
P61.3,Congenital anaemia from fetal blood loss
P61.4,"Other congenital anaemias, not elsewhere classified"
P61.5,Transient neonatal neutropenia
P61.6,Other transient neonatal disorders of coagulation
P61.8,Other specified perinatal haematological disorders
P61.9,"Perinatal haematological disorder, unspecified"
P70-,ICD-10 Version
P70,Transitory disorders of carbohydrate metabolism specific to fetus and newborn
P70.0,Syndrome of infant of mother with gestational diabetes
P70.1,Syndrome of infant of a diabetic mother
P70.2,Neonatal diabetes mellitus
P70.3,Iatrogenic neonatal hypoglycaemia
P70.4,Other neonatal hypoglycaemia
P70.8,Other transitory disorders of carbohydrate metabolism of fetus and newborn
P70.9,"Transitory disorder of carbohydrate metabolism of fetus and newborn, unspecified"
P71,Transitory neonatal disorders of calcium and magnesium metabolism
P71.0,Cow milk hypocalcaemia in newborn
P71.1,Other neonatal hypocalcaemia
P71.2,Neonatal hypomagnesaemia
P71.3,Neonatal tetany without calcium or magnesium deficiency
P71.4,Transitory neonatal hypoparathyroidism
P71.8,Other transitory neonatal disorders of calcium and magnesium metabolism
P71.9,"Transitory neonatal disorder of calcium and magnesium metabolism, unspecified"
P72,Other transitory neonatal endocrine disorders
P72.0,"Neonatal goitre, not elsewhere classified"
P72.1,Transitory neonatal hyperthyroidism
P72.2,"Other transitory neonatal disorders of thyroid function, not elsewhere classified"
P72.8,Other specified transitory neonatal endocrine disorders
P72.9,"Transitory neonatal endocrine disorder, unspecified"
P74,Other transitory neonatal electrolyte and metabolic disturbances
P74.0,Late metabolic acidosis of newborn
P74.1,Dehydration of newborn
P74.2,Disturbances of sodium balance of newborn
P74.3,Disturbances of potassium balance of newborn
P74.4,Other transitory electrolyte disturbances of newborn
P74.5,Transitory tyrosinaemia of newborn
P74.8,Other transitory metabolic disturbances of newborn
P74.9,"Transitory metabolic disturbance of newborn, unspecified"
P75-,ICD-10 Version
P76,Other intestinal obstruction of newborn
P76.0,Meconium plug syndrome Coding-Hint Meconium ileus in cases where cystic fibrosis is known not to be present.
P76.1,Transitory ileus of newborn
P76.2,Intestinal obstruction due to inspissated milk
P76.8,Other specified intestinal obstruction of newborn
P76.9,"Intestinal obstruction of newborn, unspecified"
P77,Necrotizing enterocolitis of fetus and newborn
P78,Other perinatal digestive system disorders
P78.0,Perinatal intestinal perforation
P78.1,Other neonatal peritonitis
P78.2,Neonatal haematemesis and melaena due to swallowed maternal blood
P78.3,Noninfective neonatal diarrhoea
P78.8,Other specified perinatal digestive system disorders
P78.9,"Perinatal digestive system disorder, unspecified"
P80-,ICD-10 Version
P80,Hypothermia of newborn
P80.0,"Cold injury syndrome Additional Text Severe and usually chronic hypothermia associated with a pink flushed appearance, oedema and neurological and biochemical abnormalities."
P80.8,Other hypothermia of newborn
P80.9,"Hypothermia of newborn, unspecified"
P81,Other disturbances of temperature regulation of newborn
P81.0,Environmental hyperthermia of newborn
P81.8,Other specified disturbances of temperature regulation of newborn
P81.9,"Disturbance of temperature regulation of newborn, unspecified"
P83,Other conditions of integument specific to fetus and newborn
P83.0,Sclerema neonatorum
P83.1,Neonatal erythema toxicum
P83.2,Hydrops fetalis not due to haemolytic disease
P83.3,Other and unspecified oedema specific to fetus and newborn
P83.4,Breast engorgement of newborn
P83.5,Congenital hydrocele
P83.6,Umbilical polyp of newborn
P83.8,Other specified conditions of integument specific to fetus and newborn
P83.9,"Condition of integument specific to fetus and newborn, unspecified"
P90-,ICD-10 Version
P90,Convulsions of newborn
P91,Other disturbances of cerebral status of newborn
P91.0,Neonatal cerebral ischaemia
P91.1,Acquired periventricular cysts of newborn
P91.2,Neonatal cerebral leukomalacia
P91.3,Neonatal cerebral irritability
P91.4,Neonatal cerebral depression
P91.5,Neonatal coma
P91.6,Hypoxic ischaemic encephalopathy of newborn
P91.7,Acquired hydrocephalus of newborn
P91.8,Other specified disturbances of cerebral status of newborn
P91.9,"Disturbance of cerebral status of newborn, unspecified"
P92,Feeding problems of newborn
P92.0,Vomiting in newborn
P92.1,Regurgitation and rumination in newborn
P92.2,Slow feeding of newborn
P92.3,Underfeeding of newborn
P92.4,Overfeeding of newborn
P92.5,Neonatal difficulty in feeding at breast
P92.8,Other feeding problems of newborn
P92.9,"Feeding problem of newborn, unspecified"
P93,Reactions and intoxications due to drugs administered to fetus and newborn
P94,Disorders of muscle tone of newborn
P94.0,Transient neonatal myasthenia gravis
P94.1,Congenital hypertonia
P94.2,Congenital hypotonia
P94.8,Other disorders of muscle tone of newborn
P94.9,"Disorder of muscle tone of newborn, unspecified"
P95,Fetal death of unspecified cause
P96,Other conditions originating in the perinatal period
P96.0,Congenital renal failure
P96.1,Neonatal withdrawal symptoms from maternal use of drugs of addiction
P96.2,Withdrawal symptoms from therapeutic use of drugs in newborn
P96.3,Wide cranial sutures of newborn
P96.4,"Termination of pregnancy, affecting fetus and newborn"
P96.5,"Complications of intrauterine procedures, not elsewhere classified"
P96.8,Other specified conditions originating in the perinatal period
P96.9,"Condition originating in the perinatal period, unspecified"
Q00-,ICD-10 Version
Q00,Anencephaly and similar malformations
Q00.0,Anencephaly
Q00.1,Craniorachischisis
Q00.2,Iniencephaly
Q01,Encephalocele
Q01.0,Frontal encephalocele
Q01.1,Nasofrontal encephalocele
Q01.2,Occipital encephalocele
Q01.8,Encephalocele of other sites
Q01.9,"Encephalocele, unspecified"
Q02,Microcephaly
Q03,Congenital hydrocephalus
Q03.0,Malformations of aqueduct of Sylvius
Q03.1,Atresia of foramina of Magendie and Luschka
Q03.8,Other congenital hydrocephalus
Q03.9,"Congenital hydrocephalus, unspecified"
Q04,Other congenital malformations of brain
Q04.0,Congenital malformations of corpus callosum
Q04.1,Arhinencephaly
Q04.2,Holoprosencephaly
Q04.3,Other reduction deformities of brain
Q04.4,Septo-optic dysplasia
Q04.5,Megalencephaly
Q04.6,Congenital cerebral cysts
Q04.8,Other specified congenital malformations of brain
Q04.9,"Congenital malformation of brain, unspecified"
Q05,Spina bifida
Q05.0,Cervical spina bifida with hydrocephalus
Q05.1,Thoracic spina bifida with hydrocephalus
Q05.2,Lumbar spina bifida with hydrocephalus
Q05.3,Sacral spina bifida with hydrocephalus
Q05.4,Unspecified spina bifida with hydrocephalus
Q05.5,Cervical spina bifida without hydrocephalus
Q05.6,Thoracic spina bifida without hydrocephalus
Q05.7,Lumbar spina bifida without hydrocephalus
Q05.8,Sacral spina bifida without hydrocephalus
Q05.9,"Spina bifida, unspecified"
Q06,Other congenital malformations of spinal cord
Q06.0,Amyelia
Q06.1,Hypoplasia and dysplasia of spinal cord
Q06.2,Diastematomyelia
Q06.3,Other congenital cauda equina malformations
Q06.4,Hydromyelia
Q06.8,Other specified congenital malformations of spinal cord
Q06.9,"Congenital malformation of spinal cord, unspecified"
Q07,Other congenital malformations of nervous system
Q07.0,Arnold-Chiari syndrome
Q07.8,Other specified congenital malformations of nervous system
Q07.9,"Congenital malformation of nervous system, unspecified"
Q10-,ICD-10 Version
Q10,"Congenital malformations of eyelid, lacrimal apparatus and orbit"
Q10.0,Congenital ptosis
Q10.1,Congenital ectropion
Q10.2,Congenital entropion
Q10.3,Other congenital malformations of eyelid
Q10.4,Absence and agenesis of lacrimal apparatus
Q10.5,Congenital stenosis and stricture of lacrimal duct
Q10.6,Other congenital malformations of lacrimal apparatus
Q10.7,Congenital malformation of orbit
Q11,"Anophthalmos, microphthalmos and macrophthalmos"
Q11.0,Cystic eyeball
Q11.1,Other anophthalmos
Q11.2,Microphthalmos
Q11.3,Macrophthalmos
Q12,Congenital lens malformations
Q12.0,Congenital cataract
Q12.1,Congenital displaced lens
Q12.2,Coloboma of lens
Q12.3,Congenital aphakia
Q12.4,Spherophakia
Q12.8,Other congenital lens malformations
Q12.9,"Congenital lens malformation, unspecified"
Q13,Congenital malformations of anterior segment of eye
Q13.0,Coloboma of iris
Q13.1,Absence of iris
Q13.2,Other congenital malformations of iris
Q13.3,Congenital corneal opacity
Q13.4,Other congenital corneal malformations
Q13.5,Blue sclera
Q13.8,Other congenital malformations of anterior segment of eye
Q13.9,"Congenital malformation of anterior segment of eye, unspecified"
Q14,Congenital malformations of posterior segment of eye
Q14.0,Congenital malformation of vitreous humour
Q14.1,Congenital malformation of retina
Q14.2,Congenital malformation of optic disc
Q14.3,Congenital malformation of choroid
Q14.8,Other congenital malformations of posterior segment of eye
Q14.9,"Congenital malformation of posterior segment of eye, unspecified"
Q15,Other congenital malformations of eye
Q15.0,Congenital glaucoma
Q15.8,Other specified congenital malformations of eye
Q15.9,"Congenital malformation of eye, unspecified"
Q16,Congenital malformations of ear causing impairment of hearing
Q16.0,Congenital absence of (ear) auricle
Q16.1,"Congenital absence, atresia and stricture of auditory canal (external)"
Q16.2,Absence of eustachian tube
Q16.3,Congenital malformation of ear ossicles
Q16.4,Other congenital malformations of middle ear
Q16.5,Congenital malformation of inner ear
Q16.9,"Congenital malformation of ear causing impairment of hearing, unspecified"
Q17,Other congenital malformations of ear
Q17.0,Accessory auricle
Q17.1,Macrotia
Q17.2,Microtia
Q17.3,Other misshapen ear
Q17.4,Misplaced ear
Q17.5,Prominent ear
Q17.8,Other specified congenital malformations of ear
Q17.9,"Congenital malformation of ear, unspecified"
Q18,Other congenital malformations of face and neck
Q18.0,"Sinus, fistula and cyst of branchial cleft"
Q18.1,Preauricular sinus and cyst
Q18.2,Other branchial cleft malformations
Q18.3,Webbing of neck
Q18.4,Macrostomia
Q18.5,Microstomia
Q18.6,Macrocheilia
Q18.7,Microcheilia
Q18.8,Other specified congenital malformations of face and neck
Q18.9,"Congenital malformation of face and neck, unspecified"
Q20-,ICD-10 Version
Q20,Congenital malformations of cardiac chambers and connections
Q20.0,Common arterial trunk
Q20.1,Double outlet right ventricle
Q20.2,Double outlet left ventricle
Q20.3,Discordant ventriculoarterial connection
Q20.4,Double inlet ventricle
Q20.5,Discordant atrioventricular connection
Q20.6,Isomerism of atrial appendages
Q20.8,Other congenital malformations of cardiac chambers and connections
Q20.9,"Congenital malformation of cardiac chambers and connections, unspecified"
Q21,Congenital malformations of cardiac septa
Q21.0,Ventricular septal defect
Q21.1,Atrial septal defect
Q21.2,Atrioventricular septal defect
Q21.3,"Tetralogy of Fallot Additional Text Ventricular septal defect with pulmonary stenosis or atresia, dextroposition of aorta and hypertrophy of right ventricle."
Q21.4,Aortopulmonary septal defect
Q21.8,Other congenital malformations of cardiac septa
Q21.9,"Congenital malformation of cardiac septum, unspecified"
Q22,Congenital malformations of pulmonary and tricuspid valves
Q22.0,Pulmonary valve atresia
Q22.1,Congenital pulmonary valve stenosis
Q22.2,Congenital pulmonary valve insufficiency
Q22.3,Other congenital malformations of pulmonary valve
Q22.4,Congenital tricuspid stenosis
Q22.5,Ebstein anomaly
Q22.6,Hypoplastic right heart syndrome
Q22.8,Other congenital malformations of tricuspid valve
Q22.9,"Congenital malformation of tricuspid valve, unspecified"
Q23,Congenital malformations of aortic and mitral valves
Q23.0,Congenital stenosis of aortic valve
Q23.1,Congenital insufficiency of aortic valve
Q23.2,Congenital mitral stenosis
Q23.3,Congenital mitral insufficiency
Q23.4,"Hypoplastic left heart syndrome Additional Text Atresia, or marked hypoplasia of aortic orifice or valve, with hypoplasia of ascending aorta and defective development of left ventricle (with mitral valve stenosis or atresia)."
Q23.8,Other congenital malformations of aortic and mitral valves
Q23.9,"Congenital malformation of aortic and mitral valves, unspecified"
Q24,Other congenital malformations of heart
Q24.0,Dextrocardia
Q24.1,"Laevocardia Definition Location of heart in left hemithorax with apex pointing to the left, but with situs inversus of other viscera and defects of the heart, or corrected transposition of great vessels."
Q24.2,Cor triatriatum
Q24.3,Pulmonary infundibular stenosis
Q24.4,Congenital subaortic stenosis
Q24.5,Malformation of coronary vessels
Q24.6,Congenital heart block
Q24.8,Other specified congenital malformations of heart
Q24.9,"Congenital malformation of heart, unspecified"
Q25,Congenital malformations of great arteries
Q25.0,Patent ductus arteriosus
Q25.1,Coarctation of aorta
Q25.2,Atresia of aorta
Q25.3,Stenosis of aorta
Q25.4,Other congenital malformations of aorta
Q25.5,Atresia of pulmonary artery
Q25.6,Stenosis of pulmonary artery
Q25.7,Other congenital malformations of pulmonary artery
Q25.8,Other congenital malformations of great arteries
Q25.9,"Congenital malformation of great arteries, unspecified"
Q26,Congenital malformations of great veins
Q26.0,Congenital stenosis of vena cava
Q26.1,Persistent left superior vena cava
Q26.2,Total anomalous pulmonary venous connection
Q26.3,Partial anomalous pulmonary venous connection
Q26.4,"Anomalous pulmonary venous connection, unspecified"
Q26.5,Anomalous portal venous connection
Q26.6,Portal vein-hepatic artery fistula
Q26.8,Other congenital malformations of great veins
Q26.9,"Congenital malformation of great vein, unspecified"
Q27,Other congenital malformations of peripheral vascular system
Q27.0,Congenital absence and hypoplasia of umbilical artery
Q27.1,Congenital renal artery stenosis
Q27.2,Other congenital malformations of renal artery
Q27.3,Peripheral arteriovenous malformation
Q27.4,Congenital phlebectasia
Q27.8,Other specified congenital malformations of peripheral vascular system
Q27.9,"Congenital malformation of peripheral vascular system, unspecified"
Q28,Other congenital malformations of circulatory system
Q28.0,Arteriovenous malformation of precerebral vessels
Q28.1,Other malformations of precerebral vessels
Q28.2,Arteriovenous malformation of cerebral vessels
Q28.3,Other malformations of cerebral vessels
Q28.8,Other specified congenital malformations of circulatory system
Q28.9,"Congenital malformation of circulatory system, unspecified"
Q30-,ICD-10 Version
Q30,Congenital malformations of nose
Q30.0,Choanal atresia
Q30.1,Agenesis and underdevelopment of nose
Q30.2,"Fissured, notched and cleft nose"
Q30.3,Congenital perforated nasal septum
Q30.8,Other congenital malformations of nose
Q30.9,"Congenital malformation of nose, unspecified"
Q31,Congenital malformations of larynx
Q31.0,Web of larynx
Q31.1,Congenital subglottic stenosis
Q31.2,Laryngeal hypoplasia
Q31.3,Laryngocele
Q31.5,Congenital laryngomalacia
Q31.8,Other congenital malformations of larynx
Q31.9,"Congenital malformation of larynx, unspecified"
Q32,Congenital malformations of trachea and bronchus
Q32.0,Congenital tracheomalacia
Q32.1,Other congenital malformations of trachea
Q32.2,Congenital bronchomalacia
Q32.3,Congenital stenosis of bronchus
Q32.4,Other congenital malformations of bronchus
Q33,Congenital malformations of lung
Q33.0,Congenital cystic lung
Q33.1,Accessory lobe of lung
Q33.2,Sequestration of lung
Q33.3,Agenesis of lung
Q33.4,Congenital bronchiectasis
Q33.5,Ectopic tissue in lung
Q33.6,Hypoplasia and dysplasia of lung
Q33.8,Other congenital malformations of lung
Q33.9,"Congenital malformation of lung, unspecified"
Q34,Other congenital malformations of respiratory system
Q34.0,Anomaly of pleura
Q34.1,Congenital cyst of mediastinum
Q34.8,Other specified congenital malformations of respiratory system
Q34.9,"Congenital malformation of respiratory system, unspecified"
Q35-,ICD-10 Version
Q35,Cleft palate
Q35.1,Cleft hard palate
Q35.3,Cleft soft palate
Q35.5,Cleft hard palate with cleft soft palate
Q35.7,Cleft uvula
Q35.9,"Cleft palate, unspecified"
Q36,Cleft lip
Q36.0,"Cleft lip, bilateral"
Q36.1,"Cleft lip, median"
Q36.9,"Cleft lip, unilateral"
Q37,Cleft palate with cleft lip
Q37.0,Cleft hard palate with bilateral cleft lip
Q37.1,Cleft hard palate with unilateral cleft lip
Q37.2,Cleft soft palate with bilateral cleft lip
Q37.3,Cleft soft palate with unilateral cleft lip
Q37.4,Cleft hard and soft palate with bilateral cleft lip
Q37.5,Cleft hard and soft palate with unilateral cleft lip
Q37.8,Unspecified cleft palate with bilateral cleft lip
Q37.9,Unspecified cleft palate with unilateral cleft lip
Q38-,ICD-10 Version
Q38,"Other congenital malformations of tongue, mouth and pharynx"
Q38.0,"Congenital malformations of lips, not elsewhere classified"
Q38.1,Ankyloglossia
Q38.2,Macroglossia
Q38.3,Other congenital malformations of tongue
Q38.4,Congenital malformations of salivary glands and ducts
Q38.5,"Congenital malformations of palate, not elsewhere classified"
Q38.6,Other congenital malformations of mouth
Q38.7,Pharyngeal pouch
Q38.8,Other congenital malformations of pharynx
Q39,Congenital malformations of oesophagus
Q39.0,Atresia of oesophagus without fistula
Q39.1,Atresia of oesophagus with tracheo-oesophageal fistula
Q39.2,Congenital tracheo-oesophageal fistula without atresia
Q39.3,Congenital stenosis and stricture of oesophagus
Q39.4,Congenital oesophageal web
Q39.5,Congenital dilatation of oesophagus
Q39.6,Diverticulum of oesophagus
Q39.8,Other congenital malformations of oesophagus
Q39.9,"Congenital malformation of oesophagus, unspecified"
Q40,Other congenital malformations of upper alimentary tract
Q40.0,Congenital hypertrophic pyloric stenosis
Q40.1,Congenital hiatus hernia
Q40.2,Other specified congenital malformations of stomach
Q40.3,"Congenital malformation of stomach, unspecified"
Q40.8,Other specified congenital malformations of upper alimentary tract
Q40.9,"Congenital malformation of upper alimentary tract, unspecified"
Q41,"Congenital absence, atresia and stenosis of small intestine"
Q41.0,"Congenital absence, atresia and stenosis of duodenum"
Q41.1,"Congenital absence, atresia and stenosis of jejunum"
Q41.2,"Congenital absence, atresia and stenosis of ileum"
Q41.8,"Congenital absence, atresia and stenosis of other specified parts of small intestine"
Q41.9,"Congenital absence, atresia and stenosis of small intestine, part unspecified"
Q42,"Congenital absence, atresia and stenosis of large intestine"
Q42.0,"Congenital absence, atresia and stenosis of rectum with fistula"
Q42.1,"Congenital absence, atresia and stenosis of rectum without fistula"
Q42.2,"Congenital absence, atresia and stenosis of anus with fistula"
Q42.3,"Congenital absence, atresia and stenosis of anus without fistula"
Q42.8,"Congenital absence, atresia and stenosis of other parts of large intestine"
Q42.9,"Congenital absence, atresia and stenosis of large intestine, part unspecified"
Q43,Other congenital malformations of intestine
Q43.0,Meckel diverticulum
Q43.1,Hirschsprung disease
Q43.2,Other congenital functional disorders of colon
Q43.3,Congenital malformations of intestinal fixation
Q43.4,Duplication of intestine
Q43.5,Ectopic anus
Q43.6,Congenital fistula of rectum and anus
Q43.7,Persistent cloaca
Q43.8,Other specified congenital malformations of intestine
Q43.9,"Congenital malformation of intestine, unspecified"
Q44,"Congenital malformations of gallbladder, bile ducts and liver"
Q44.0,"Agenesis, aplasia and hypoplasia of gallbladder"
Q44.1,Other congenital malformations of gallbladder
Q44.2,Atresia of bile ducts
Q44.3,Congenital stenosis and stricture of bile ducts
Q44.4,Choledochal cyst
Q44.5,Other congenital malformations of bile ducts
Q44.6,Cystic disease of liver
Q44.7,Other congenital malformations of liver
Q45,Other congenital malformations of digestive system
Q45.0,"Agenesis, aplasia and hypoplasia of pancreas"
Q45.1,Annular pancreas
Q45.2,Congenital pancreatic cyst
Q45.3,Other congenital malformations of pancreas and pancreatic duct
Q45.8,Other specified congenital malformations of digestive system
Q45.9,"Congenital malformation of digestive system, unspecified"
Q50-,ICD-10 Version
Q50,"Congenital malformations of ovaries, fallopian tubes and broad ligaments"
Q50.0,Congenital absence of ovary
Q50.1,Developmental ovarian cyst
Q50.2,Congenital torsion of ovary
Q50.3,Other congenital malformations of ovary
Q50.4,Embryonic cyst of fallopian tube
Q50.5,Embryonic cyst of broad ligament
Q50.6,Other congenital malformations of fallopian tube and broad ligament
Q51,Congenital malformations of uterus and cervix
Q51.0,Agenesis and aplasia of uterus
Q51.1,Doubling of uterus with doubling of cervix and vagina
Q51.2,Other doubling of uterus
Q51.3,Bicornate uterus
Q51.4,Unicornate uterus
Q51.5,Agenesis and aplasia of cervix
Q51.6,Embryonic cyst of cervix
Q51.7,Congenital fistulae between uterus and digestive and urinary tracts
Q51.8,Other congenital malformations of uterus and cervix
Q51.9,"Congenital malformation of uterus and cervix, unspecified"
Q52,Other congenital malformations of female genitalia
Q52.0,Congenital absence of vagina
Q52.1,Doubling of vagina
Q52.2,Congenital rectovaginal fistula
Q52.3,Imperforate hymen
Q52.4,Other congenital malformations of vagina
Q52.5,Fusion of labia
Q52.6,Congenital malformation of clitoris
Q52.7,Other congenital malformations of vulva
Q52.8,Other specified congenital malformations of female genitalia
Q52.9,"Congenital malformation of female genitalia, unspecified"
Q53,Undescended testicle
Q53.0,Ectopic testis
Q53.1,"Undescended testicle, unilateral"
Q53.2,"Undescended testicle, bilateral"
Q53.9,"Undescended testicle, unspecified"
Q54,Hypospadias
Q54.0,"Hypospadias, balanic"
Q54.1,"Hypospadias, penile"
Q54.2,"Hypospadias, penoscrotal"
Q54.3,"Hypospadias, perineal"
Q54.4,Congenital chordee
Q54.8,Other hypospadias
Q54.9,"Hypospadias, unspecified"
Q55,Other congenital malformations of male genital organs
Q55.0,Absence and aplasia of testis
Q55.1,Hypoplasia of testis and scrotum
Q55.2,Other congenital malformations of testis and scrotum
Q55.3,Atresia of vas deferens
Q55.4,"Other congenital malformations of vas deferens, epididymis, seminal vesicles and prostate"
Q55.5,Congenital absence and aplasia of penis
Q55.6,Other congenital malformations of penis
Q55.8,Other specified congenital malformations of male genital organs
Q55.9,"Congenital malformation of male genital organ, unspecified"
Q56,Indeterminate sex and pseudohermaphroditism
Q56.0,"Hermaphroditism, not elsewhere classified"
Q56.1,"Male pseudohermaphroditism, not elsewhere classified"
Q56.2,"Female pseudohermaphroditism, not elsewhere classified"
Q56.3,"Pseudohermaphroditism, unspecified"
Q56.4,"Indeterminate sex, unspecified"
Q60-,ICD-10 Version
Q60,Renal agenesis and other reduction defects of kidney
Q60.0,"Renal agenesis, unilateral"
Q60.1,"Renal agenesis, bilateral"
Q60.2,"Renal agenesis, unspecified"
Q60.3,"Renal hypoplasia, unilateral"
Q60.4,"Renal hypoplasia, bilateral"
Q60.5,"Renal hypoplasia, unspecified"
Q60.6,Potter syndrome
Q61,Cystic kidney disease
Q61.0,Congenital single renal cyst
Q61.1,"Polycystic kidney, autosomal recessive"
Q61.2,"Polycystic kidney, autosomal dominant"
Q61.3,"Polycystic kidney, unspecified"
Q61.4,Renal dysplasia
Q61.5,Medullary cystic kidney
Q61.8,Other cystic kidney diseases
Q61.9,"Cystic kidney disease, unspecified"
Q62,Congenital obstructive defects of renal pelvis and congenital malformations of ureter
Q62.0,Congenital hydronephrosis
Q62.1,Atresia and stenosis of ureter
Q62.2,Congenital megaloureter
Q62.3,Other obstructive defects of renal pelvis and ureter
Q62.4,Agenesis of ureter
Q62.5,Duplication of ureter
Q62.6,Malposition of ureter
Q62.7,Congenital vesico-uretero-renal reflux
Q62.8,Other congenital malformations of ureter
Q63,Other congenital malformations of kidney
Q63.0,Accessory kidney
Q63.1,"Lobulated, fused and horseshoe kidney"
Q63.2,Ectopic kidney
Q63.3,Hyperplastic and giant kidney
Q63.8,Other specified congenital malformations of kidney
Q63.9,"Congenital malformation of kidney, unspecified"
Q64,Other congenital malformations of urinary system
Q64.0,Epispadias
Q64.1,Exstrophy of urinary bladder
Q64.2,Congenital posterior urethral valves
Q64.3,Other atresia and stenosis of urethra and bladder neck
Q64.4,Malformation of urachus
Q64.5,Congenital absence of bladder and urethra
Q64.6,Congenital diverticulum of bladder
Q64.7,Other congenital malformations of bladder and urethra
Q64.8,Other specified congenital malformations of urinary system
Q64.9,"Congenital malformation of urinary system, unspecified"
Q65-,ICD-10 Version
Q65,Congenital deformities of hip
Q65.0,"Congenital dislocation of hip, unilateral"
Q65.1,"Congenital dislocation of hip, bilateral"
Q65.2,"Congenital dislocation of hip, unspecified"
Q65.3,"Congenital subluxation of hip, unilateral"
Q65.4,"Congenital subluxation of hip, bilateral"
Q65.5,"Congenital subluxation of hip, unspecified"
Q65.6,Unstable hip
Q65.8,Other congenital deformities of hip
Q65.9,"Congenital deformity of hip, unspecified"
Q66,Congenital deformities of feet
Q66.0,Talipes equinovarus
Q66.1,Talipes calcaneovarus
Q66.2,Metatarsus varus
Q66.3,Other congenital varus deformities of feet
Q66.4,Talipes calcaneovalgus
Q66.5,Congenital pes planus
Q66.6,Other congenital valgus deformities of feet
Q66.7,Pes cavus
Q66.8,Other congenital deformities of feet
Q66.9,"Congenital deformity of feet, unspecified"
Q67,"Congenital musculoskeletal deformities of head, face, spine and chest"
Q67.0,Facial asymmetry
Q67.1,Compression facies
Q67.2,Dolichocephaly
Q67.3,Plagiocephaly
Q67.4,"Other congenital deformities of skull, face and jaw"
Q67.5,Congenital deformity of spine
Q67.6,Pectus excavatum
Q67.7,Pectus carinatum
Q67.8,Other congenital deformities of chest
Q68,Other congenital musculoskeletal deformities
Q68.0,Congenital deformity of sternocleidomastoid muscle
Q68.1,Congenital deformity of hand
Q68.2,Congenital deformity of knee
Q68.3,Congenital bowing of femur
Q68.4,Congenital bowing of tibia and fibula
Q68.5,"Congenital bowing of long bones of leg, unspecified"
Q68.8,Other specified congenital musculoskeletal deformities
Q69,Polydactyly
Q69.0,Accessory finger(s)
Q69.1,Accessory thumb(s)
Q69.2,Accessory toe(s)
Q69.9,"Polydactyly, unspecified"
Q70,Syndactyly
Q70.0,Fused fingers
Q70.1,Webbed fingers
Q70.2,Fused toes
Q70.3,Webbed toes
Q70.4,Polysyndactyly
Q70.9,"Syndactyly, unspecified"
Q71,Reduction defects of upper limb
Q71.0,Congenital complete absence of upper limb(s)
Q71.1,Congenital absence of upper arm and forearm with hand present
Q71.2,Congenital absence of both forearm and hand
Q71.3,Congenital absence of hand and finger(s)
Q71.4,Longitudinal reduction defect of radius
Q71.5,Longitudinal reduction defect of ulna
Q71.6,Lobster-claw hand
Q71.8,Other reduction defects of upper limb(s)
Q71.9,"Reduction defect of upper limb, unspecified"
Q72,Reduction defects of lower limb
Q72.0,Congenital complete absence of lower limb(s)
Q72.1,Congenital absence of thigh and lower leg with foot present
Q72.2,Congenital absence of both lower leg and foot
Q72.3,Congenital absence of foot and toe(s)
Q72.4,Longitudinal reduction defect of femur
Q72.5,Longitudinal reduction defect of tibia
Q72.6,Longitudinal reduction defect of fibula
Q72.7,Split foot
Q72.8,Other reduction defects of lower limb(s)
Q72.9,"Reduction defect of lower limb, unspecified"
Q73,Reduction defects of unspecified limb
Q73.0,Congenital absence of unspecified limb(s)
Q73.1,"Phocomelia, unspecified limb(s)"
Q73.8,Other reduction defects of unspecified limb(s)
Q74,Other congenital malformations of limb(s)
Q74.0,"Other congenital malformations of upper limb(s), including shoulder girdle"
Q74.1,Congenital malformation of knee
Q74.2,"Other congenital malformations of lower limb(s), including pelvic girdle"
Q74.3,Arthrogryposis multiplex congenita
Q74.8,Other specified congenital malformations of limb(s)
Q74.9,Unspecified congenital malformation of limb(s)
Q75,Other congenital malformations of skull and face bones
Q75.0,Craniosynostosis
Q75.1,Craniofacial dysostosis
Q75.2,Hypertelorism
Q75.3,Macrocephaly
Q75.4,Mandibulofacial dysostosis
Q75.5,Oculomandibular dysostosis
Q75.8,Other specified congenital malformations of skull and face bones
Q75.9,"Congenital malformation of skull and face bones, unspecified"
Q76,Congenital malformations of spine and bony thorax
Q76.0,Spina bifida occulta
Q76.1,Klippel-Feil syndrome
Q76.2,Congenital spondylolisthesis
Q76.3,Congenital scoliosis due to congenital bony malformation
Q76.4,"Other congenital malformations of spine, not associated with scoliosis"
Q76.5,Cervical rib
Q76.6,Other congenital malformations of ribs
Q76.7,Congenital malformation of sternum
Q76.8,Other congenital malformations of bony thorax
Q76.9,"Congenital malformation of bony thorax, unspecified"
Q77,Osteochondrodysplasia with defects of growth of tubular bones and spine
Q77.0,Achondrogenesis
Q77.1,Thanatophoric short stature
Q77.2,Short rib syndrome
Q77.3,Chondrodysplasia punctata
Q77.4,Achondroplasia
Q77.5,Dystrophic dysplasia
Q77.6,Chondroectodermal dysplasia
Q77.7,Spondyloepiphyseal dysplasia
Q77.8,Other osteochondrodysplasia with defects of growth of tubular bones and spine
Q77.9,"Osteochondrodysplasia with defects of growth of tubular bones and spine, unspecified"
Q78,Other osteochondrodysplasias
Q78.0,Osteogenesis imperfecta
Q78.1,Polyostotic fibrous dysplasia
Q78.2,Osteopetrosis
Q78.3,Progressive diaphyseal dysplasia
Q78.4,Enchondromatosis
Q78.5,Metaphyseal dysplasia
Q78.6,Multiple congenital exostoses
Q78.8,Other specified osteochondrodysplasias
Q78.9,"Osteochondrodysplasia, unspecified"
Q79,"Congenital malformations of the musculoskeletal system, not elsewhere classified"
Q79.0,Congenital diaphragmatic hernia
Q79.1,Other congenital malformations of diaphragm
Q79.2,Exomphalos
Q79.3,Gastroschisis
Q79.4,Prune belly syndrome
Q79.5,Other congenital malformations of abdominal wall
Q79.6,Ehlers-Danlos syndrome
Q79.8,Other congenital malformations of musculoskeletal system
Q79.9,"Congenital malformation of musculoskeletal system, unspecified"
Q80-,ICD-10 Version
Q80,Congenital ichthyosis
Q80.0,Ichthyosis vulgaris
Q80.1,X-linked ichthyosis
Q80.2,Lamellar ichthyosis
Q80.3,Congenital bullous ichthyosiform erythroderma
Q80.4,Harlequin fetus
Q80.8,Other congenital ichthyosis
Q80.9,"Congenital ichthyosis, unspecified"
Q81,Epidermolysis bullosa
Q81.0,Epidermolysis bullosa simplex
Q81.1,Epidermolysis bullosa letalis
Q81.2,Epidermolysis bullosa dystrophica
Q81.8,Other epidermolysis bullosa
Q81.9,"Epidermolysis bullosa, unspecified"
Q82,Other congenital malformations of skin
Q82.0,Hereditary lymphoedema
Q82.1,Xeroderma pigmentosum
Q82.2,Mastocytosis
Q82.3,Incontinentia pigmenti
Q82.4,Ectodermal dysplasia (anhidrotic)
Q82.5,Congenital non-neoplastic naevus
Q82.8,Other specified congenital malformations of skin
Q82.9,"Congenital malformation of skin, unspecified"
Q83,Congenital malformations of breast
Q83.0,Congenital absence of breast with absent nipple
Q83.1,Accessory breast
Q83.2,Absent nipple
Q83.3,Accessory nipple
Q83.8,Other congenital malformations of breast
Q83.9,"Congenital malformation of breast, unspecified"
Q84,Other congenital malformations of integument
Q84.0,Congenital alopecia
Q84.1,"Congenital morphological disturbances of hair, not elsewhere classified"
Q84.2,Other congenital malformations of hair
Q84.3,Anonychia
Q84.4,Congenital leukonychia
Q84.5,Enlarged and hypertrophic nails
Q84.6,Other congenital malformations of nails
Q84.8,Other specified congenital malformations of integument
Q84.9,"Congenital malformation of integument, unspecified"
Q85,"Phakomatoses, not elsewhere classified"
Q85.0,Neurofibromatosis (nonmalignant)
Q85.1,Tuberous sclerosis
Q85.8,"Other phakomatoses, not elsewhere classified"
Q85.9,"Phakomatosis, unspecified"
Q86,"Congenital malformation syndromes due to known exogenous causes, not elsewhere classified"
Q86.0,Fetal alcohol syndrome (dysmorphic)
Q86.1,Fetal hydantoin syndrome
Q86.2,Dysmorphism due to warfarin
Q86.8,Other congenital malformation syndromes due to known exogenous causes
Q87,Other specified congenital malformation syndromes affecting multiple systems
Q87.0,Congenital malformation syndromes predominantly affecting facial appearance
Q87.1,Congenital malformation syndromes predominantly associated with short stature
Q87.2,Congenital malformation syndromes predominantly involving limbs
Q87.3,Congenital malformation syndromes involving early overgrowth
Q87.4,Marfan syndrome
Q87.5,Other congenital malformation syndromes with other skeletal changes
Q87.8,"Other specified congenital malformation syndromes, not elsewhere classified"
Q89,"Other congenital malformations, not elsewhere classified"
Q89.0,Congenital malformations of spleen
Q89.1,Congenital malformations of adrenal gland
Q89.2,Congenital malformations of other endocrine glands
Q89.3,Situs inversus
Q89.4,Conjoined twins
Q89.7,"Multiple congenital malformations, not elsewhere classified"
Q89.8,Other specified congenital malformations
Q89.9,"Congenital malformation, unspecified"
Q90-,ICD-10 Version
Q90,Down syndrome
Q90.0,"Trisomy 21, meiotic nondisjunction"
Q90.1,"Trisomy 21, mosaicism (mitotic nondisjunction)"
Q90.2,"Trisomy 21, translocation"
Q90.9,"Down syndrome, unspecified"
Q91,Edwards syndrome and Patau syndrome
Q91.0,"Trisomy 18, meiotic nondisjunction"
Q91.1,"Trisomy 18, mosaicism (mitotic nondisjunction)"
Q91.2,"Trisomy 18, translocation"
Q91.3,"Edwards syndrome, unspecified"
Q91.4,"Trisomy 13, meiotic nondisjunction"
Q91.5,"Trisomy 13, mosaicism (mitotic nondisjunction)"
Q91.6,"Trisomy 13, translocation"
Q91.7,"Patau syndrome, unspecified"
Q92,"Other trisomies and partial trisomies of the autosomes, not elsewhere classified"
Q92.0,"Whole chromosome trisomy, meiotic nondisjunction"
Q92.1,"Whole chromosome trisomy, mosaicism (mitotic nondisjunction)"
Q92.2,Major partial trisomy Additional Text Whole arm or more duplicated.
Q92.3,Minor partial trisomy Additional Text Less than whole arm duplicated.
Q92.4,Duplications seen only at prometaphase
Q92.5,Duplications with other complex rearrangements
Q92.6,Extra marker chromosomes
Q92.7,Triploidy and polyploidy
Q92.8,Other specified trisomies and partial trisomies of autosomes
Q92.9,"Trisomy and partial trisomy of autosomes, unspecified"
Q93,"Monosomies and deletions from the autosomes, not elsewhere classified"
Q93.0,"Whole chromosome monosomy, meiotic nondisjunction"
Q93.1,"Whole chromosome monosomy, mosaicism (mitotic nondisjunction)"
Q93.2,Chromosome replaced with ring or dicentric
Q93.3,Deletion of short arm of chromosome 4
Q93.4,Deletion of short arm of chromosome 5
Q93.5,Other deletions of part of a chromosome
Q93.6,Deletions seen only at prometaphase
Q93.7,Deletions with other complex rearrangements
Q93.8,Other deletions from the autosomes
Q93.9,"Deletion from autosomes, unspecified"
Q95,"Balanced rearrangements and structural markers, not elsewhere classified"
Q95.0,Balanced translocation and insertion in normal individual
Q95.1,Chromosome inversion in normal individual
Q95.2,Balanced autosomal rearrangement in abnormal individual
Q95.3,Balanced sex/autosomal rearrangement in abnormal individual
Q95.4,Individuals with marker heterochromatin
Q95.5,Individuals with autosomal fragile site
Q95.8,Other balanced rearrangements and structural markers
Q95.9,"Balanced rearrangement and structural marker, unspecified"
Q96,Turner syndrome
Q96.0,"Karyotype 45,X"
Q96.1,"Karyotype 46,X iso (Xq)"
Q96.2,"Karyotype 46,X with abnormal sex chromosome, except iso (Xq)"
Q96.3,"Mosaicism, 45,X/46,XX or XY"
Q96.4,"Mosaicism, 45,X/other cell line(s) with abnormal sex chromosome"
Q96.8,Other variants of Turner syndrome
Q96.9,"Turner syndrome, unspecified"
Q97,"Other sex chromosome abnormalities, female phenotype, not elsewhere classified"
Q97.0,"Karyotype 47,XXX"
Q97.1,Female with more than three X chromosomes
Q97.2,"Mosaicism, lines with various numbers of X chromosomes"
Q97.3,"Female with 46,XY karyotype"
Q97.8,"Other specified sex chromosome abnormalities, female phenotype"
Q97.9,"Sex chromosome abnormality, female phenotype, unspecified"
Q98,"Other sex chromosome abnormalities, male phenotype, not elsewhere classified"
Q98.0,"Klinefelter syndrome karyotype 47,XXY"
Q98.1,"Klinefelter syndrome, male with more than two X chromosomes"
Q98.2,"Klinefelter syndrome, male with 46,XX karyotype"
Q98.3,"Other male with 46,XX karyotype"
Q98.4,"Klinefelter syndrome, unspecified"
Q98.5,"Karyotype 47,XYY"
Q98.6,Male with structurally abnormal sex chromosome
Q98.7,Male with sex chromosome mosaicism
Q98.8,"Other specified sex chromosome abnormalities, male phenotype"
Q98.9,"Sex chromosome abnormality, male phenotype, unspecified"
Q99,"Other chromosome abnormalities, not elsewhere classified"
Q99.0,"Chimera 46,XX/46,XY"
Q99.1,"46,XX true hermaphrodite"
Q99.2,Fragile X chromosome
Q99.8,Other specified chromosome abnormalities
Q99.9,"Chromosomal abnormality, unspecified"
R00-,ICD-10 Version
R00,Abnormalities of heart beat
R00.0,"Tachycardia, unspecified"
R00.1,"Bradycardia, unspecified"
R00.2,Palpitations
R00.3,"Pulseless electrical activity, not elsewhere classified"
R00.8,Other and unspecified abnormalities of heart beat
R01,Cardiac murmurs and other cardiac sounds
R01.0,Benign and innocent cardiac murmurs
R01.1,"Cardiac murmur, unspecified"
R01.2,Other cardiac sounds
R02,"Gangrene, not elsewhere classified"
E10,E14 with common fourth character .5
R03,"Abnormal blood-pressure reading, without diagnosis"
R03.0,"Elevated blood-pressure reading, without diagnosis of hypertension"
R03.1,Nonspecific low blood-pressure reading
R04,Haemorrhage from respiratory passages
R04.0,Epistaxis
R04.1,Haemorrhage from throat
R04.2,Haemoptysis
R04.8,Haemorrhage from other sites in respiratory passages
R04.9,"Haemorrhage from respiratory passages, unspecified"
R05,Cough
R06,Abnormalities of breathing
R06.0,Dyspnoea
R06.1,Stridor
R06.2,Wheezing
R06.3,Periodic breathing
R06.4,Hyperventilation
R06.5,Mouth breathing
R06.6,Hiccough
R06.7,Sneezing
R06.8,Other and unspecified abnormalities of breathing
R07,Pain in throat and chest
R07.0,Pain in throat
R07.1,Chest pain on breathing
R07.2,Precordial pain
R07.3,Other chest pain
R07.4,"Chest pain, unspecified"
R09,Other symptoms and signs involving the circulatory and respiratory systems
R09.0,Asphyxia
R09.1,Pleurisy
R09.2,Respiratory arrest
R09.3,Abnormal sputum
R09.8,Other specified symptoms and signs involving the circulatory and respiratory systems
R10-,ICD-10 Version
R10,Abdominal and pelvic pain
R10.0,Acute abdomen
R10.1,Pain localized to upper abdomen
R10.2,Pelvic and perineal pain
R10.3,Pain localized to other parts of lower abdomen
R10.4,Other and unspecified abdominal pain
R11,Nausea and vomiting
R12,Heartburn
R13,Dysphagia
R14,Flatulence and related conditions
R15,Faecal incontinence
R16,"Hepatomegaly and splenomegaly, not elsewhere classified"
R16.0,"Hepatomegaly, not elsewhere classified"
R16.1,"Splenomegaly, not elsewhere classified"
R16.2,"Hepatomegaly with splenomegaly, not elsewhere classified"
R17,"Hyperbilirubinaemia, with or without jaundice, not elsewhere classified"
R17.0,"Hyperbilirubinaemia with mention of jaundice, not elsewhere classified"
R17.9,"Hyperbilirubinaemia without mention of jaundice, not elsewhere classified"
R18,Ascites
R19,Other symptoms and signs involving the digestive system and abdomen
R19.0,"Intra-abdominal and pelvic swelling, mass and lump"
R19.1,Abnormal bowel sounds
R19.2,Visible peristalsis
R19.3,Abdominal rigidity
R19.4,Change in bowel habit
R19.5,Other faecal abnormalities
R19.6,Halitosis
R19.8,Other specified symptoms and signs involving the digestive system and abdomen
R20-,ICD-10 Version
R20,Disturbances of skin sensation
R20.0,Anaesthesia of skin
R20.1,Hypoaesthesia of skin
R20.2,Paraesthesia of skin
R20.3,Hyperaesthesia
R20.8,Other and unspecified disturbances of skin sensation
R21,Rash and other nonspecific skin eruption
R22,"Localized swelling, mass and lump of skin and subcutaneous tissue"
R22.0,"Localized swelling, mass and lump, head"
R22.1,"Localized swelling, mass and lump, neck"
R22.2,"Localized swelling, mass and lump, trunk"
R22.3,"Localized swelling, mass and lump, upper limb"
R22.4,"Localized swelling, mass and lump, lower limb"
R22.7,"Localized swelling, mass and lump, multiple sites"
R22.9,"Localized swelling, mass and lump, unspecified"
R23,Other skin changes
R23.0,Cyanosis
R23.1,Pallor
R23.2,Flushing
R23.3,Spontaneous ecchymoses
R23.4,Changes in skin texture
R23.8,Other and unspecified skin changes
R25-,ICD-10 Version
R25,Abnormal involuntary movements
R25.0,Abnormal head movements
R25.1,"Tremor, unspecified"
R25.2,Cramp and spasm
R25.3,Fasciculation
R25.8,Other and unspecified abnormal involuntary movements
R26,Abnormalities of gait and mobility
R26.0,Ataxic gait
R26.1,Paralytic gait
R26.2,"Difficulty in walking, not elsewhere classified"
R26.3,Immobility
R26.8,Other and unspecified abnormalities of gait and mobility
R27,Other lack of coordination
R27.0,"Ataxia, unspecified"
R27.8,Other and unspecified lack of coordination
R29,Other symptoms and signs involving the nervous and musculoskeletal systems
R29.0,Tetany
R29.1,Meningismus
R29.2,Abnormal reflex
R29.3,Abnormal posture
R29.4,Clicking hip
R29.6,"Tendency to fall, not elsewhere classified"
R29.8,Other and unspecified symptoms and signs involving the nervous and musculoskeletal systems
R30-,ICD-10 Version
R30,Pain associated with micturition
R30.0,Dysuria
R30.1,Vesical tenesmus
R30.9,"Painful micturition, unspecified"
R31,Unspecified haematuria
R32,Unspecified urinary incontinence
R33,Retention of urine
R34,Anuria and oliguria
R35,Polyuria
R36,Urethral discharge
R39,Other symptoms and signs involving the urinary system
R39.0,Extravasation of urine
R39.1,Other difficulties with micturition
R39.2,Extrarenal uraemia
R39.8,Other and unspecified symptoms and signs involving the urinary system
R40-,ICD-10 Version
R40,"Somnolence, stupor and coma"
E10,E14 with common fourth character .0
R40.0,Somnolence
R40.1,Stupor
R40.2,"Coma, unspecified"
R41,Other symptoms and signs involving cognitive functions and awareness
R41.0,"Disorientation, unspecified"
R41.1,Anterograde amnesia
R41.2,Retrograde amnesia
R41.3,Other amnesia
F10,F19 with common fourth character .6
R41.8,Other and unspecified symptoms and signs involving cognitive functions and awareness
R42,Dizziness and giddiness
R43,Disturbances of smell and taste
R43.0,Anosmia
R43.1,Parosmia
R43.2,Parageusia
R43.8,Other and unspecified disturbances of smell and taste
R44,Other symptoms and signs involving general sensations and perceptions
R44.0,Auditory hallucinations
R44.1,Visual hallucinations
R44.2,Other hallucinations
R44.3,"Hallucinations, unspecified"
R44.8,Other and unspecified symptoms and signs involving general sensations and perceptions
R45,Symptoms and signs involving emotional state
R45.0,Nervousness
R45.1,Restlessness and agitation
R45.2,Unhappiness
R45.3,Demoralization and apathy
R45.4,Irritability and anger
R45.5,Hostility
R45.6,Physical violence
R45.7,"State of emotional shock and stress, unspecified"
R45.8,Other symptoms and signs involving emotional state
R46,Symptoms and signs involving appearance and behaviour
R46.0,Very low level of personal hygiene
R46.1,Bizarre personal appearance
R46.2,Strange and inexplicable behaviour
R46.3,Overactivity
R46.4,Slowness and poor responsiveness
R46.5,Suspiciousness and marked evasiveness
R46.6,Undue concern and preoccupation with stressful events
R46.7,Verbosity and circumstantial detail obscuring reason for contact
R46.8,Other symptoms and signs involving appearance and behaviour
R47-,ICD-10 Version
R47,"Speech disturbances, not elsewhere classified"
R47.0,Dysphasia and aphasia
R47.1,Dysarthria and anarthria
R47.8,Other and unspecified speech disturbances
R48,"Dyslexia and other symbolic dysfunctions, not elsewhere classified"
R48.0,Dyslexia and alexia
R48.1,Agnosia
R48.2,Apraxia
R48.8,Other and unspecified symbolic dysfunctions
R49,Voice disturbances
R49.0,Dysphonia
R49.1,Aphonia
R49.2,Hypernasality and hyponasality
R49.8,Other and unspecified voice disturbances
R50-,ICD-10 Version
R50,Fever of other and unknown origin
R50.2,"Drug-induced fever Coding-Hint Use additional external cause code (Chapter XX), if desired, to identify drug."
R50.8,Other specified fever
R50.9,"Fever, unspecified"
R51,Headache
R52,"Pain, not elsewhere classified"
R52.0,Acute pain
R52.1,Chronic intractable pain
R52.2,Other chronic pain
R52.9,"Pain, unspecified"
R53,Malaise and fatigue
R54,Senility
R55,Syncope and collapse
R56,"Convulsions, not elsewhere classified"
R56.0,Febrile convulsions
R56.8,Other and unspecified convulsions
R57,"Shock, not elsewhere classified"
R57.0,Cardiogenic shock
R57.1,Hypovolaemic shock
R57.2,Septic shock
R57.8,Other shock
R57.9,"Shock, unspecified"
R58,"Haemorrhage, not elsewhere classified"
R59,Enlarged lymph nodes
R59.0,Localized enlarged lymph nodes
R59.1,Generalized enlarged lymph nodes
R59.9,"Enlarged lymph nodes, unspecified"
R60,"Oedema, not elsewhere classified"
R60.0,Localized oedema
R60.1,Generalized oedema
R60.9,"Oedema, unspecified"
R61,Hyperhidrosis
R61.0,Localized hyperhidrosis
R61.1,Generalized hyperhidrosis
R61.9,"Hyperhidrosis, unspecified"
R62,Lack of expected normal physiological development
R62.0,Delayed milestone
R62.8,Other lack of expected normal physiological development
R62.9,"Lack of expected normal physiological development, unspecified"
R63,Symptoms and signs concerning food and fluid intake
R63.0,Anorexia
R63.1,Polydipsia
R63.2,Polyphagia
R63.3,Feeding difficulties and mismanagement
R63.4,Abnormal weight loss
R63.5,Abnormal weight gain
R63.6,Insufficient intake of food and water
R63.8,Other symptoms and signs concerning food and fluid intake
R64,Cachexia
R65,Systemic Inflammatory Response Syndrome [SIRS]
R65.0,Systemic Inflammatory Response Syndrome of infectious origin without organ failure
R65.1,Systemic Inflammatory Response Syndrome of infectious origin with organ failure
R65.2,Systemic Inflammatory Response Syndrome of non-infectious origin without organ failure
R65.3,Systemic Inflammatory Response Syndrome of non-infectious origin with organ failure
R65.9,"Systemic Inflammatory Response Syndrome, unspecified"
R68,Other general symptoms and signs
R68.0,"Hypothermia, not associated with low environmental temperature"
R68.1,Nonspecific symptoms peculiar to infancy
R68.2,"Dry mouth, unspecified"
R68.3,Clubbing of fingers
R68.8,Other specified general symptoms and signs
R69,Unknown and unspecified causes of morbidity
R70-,ICD-10 Version
R70,Elevated erythrocyte sedimentation rate and abnormality of plasma viscosity
R70.0,Elevated erythrocyte sedimentation rate
R70.1,Abnormal plasma viscosity
R71,Abnormality of red blood cells
R72,"Abnormality of white blood cells, not elsewhere classified"
R73,Elevated blood glucose level
R73.0,Abnormal glucose tolerance test
R73.9,"Hyperglycaemia, unspecified"
R74,Abnormal serum enzyme levels
R74.0,Elevation of levels of transaminase and lactic acid dehydrogenase [LDH]
R74.8,Abnormal levels of other serum enzymes
R74.9,Abnormal level of unspecified serum enzyme
R75,Laboratory evidence of human immunodeficiency virus [HIV]
R76,Other abnormal immunological findings in serum
R76.0,Raised antibody titre
R76.1,Abnormal reaction to tuberculin test
R76.2,False-positive serological test for syphilis
R76.8,Other specified abnormal immunological findings in serum
R76.9,"Abnormal immunological finding in serum, unspecified"
R77,Other abnormalities of plasma proteins
R77.0,Abnormality of albumin
R77.1,Abnormality of globulin
R77.2,Abnormality of alphafetoprotein
R77.8,Other specified abnormalities of plasma proteins
R77.9,"Abnormality of plasma protein, unspecified"
R78,"Findings of drugs and other substances, not normally found in blood"
R78.0,"Finding of alcohol in blood Coding-Hint Use additional external cause code (Y90), if desired, for detail regarding alcohol level."
R78.1,Finding of opiate drug in blood
R78.2,Finding of cocaine in blood
R78.3,Finding of hallucinogen in blood
R78.4,Finding of other drugs of addictive potential in blood
R78.5,Finding of psychotropic drug in blood
R78.6,Finding of steroid agent in blood
R78.7,Finding of abnormal level of heavy metals in blood
R78.8,"Finding of other specified substances, not normally found in blood"
R78.9,"Finding of unspecified substance, not normally found in blood"
R79,Other abnormal findings of blood chemistry
R79.0,Abnormal level of blood mineral
R79.8,Other specified abnormal findings of blood chemistry
R79.9,"Abnormal finding of blood chemistry, unspecified"
R80-,ICD-10 Version
R80,Isolated proteinuria
R81,Glycosuria
R82,Other abnormal findings in urine
R82.0,Chyluria
R82.1,Myoglobinuria
R82.2,Biliuria
R82.3,Haemoglobinuria
R82.4,Acetonuria
R82.5,"Elevated urine levels of drugs, medicaments and biological substances"
R82.6,Abnormal urine levels of substances chiefly nonmedicinal as to source
R82.7,Abnormal findings on microbiological examination of urine
R82.8,Abnormal findings on cytological and histological examination of urine
R82.9,Other and unspecified abnormal findings in urine
R83-,ICD-10 Version
R83,Abnormal findings in cerebrospinal fluid Modifier-Hint [See before R83 for subdivisions]
R84,Abnormal findings in specimens from respiratory organs and thorax Modifier-Hint [See before R83 for subdivisions]
R85,Abnormal findings in specimens from digestive organs and abdominal cavity Modifier-Hint [See before R83 for subdivisions]
R86,Abnormal findings in specimens from male genital organs Modifier-Hint [See before R83 for subdivisions]
R87,Abnormal findings in specimens from female genital organs Modifier-Hint [See before R83 for subdivisions]
R89,"Abnormal findings in specimens from other organs, systems and tissues Modifier-Hint [See before R83 for subdivisions]"
R90-,ICD-10 Version
R90,Abnormal findings on diagnostic imaging of central nervous system
R90.0,Intracranial space-occupying lesion
R90.8,Other abnormal findings on diagnostic imaging of central nervous system
R91,Abnormal findings on diagnostic imaging of lung
R92,Abnormal findings on diagnostic imaging of breast
R93,Abnormal findings on diagnostic imaging of other body structures
R93.0,"Abnormal findings on diagnostic imaging of skull and head, not elsewhere classified"
R93.1,Abnormal findings on diagnostic imaging of heart and coronary circulation
R93.2,Abnormal findings on diagnostic imaging of liver and biliary tract
R93.3,Abnormal findings on diagnostic imaging of other parts of digestive tract
R93.4,Abnormal findings on diagnostic imaging of urinary organs
R93.5,"Abnormal findings on diagnostic imaging of other abdominal regions, including retroperitoneum"
R93.6,Abnormal findings on diagnostic imaging of limbs
R93.7,Abnormal findings on diagnostic imaging of other parts of musculoskeletal system
R93.8,Abnormal findings on diagnostic imaging of other specified body structures
R94,Abnormal results of function studies
R94.0,Abnormal results of function studies of central nervous system
R94.1,Abnormal results of function studies of peripheral nervous system and special senses
R94.2,Abnormal results of pulmonary function studies
R94.3,Abnormal results of cardiovascular function studies
R94.4,Abnormal results of kidney function studies
R94.5,Abnormal results of liver function studies
R94.6,Abnormal results of thyroid function studies
R94.7,Abnormal results of other endocrine function studies
R94.8,Abnormal results of function studies of other organs and systems
R95-,ICD-10 Version
R95,Sudden infant death syndrome
R95.0,Sudden infant death syndrome with mention of autopsy
R95.9,Sudden infant death syndrome without mention of autopsy
R96,"Other sudden death, cause unknown"
R96.0,Instantaneous death
R96.1,"Death occurring less than 24 hours from onset of symptoms, not otherwise explained"
R98,Unattended death
R99,Other ill-defined and unspecified causes of mortality
S00-,ICD-10 Version
S00,Superficial injury of head
S00.0,Superficial injury of scalp
S00.1,Contusion of eyelid and periocular area
S00.2,Other superficial injuries of eyelid and periocular area
S00.3,Superficial injury of nose
S00.4,Superficial injury of ear
S00.5,Superficial injury of lip and oral cavity
S00.7,Multiple superficial injuries of head
S00.8,Superficial injury of other parts of head
S00.9,"Superficial injury of head, part unspecified"
S01,Open wound of head
S01.0,Open wound of scalp
S01.1,Open wound of eyelid and periocular area
S01.2,Open wound of nose
S01.3,Open wound of ear
S01.4,Open wound of cheek and temporomandibular area
S01.5,Open wound of lip and oral cavity
S01.7,Multiple open wounds of head
S01.8,Open wound of other parts of head
S01.9,"Open wound of head, part unspecified"
S02,Fracture of skull and facial bones Modifier-Hint
S02.0,Fracture of vault of skull
S02.1,Fracture of base of skull
S02.2,Fracture of nasal bones
S02.3,Fracture of orbital floor
S02.4,Fracture of malar and maxillary bones
S02.5,Fracture of tooth
S02.6,Fracture of mandible
S02.7,Multiple fractures involving skull and facial bones
S02.8,Fractures of other skull and facial bones
S02.9,"Fracture of skull and facial bones, part unspecified"
S03,"Dislocation, sprain and strain of joints and ligaments of head"
S03.0,Dislocation of jaw
S03.1,Dislocation of septal cartilage of nose
S03.2,Dislocation of tooth
S03.3,Dislocation of other and unspecified parts of head
S03.4,Sprain and strain of jaw
S03.5,Sprain and strain of joints and ligaments of other and unspecified parts of head
S04,Injury of cranial nerves
S04.0,Injury of optic nerve and pathways
S04.1,Injury of oculomotor nerve
S04.2,Injury of trochlear nerve
S04.3,Injury of trigeminal nerve
S04.4,Injury of abducent nerve
S04.5,Injury of facial nerve
S04.6,Injury of acoustic nerve
S04.7,Injury of accessory nerve
S04.8,Injury of other cranial nerves
S04.9,Injury of unspecified cranial nerve
S05,Injury of eye and orbit
S05.0,Injury of conjunctiva and corneal abrasion without mention of foreign body
S05.1,Contusion of eyeball and orbital tissues
S05.2,Ocular laceration and rupture with prolapse or loss of intraocular tissue
S05.3,Ocular laceration without prolapse or loss of intraocular tissue
S05.4,Penetrating wound of orbit with or without foreign body
S05.5,Penetrating wound of eyeball with foreign body
S05.6,Penetrating wound of eyeball without foreign body
S05.7,Avulsion of eye
S05.8,Other injuries of eye and orbit
S05.9,"Injury of eye and orbit, unspecified"
S06,Intracranial injury Modifier-Hint
S06.0,Concussion
S06.1,Traumatic cerebral oedema
S06.2,Diffuse brain injury
S06.3,Focal brain injury
S06.4,Epidural haemorrhage
S06.5,Traumatic subdural haemorrhage
S06.6,Traumatic subarachnoid haemorrhage
S06.7,Intracranial injury with prolonged coma
S06.8,Other intracranial injuries
S06.9,"Intracranial injury, unspecified"
S07,Crushing injury of head
S07.0,Crushing injury of face
S07.1,Crushing injury of skull
S07.8,Crushing injury of other parts of head
S07.9,"Crushing injury of head, part unspecified"
S08,Traumatic amputation of part of head
S08.0,Avulsion of scalp
S08.1,Traumatic amputation of ear
S08.8,Traumatic amputation of other parts of head
S08.9,Traumatic amputation of unspecified part of head
S09,Other and unspecified injuries of head
S09.0,"Injury of blood vessels of head, not elsewhere classified"
S09.1,Injury of muscle and tendon of head
S09.2,Traumatic rupture of ear drum
S09.7,Multiple injuries of head
S09.8,Other specified injuries of head
S09.9,Unspecified injury of head
S10-,ICD-10 Version
S10,Superficial injury of neck
S10.0,Contusion of throat
S10.1,Other and unspecified superficial injuries of throat
S10.7,Multiple superficial injuries of neck
S10.8,Superficial injury of other parts of neck
S10.9,"Superficial injury of neck, part unspecified"
S11,Open wound of neck
S11.0,Open wound involving larynx and trachea
S11.1,Open wound involving thyroid gland
S11.2,Open wound involving pharynx and cervical oesophagus
S11.7,Multiple open wounds of neck
S11.8,Open wound of other parts of neck
S11.9,"Open wound of neck, part unspecified"
S12,Fracture of neck Modifier-Hint
S12.0,Fracture of first cervical vertebra
S12.1,Fracture of second cervical vertebra
S12.2,Fracture of other specified cervical vertebra
S12.7,Multiple fractures of cervical spine
S12.8,Fracture of other parts of neck
S12.9,"Fracture of neck, part unspecified"
S13,"Dislocation, sprain and strain of joints and ligaments at neck level"
S13.0,Traumatic rupture of cervical intervertebral disc
S13.1,Dislocation of cervical vertebra
S13.2,Dislocation of other and unspecified parts of neck
S13.3,Multiple dislocations of neck
S13.4,Sprain and strain of cervical spine
S13.5,Sprain and strain of thyroid region
S13.6,Sprain and strain of joints and ligaments of other and unspecified parts of neck
S14,Injury of nerves and spinal cord at neck level
S14.0,Concussion and oedema of cervical spinal cord
S14.1,Other and unspecified injuries of cervical spinal cord
S14.2,Injury of nerve root of cervical spine
S14.3,Injury of brachial plexus
S14.4,Injury of peripheral nerves of neck
S14.5,Injury of cervical sympathetic nerves
S14.6,Injury of other and unspecified nerves of neck
S15,Injury of blood vessels at neck level
S15.0,Injury of carotid artery
S15.1,Injury of vertebral artery
S15.2,Injury of external jugular vein
S15.3,Injury of internal jugular vein
S15.7,Injury of multiple blood vessels at neck level
S15.8,Injury of other blood vessels at neck level
S15.9,Injury of unspecified blood vessel at neck level
S16,Injury of muscle and tendon at neck level
S17,Crushing injury of neck
S17.0,Crushing injury of larynx and trachea
S17.8,Crushing injury of other parts of neck
S17.9,"Crushing injury of neck, part unspecified"
S18,Traumatic amputation at neck level
S19,Other and unspecified injuries of neck
S19.7,Multiple injuries of neck
S19.8,Other specified injuries of neck
S19.9,Unspecified injury of neck
S20-,ICD-10 Version
S20,Superficial injury of thorax
S20.0,Contusion of breast
S20.1,Other and unspecified superficial injuries of breast
S20.2,Contusion of thorax
S20.3,Other superficial injuries of front wall of thorax
S20.4,Other superficial injuries of back wall of thorax
S20.7,Multiple superficial injuries of thorax
S20.8,Superficial injury of other and unspecified parts of thorax
S21,Open wound of thorax
S21.0,Open wound of breast
S21.1,Open wound of front wall of thorax
S21.2,Open wound of back wall of thorax
S21.7,Multiple open wounds of thoracic wall
S21.8,Open wound of other parts of thorax
S21.9,"Open wound of thorax, part unspecified"
S22,"Fracture of rib(s), sternum and thoracic spine Modifier-Hint"
S22.0,Fracture of thoracic vertebra
S22.1,Multiple fractures of thoracic spine
S22.2,Fracture of sternum
S22.3,Fracture of rib
S22.4,Multiple fractures of ribs
S22.5,Flail chest
S22.8,Fracture of other parts of bony thorax
S22.9,"Fracture of bony thorax, part unspecified"
S23,"Dislocation, sprain and strain of joints and ligaments of thorax"
S23.0,Traumatic rupture of thoracic intervertebral disc
S23.1,Dislocation of thoracic vertebra
S23.2,Dislocation of other and unspecified parts of thorax
S23.3,Sprain and strain of thoracic spine
S23.4,Sprain and strain of ribs and sternum
S23.5,Sprain and strain of other and unspecified parts of thorax
S24,Injury of nerves and spinal cord at thorax level
S24.0,Concussion and oedema of thoracic spinal cord
S24.1,Other and unspecified injuries of thoracic spinal cord
S24.2,Injury of nerve root of thoracic spine
S24.3,Injury of peripheral nerves of thorax
S24.4,Injury of thoracic sympathetic nerves
S24.5,Injury of other nerves of thorax
S24.6,Injury of unspecified nerve of thorax
S25,Injury of blood vessels of thorax
S25.0,Injury of thoracic aorta
S25.1,Injury of innominate or subclavian artery
S25.2,Injury of superior vena cava
S25.3,Injury of innominate or subclavian vein
S25.4,Injury of pulmonary blood vessels
S25.5,Injury of intercostal blood vessels
S25.7,Injury of multiple blood vessels of thorax
S25.8,Injury of other blood vessels of thorax
S25.9,Injury of unspecified blood vessel of thorax
S26,Injury of heart Modifier-Hint
S26.0,Injury of heart with haemopericardium
S26.8,Other injuries of heart
S26.9,"Injury of heart, unspecified"
S27,Injury of other and unspecified intrathoracic organs Modifier-Hint
S27.0,Traumatic pneumothorax
S27.1,Traumatic haemothorax
S27.2,Traumatic haemopneumothorax
S27.3,Other injuries of lung
S27.4,Injury of bronchus
S27.5,Injury of thoracic trachea
S27.6,Injury of pleura
S27.7,Multiple injuries of intrathoracic organs
S27.8,Injury of other specified intrathoracic organs
S27.9,Injury of unspecified intrathoracic organ
S28,Crushing injury of thorax and traumatic amputation of part of thorax
S28.0,Crushed chest
S28.1,Traumatic amputation of part of thorax
S29,Other and unspecified injuries of thorax
S29.0,Injury of muscle and tendon at thorax level
S29.7,Multiple injuries of thorax
S29.8,Other specified injuries of thorax
S29.9,Unspecified injury of thorax
S30-,ICD-10 Version
S30,"Superficial injury of abdomen, lower back and pelvis"
S30.0,Contusion of lower back and pelvis
S30.1,Contusion of abdominal wall
S30.2,Contusion of external genital organs
S30.7,"Multiple superficial injuries of abdomen, lower back and pelvis"
S30.8,"Other superficial injuries of abdomen, lower back and pelvis"
S30.9,"Superficial injury of abdomen, lower back and pelvis, part unspecified"
S31,"Open wound of abdomen, lower back and pelvis"
S31.0,Open wound of lower back and pelvis
S31.1,Open wound of abdominal wall
S31.2,Open wound of penis
S31.3,Open wound of scrotum and testes
S31.4,Open wound of vagina and vulva
S31.5,Open wound of other and unspecified external genital organs
S31.7,"Multiple open wounds of abdomen, lower back and pelvis"
S31.8,Open wound of other and unspecified parts of abdomen
S32,Fracture of lumbar spine and pelvis Modifier-Hint
S32.0,Fracture of lumbar vertebra
S32.1,Fracture of sacrum
S32.2,Fracture of coccyx
S32.3,Fracture of ilium
S32.4,Fracture of acetabulum
S32.5,Fracture of pubis
S32.7,Multiple fractures of lumbar spine and pelvis
S32.8,Fracture of other and unspecified parts of lumbar spine and pelvis
S33,"Dislocation, sprain and strain of joints and ligaments of lumbar spine and pelvis"
S33.0,Traumatic rupture of lumbar intervertebral disc
S33.1,Dislocation of lumbar vertebra
S33.2,Dislocation of sacroiliac and sacrococcygeal joint
S33.3,Dislocation of other and unspecified parts of lumbar spine and pelvis
S33.4,Traumatic rupture of symphysis pubis
S33.5,Sprain and strain of lumbar spine
S33.6,Sprain and strain of sacroiliac joint
S33.7,Sprain and strain of other and unspecified parts of lumbar spine and pelvis
S34,"Injury of nerves and lumbar spinal cord at abdomen, lower back and pelvis level"
S34.0,Concussion and oedema of lumbar spinal cord
S34.1,Other injury of lumbar spinal cord
S34.2,Injury of nerve root of lumbar and sacral spine
S34.3,Injury of cauda equina
S34.4,Injury of lumbosacral plexus
S34.5,"Injury of lumbar, sacral and pelvic sympathetic nerves"
S34.6,"Injury of peripheral nerve(s) of abdomen, lower back and pelvis"
S34.8,"Injury of other and unspecified nerves at abdomen, lower back and pelvis level"
S35,"Injury of blood vessels at abdomen, lower back and pelvis level"
S35.0,Injury of abdominal aorta
S35.1,Injury of inferior vena cava
S35.2,Injury of coeliac or mesenteric artery
S35.3,Injury of portal or splenic vein
S35.4,Injury of renal blood vessels
S35.5,Injury of iliac blood vessels
S35.7,"Injury of multiple blood vessels at abdomen, lower back and pelvis level"
S35.8,"Injury of other blood vessels at abdomen, lower back and pelvis level"
S35.9,"Injury of unspecified blood vessel at abdomen, lower back and pelvis level"
S36,Injury of intra-abdominal organs Modifier-Hint Modifiers The following subdivisions are provided for optional use in a supplementary character position where it is not possible or not desired to use multiple coding
S36.0,Injury of spleen
S36.1,Injury of liver or gallbladder
S36.2,Injury of pancreas
S36.3,Injury of stomach
S36.4,Injury of small intestine
S36.5,Injury of colon
S36.6,Injury of rectum
S36.7,Injury of multiple intra-abdominal organs
S36.8,Injury of other intra-abdominal organs
S36.9,Injury of unspecified intra-abdominal organ
S37,Injury of urinary and pelvic organs Modifier-Hint
S37.0,Injury of kidney
S37.1,Injury of ureter
S37.2,Injury of bladder
S37.3,Injury of urethra
S37.4,Injury of ovary
S37.5,Injury of fallopian tube
S37.6,Injury of uterus
S37.7,Injury of multiple pelvic organs
S37.8,Injury of other pelvic organs
S37.9,Injury of unspecified pelvic organ
S38,"Crushing injury and traumatic amputation of part of abdomen, lower back and pelvis"
S38.0,Crushing injury of external genital organs
S38.1,"Crushing injury of other and unspecified parts of abdomen, lower back and pelvis"
S38.2,Traumatic amputation of external genital organs
S38.3,"Traumatic amputation of other and unspecified parts of abdomen, lower back and pelvis"
S39,"Other and unspecified injuries of abdomen, lower back and pelvis"
S39.0,"Injury of muscle and tendon of abdomen, lower back and pelvis"
S39.6,Injury of intra-abdominal organ(s) with pelvic organ(s)
S39.7,"Other multiple injuries of abdomen, lower back and pelvis"
S39.8,"Other specified injuries of abdomen, lower back and pelvis"
S39.9,"Unspecified injury of abdomen, lower back and pelvis"
S40-,ICD-10 Version
S40,Superficial injury of shoulder and upper arm
S40.0,Contusion of shoulder and upper arm
S40.7,Multiple superficial injuries of shoulder and upper arm
S40.8,Other superficial injuries of shoulder and upper arm
S40.9,"Superficial injury of shoulder and upper arm, unspecified"
S41,Open wound of shoulder and upper arm
S41.0,Open wound of shoulder
S41.1,Open wound of upper arm
S41.7,Multiple open wounds of shoulder and upper arm
S41.8,Open wound of other and unspecified parts of shoulder girdle
S42,Fracture of shoulder and upper arm Modifier-Hint Modifiers The following subdivisions are provided for optional use in a supplementary character position where it is not possible or not desired to use multiple coding to identify fracture and open wound; a fracture not indicated as closed or open should be classified as closed. Code Title 0 closed 1 open
S42.0,Fracture of clavicle
S42.1,Fracture of scapula
S42.2,Fracture of upper end of humerus
S42.3,Fracture of shaft of humerus
S42.4,Fracture of lower end of humerus
S42.7,"Multiple fractures of clavicle, scapula and humerus"
S42.8,Fracture of other parts of shoulder and upper arm
S42.9,"Fracture of shoulder girdle, part unspecified"
S43,"Dislocation, sprain and strain of joints and ligaments of shoulder girdle"
S43.0,Dislocation of shoulder joint
S43.1,Dislocation of acromioclavicular joint
S43.2,Dislocation of sternoclavicular joint
S43.3,Dislocation of other and unspecified parts of shoulder girdle
S43.4,Sprain and strain of shoulder joint
S43.5,Sprain and strain of acromioclavicular joint
S43.6,Sprain and strain of sternoclavicular joint
S43.7,Sprain and strain of other and unspecified parts of shoulder girdle
S44,Injury of nerves at shoulder and upper arm level
S44.0,Injury of ulnar nerve at upper arm level
S44.1,Injury of median nerve at upper arm level
S44.2,Injury of radial nerve at upper arm level
S44.3,Injury of axillary nerve
S44.4,Injury of musculocutaneous nerve
S44.5,Injury of cutaneous sensory nerve at shoulder and upper arm level
S44.7,Injury of multiple nerves at shoulder and upper arm level
S44.8,Injury of other nerves at shoulder and upper arm level
S44.9,Injury of unspecified nerve at shoulder and upper arm level
S45,Injury of blood vessels at shoulder and upper arm level
S45.0,Injury of axillary artery
S45.1,Injury of brachial artery
S45.2,Injury of axillary or brachial vein
S45.3,Injury of superficial vein at shoulder and upper arm level
S45.7,Injury of multiple blood vessels at shoulder and upper arm level
S45.8,Injury of other blood vessels at shoulder and upper arm level
S45.9,Injury of unspecified blood vessel at shoulder and upper arm level
S46,Injury of muscle and tendon at shoulder and upper arm level
S46.0,Injury of muscle(s) and tendon(s) of the rotator cuff of shoulder
S46.1,Injury of muscle and tendon of long head of biceps
S46.2,Injury of muscle and tendon of other parts of biceps
S46.3,Injury of muscle and tendon of triceps
S46.7,Injury of multiple muscles and tendons at shoulder and upper arm level
S46.8,Injury of other muscles and tendons at shoulder and upper arm level
S46.9,Injury of unspecified muscle and tendon at shoulder and upper arm level
S47,Crushing injury of shoulder and upper arm
S48,Traumatic amputation of shoulder and upper arm
S48.0,Traumatic amputation at shoulder joint
S48.1,Traumatic amputation at level between shoulder and elbow
S48.9,"Traumatic amputation of shoulder and upper arm, level unspecified"
S49,Other and unspecified injuries of shoulder and upper arm
S49.7,Multiple injuries of shoulder and upper arm
S49.8,Other specified injuries of shoulder and upper arm
S49.9,Unspecified injury of shoulder and upper arm
S50-,ICD-10 Version
S50,Superficial injury of forearm
S50.0,Contusion of elbow
S50.1,Contusion of other and unspecified parts of forearm
S50.7,Multiple superficial injuries of forearm
S50.8,Other superficial injuries of forearm
S50.9,"Superficial injury of forearm, unspecified"
S51,Open wound of forearm
S51.0,Open wound of elbow
S51.7,Multiple open wounds of forearm
S51.8,Open wound of other parts of forearm
S51.9,"Open wound of forearm, part unspecified"
S52,Fracture of forearm Modifier-Hint
S52.0,Fracture of upper end of ulna
S52.1,Fracture of upper end of radius
S52.2,Fracture of shaft of ulna
S52.3,Fracture of shaft of radius
S52.4,Fracture of shafts of both ulna and radius
S52.5,Fracture of lower end of radius
S52.6,Fracture of lower end of both ulna and radius
S52.7,Multiple fractures of forearm
S52.8,Fracture of other parts of forearm
S52.9,"Fracture of forearm, part unspecified"
S53,"Dislocation, sprain and strain of joints and ligaments of elbow"
S53.0,Dislocation of radial head
S53.1,"Dislocation of elbow, unspecified"
S53.2,Traumatic rupture of radial collateral ligament
S53.3,Traumatic rupture of ulnar collateral ligament
S53.4,Sprain and strain of elbow
S54,Injury of nerves at forearm level
S54.0,Injury of ulnar nerve at forearm level
S54.1,Injury of median nerve at forearm level
S54.2,Injury of radial nerve at forearm level
S54.3,Injury of cutaneous sensory nerve at forearm level
S54.7,Injury of multiple nerves at forearm level
S54.8,Injury of other nerves at forearm level
S54.9,Injury of unspecified nerve at forearm level
S55,Injury of blood vessels at forearm level
S55.0,Injury of ulnar artery at forearm level
S55.1,Injury of radial artery at forearm level
S55.2,Injury of vein at forearm level
S55.7,Injury of multiple blood vessels at forearm level
S55.8,Injury of other blood vessels at forearm level
S55.9,Injury of unspecified blood vessel at forearm level
S56,Injury of muscle and tendon at forearm level
S56.0,Injury of flexor muscle and tendon of thumb at forearm level
S56.1,Injury of long flexor muscle and tendon of other finger(s) at forearm level
S56.2,Injury of other flexor muscle and tendon at forearm level
S56.3,Injury of extensor or abductor muscles and tendons of thumb at forearm level
S56.4,Injury of extensor muscle and tendon of other finger(s) at forearm level
S56.5,Injury of other extensor muscle and tendon at forearm level
S56.7,Injury of multiple muscles and tendons at forearm level
S56.8,Injury of other and unspecified muscles and tendons at forearm level
S57,Crushing injury of forearm
S57.0,Crushing injury of elbow
S57.8,Crushing injury of other parts of forearm
S57.9,"Crushing injury of forearm, part unspecified"
S58,Traumatic amputation of forearm
S58.0,Traumatic amputation at elbow level
S58.1,Traumatic amputation at level between elbow and wrist
S58.9,"Traumatic amputation of forearm, level unspecified"
S59,Other and unspecified injuries of forearm
S59.7,Multiple injuries of forearm
S59.8,Other specified injuries of forearm
S59.9,Unspecified injury of forearm
S60-,ICD-10 Version
S60,Superficial injury of wrist and hand
S60.0,Contusion of finger(s) without damage to nail
S60.1,Contusion of finger(s) with damage to nail
S60.2,Contusion of other parts of wrist and hand
S60.7,Multiple superficial injuries of wrist and hand
S60.8,Other superficial injuries of wrist and hand
S60.9,"Superficial injury of wrist and hand, unspecified"
S61,Open wound of wrist and hand
S61.0,Open wound of finger(s) without damage to nail
S61.1,Open wound of finger(s) with damage to nail
S61.7,Multiple open wounds of wrist and hand
S61.8,Open wound of other parts of wrist and hand
S61.9,"Open wound of wrist and hand, part unspecified"
S62,Fracture at wrist and hand level Modifier-Hint
S62.0,Fracture of navicular [scaphoid] bone of hand
S62.1,Fracture of other carpal bone(s)
S62.2,Fracture of first metacarpal bone
S62.3,Fracture of other metacarpal bone
S62.4,Multiple fractures of metacarpal bones
S62.5,Fracture of thumb
S62.6,Fracture of other finger
S62.7,Multiple fractures of fingers
S62.8,Fracture of other and unspecified parts of wrist and hand
S63,"Dislocation, sprain and strain of joints and ligaments at wrist and hand level"
S63.0,Dislocation of wrist
S63.1,Dislocation of finger
S63.2,Multiple dislocations of fingers
S63.3,Traumatic rupture of ligament of wrist and carpus
S63.4,Traumatic rupture of ligament of finger at metacarpophalangeal and interphalangeal joint(s)
S63.5,Sprain and strain of wrist
S63.6,Sprain and strain of finger(s)
S63.7,Sprain and strain of other and unspecified parts of hand
S64,Injury of nerves at wrist and hand level
S64.0,Injury of ulnar nerve at wrist and hand level
S64.1,Injury of median nerve at wrist and hand level
S64.2,Injury of radial nerve at wrist and hand level
S64.3,Injury of digital nerve of thumb
S64.4,Injury of digital nerve of other finger
S64.7,Injury of multiple nerves at wrist and hand level
S64.8,Injury of other nerves at wrist and hand level
S64.9,Injury of unspecified nerve at wrist and hand level
S65,Injury of blood vessels at wrist and hand level
S65.0,Injury of ulnar artery at wrist and hand level
S65.1,Injury of radial artery at wrist and hand level
S65.2,Injury of superficial palmar arch
S65.3,Injury of deep palmar arch
S65.4,Injury of blood vessel(s) of thumb
S65.5,Injury of blood vessel(s) of other finger
S65.7,Injury of multiple blood vessels at wrist and hand level
S65.8,Injury of other blood vessels at wrist and hand level
S65.9,Injury of unspecified blood vessel at wrist and hand level
S66,Injury of muscle and tendon at wrist and hand level
S66.0,Injury of long flexor muscle and tendon of thumb at wrist and hand level
S66.1,Injury of flexor muscle and tendon of other finger at wrist and hand level
S66.2,Injury of extensor muscle and tendon of thumb at wrist and hand level
S66.3,Injury of extensor muscle and tendon of other finger at wrist and hand level
S66.4,Injury of intrinsic muscle and tendon of thumb at wrist and hand level
S66.5,Injury of intrinsic muscle and tendon of other finger at wrist and hand level
S66.6,Injury of multiple flexor muscles and tendons at wrist and hand level
S66.7,Injury of multiple extensor muscles and tendons at wrist and hand level
S66.8,Injury of other muscles and tendons at wrist and hand level
S66.9,Injury of unspecified muscle and tendon at wrist and hand level
S67,Crushing injury of wrist and hand
S67.0,Crushing injury of thumb and other finger(s)
S67.8,Crushing injury of other and unspecified parts of wrist and hand
S68,Traumatic amputation of wrist and hand
S68.0,Traumatic amputation of thumb (complete)(partial)
S68.1,Traumatic amputation of other single finger (complete)(partial)
S68.2,Traumatic amputation of two or more fingers alone (complete)(partial)
S68.3,Combined traumatic amputation of (part of) finger(s) with other parts of wrist and hand
S68.4,Traumatic amputation of hand at wrist level
S68.8,Traumatic amputation of other parts of wrist and hand
S68.9,"Traumatic amputation of wrist and hand, level unspecified"
S69,Other and unspecified injuries of wrist and hand
S69.7,Multiple injuries of wrist and hand
S69.8,Other specified injuries of wrist and hand
S69.9,Unspecified injury of wrist and hand
S70-,ICD-10 Version
S70,Superficial injury of hip and thigh
S70.0,Contusion of hip
S70.1,Contusion of thigh
S70.7,Multiple superficial injuries of hip and thigh
S70.8,Other superficial injuries of hip and thigh
S70.9,"Superficial injury of hip and thigh, unspecified"
S71,Open wound of hip and thigh
S71.0,Open wound of hip
S71.1,Open wound of thigh
S71.7,Multiple open wounds of hip and thigh
S71.8,Open wound of other and unspecified parts of pelvic girdle
S72,Fracture of femur Modifier-Hint Modifiers The following subdivisions are provided for optional use in a supplementary character position where it is not possible or not desired to use multiple coding to identify fracture and open wound; a fracture not indicated as closed or open should be classified as closed. Code Title 0 closed 1 open
S72.0,Fracture of neck of femur
S72.1,Pertrochanteric fracture
S72.2,Subtrochanteric fracture
S72.3,Fracture of shaft of femur
S72.4,Fracture of lower end of femur
S72.7,Multiple fractures of femur
S72.8,Fractures of other parts of femur
S72.9,"Fracture of femur, part unspecified"
S73,"Dislocation, sprain and strain of joint and ligaments of hip"
S73.0,Dislocation of hip
S73.1,Sprain and strain of hip
S74,Injury of nerves at hip and thigh level
S74.0,Injury of sciatic nerve at hip and thigh level
S74.1,Injury of femoral nerve at hip and thigh level
S74.2,Injury of cutaneous sensory nerve at hip and thigh level
S74.7,Injury of multiple nerves at hip and thigh level
S74.8,Injury of other nerves at hip and thigh level
S74.9,Injury of unspecified nerve at hip and thigh level
S75,Injury of blood vessels at hip and thigh level
S75.0,Injury of femoral artery
S75.1,Injury of femoral vein at hip and thigh level
S75.2,Injury of greater saphenous vein at hip and thigh level
S75.7,Injury of multiple blood vessels at hip and thigh level
S75.8,Injury of other blood vessels at hip and thigh level
S75.9,Injury of unspecified blood vessel at hip and thigh level
S76,Injury of muscle and tendon at hip and thigh level
S76.0,Injury of muscle and tendon of hip
S76.1,Injury of quadriceps muscle and tendon
S76.2,Injury of adductor muscle and tendon of thigh
S76.3,Injury of muscle and tendon of the posterior muscle group at thigh level
S76.4,Injury of other and unspecified muscles and tendons at thigh level
S76.7,Injury of multiple muscles and tendons at hip and thigh level
S77,Crushing injury of hip and thigh
S77.0,Crushing injury of hip
S77.1,Crushing injury of thigh
S77.2,Crushing injury of hip with thigh
S78,Traumatic amputation of hip and thigh
S78.0,Traumatic amputation at hip joint
S78.1,Traumatic amputation at level between hip and knee
S78.9,"Traumatic amputation of hip and thigh, level unspecified"
S79,Other and unspecified injuries of hip and thigh
S79.7,Multiple injuries of hip and thigh
S79.8,Other specified injuries of hip and thigh
S79.9,Unspecified injury of hip and thigh
S80-,ICD-10 Version
S80,Superficial injury of lower leg
S80.0,Contusion of knee
S80.1,Contusion of other and unspecified parts of lower leg
S80.7,Multiple superficial injuries of lower leg
S80.8,Other superficial injuries of lower leg
S80.9,"Superficial injury of lower leg, unspecified"
S81,Open wound of lower leg
S81.0,Open wound of knee
S81.7,Multiple open wounds of lower leg
S81.8,Open wound of other parts of lower leg
S81.9,"Open wound of lower leg, part unspecified"
S82,"Fracture of lower leg, including ankle Modifier-Hint"
S82.0,Fracture of patella
S82.1,Fracture of upper end of tibia
S82.2,Fracture of shaft of tibia
S82.3,Fracture of lower end of tibia
S82.4,Fracture of fibula alone
S82.5,Fracture of medial malleolus
S82.6,Fracture of lateral malleolus
S82.7,Multiple fractures of lower leg
S82.8,Fractures of other parts of lower leg
S82.9,"Fracture of lower leg, part unspecified"
S83,"Dislocation, sprain and strain of joints and ligaments of knee"
S83.0,Dislocation of patella
S83.1,Dislocation of knee
S83.2,"Tear of meniscus, current"
S83.3,"Tear of articular cartilage of knee, current"
S83.4,Sprain and strain involving (fibular)(tibial) collateral ligament of knee
S83.5,Sprain and strain involving (anterior)(posterior) cruciate ligament of knee
S83.6,Sprain and strain of other and unspecified parts of knee
S83.7,Injury to multiple structures of knee
S84,Injury of nerves at lower leg level
S84.0,Injury of tibial nerve at lower leg level
S84.1,Injury of peroneal nerve at lower leg level
S84.2,Injury of cutaneous sensory nerve at lower leg level
S84.7,Injury of multiple nerves at lower leg level
S84.8,Injury of other nerves at lower leg level
S84.9,Injury of unspecified nerve at lower leg level
S85,Injury of blood vessels at lower leg level
S85.0,Injury of popliteal artery
S85.1,Injury of (anterior)(posterior) tibial artery
S85.2,Injury of peroneal artery
S85.3,Injury of greater saphenous vein at lower leg level
S85.4,Injury of lesser saphenous vein at lower leg level
S85.5,Injury of popliteal vein
S85.7,Injury of multiple blood vessels at lower leg level
S85.8,Injury of other blood vessels at lower leg level
S85.9,Injury of unspecified blood vessel at lower leg level
S86,Injury of muscle and tendon at lower leg level
S86.0,Injury of Achilles tendon
S86.1,Injury of other muscle(s) and tendon(s) of posterior muscle group at lower leg level
S86.2,Injury of muscle(s) and tendon(s) of anterior muscle group at lower leg level
S86.3,Injury of muscle(s) and tendon(s) of peroneal muscle group at lower leg level
S86.7,Injury of multiple muscles and tendons at lower leg level
S86.8,Injury of other muscles and tendons at lower leg level
S86.9,Injury of unspecified muscle and tendon at lower leg level
S87,Crushing injury of lower leg
S87.0,Crushing injury of knee
S87.8,Crushing injury of other and unspecified parts of lower leg
S88,Traumatic amputation of lower leg
S88.0,Traumatic amputation at knee level
S88.1,Traumatic amputation at level between knee and ankle
S88.9,"Traumatic amputation of lower leg, level unspecified"
S89,Other and unspecified injuries of lower leg
S89.7,Multiple injuries of lower leg
S89.8,Other specified injuries of lower leg
S89.9,Unspecified injury of lower leg
S90-,ICD-10 Version
S90,Superficial injury of ankle and foot
S90.0,Contusion of ankle
S90.1,Contusion of toe(s) without damage to nail
S90.2,Contusion of toe(s) with damage to nail
S90.3,Contusion of other and unspecified parts of foot
S90.7,Multiple superficial injuries of ankle and foot
S90.8,Other superficial injuries of ankle and foot
S90.9,"Superficial injury of ankle and foot, unspecified"
S91,Open wound of ankle and foot
S91.0,Open wound of ankle
S91.1,Open wound of toe(s) without damage to nail
S91.2,Open wound of toe(s) with damage to nail
S91.3,Open wound of other parts of foot
S91.7,Multiple open wounds of ankle and foot
S92,"Fracture of foot, except ankle Modifier-Hint"
S92.0,Fracture of calcaneus
S92.1,Fracture of talus
S92.2,Fracture of other tarsal bone(s)
S92.3,Fracture of metatarsal bone
S92.4,Fracture of great toe
S92.5,Fracture of other toe
S92.7,Multiple fractures of foot
S92.9,"Fracture of foot, unspecified"
S93,"Dislocation, sprain and strain of joints and ligaments at ankle and foot level"
S93.0,Dislocation of ankle joint
S93.1,Dislocation of toe(s)
S93.2,Rupture of ligaments at ankle and foot level
S93.3,Dislocation of other and unspecified parts of foot
S93.4,Sprain and strain of ankle
S93.5,Sprain and strain of toe(s)
S93.6,Sprain and strain of other and unspecified parts of foot
S94,Injury of nerves at ankle and foot level
S94.0,Injury of lateral plantar nerve
S94.1,Injury of medial plantar nerve
S94.2,Injury of deep peroneal nerve at ankle and foot level
S94.3,Injury of cutaneous sensory nerve at ankle and foot level
S94.7,Injury of multiple nerves at ankle and foot level
S94.8,Injury of other nerves at ankle and foot level
S94.9,Injury of unspecified nerve at ankle and foot level
S95,Injury of blood vessels at ankle and foot level
S95.0,Injury of dorsal artery of foot
S95.1,Injury of plantar artery of foot
S95.2,Injury of dorsal vein of foot
S95.7,Injury of multiple blood vessels at ankle and foot level
S95.8,Injury of other blood vessels at ankle and foot level
S95.9,Injury of unspecified blood vessel at ankle and foot level
S96,Injury of muscle and tendon at ankle and foot level
S96.0,Injury of muscle and tendon of long flexor muscle of toe at ankle and foot level
S96.1,Injury of muscle and tendon of long extensor muscle of toe at ankle and foot level
S96.2,Injury of intrinsic muscle and tendon at ankle and foot level
S96.7,Injury of multiple muscles and tendons at ankle and foot level
S96.8,Injury of other muscles and tendons at ankle and foot level
S96.9,Injury of unspecified muscle and tendon at ankle and foot level
S97,Crushing injury of ankle and foot
S97.0,Crushing injury of ankle
S97.1,Crushing injury of toe(s)
S97.8,Crushing injury of other parts of ankle and foot
S98,Traumatic amputation of ankle and foot
S98.0,Traumatic amputation of foot at ankle level
S98.1,Traumatic amputation of one toe
S98.2,Traumatic amputation of two or more toes
S98.3,Traumatic amputation of other parts of foot
S98.4,"Traumatic amputation of foot, level unspecified"
S99,Other and unspecified injuries of ankle and foot
S99.7,Multiple injuries of ankle and foot
S99.8,Other specified injuries of ankle and foot
S99.9,Unspecified injury of ankle and foot
T00-,ICD-10 Version
T00,Superficial injuries involving multiple body regions
T00.0,Superficial injuries involving head with neck
T00.1,"Superficial injuries involving thorax with abdomen, lower back and pelvis"
T00.2,Superficial injuries involving multiple regions of upper limb(s)
T00.3,Superficial injuries involving multiple regions of lower limb(s)
T00.6,Superficial injuries involving multiple regions of upper limb(s) with lower limb(s)
T00.8,Superficial injuries involving other combinations of body regions
T00.9,"Multiple superficial injuries, unspecified"
T01,Open wounds involving multiple body regions
T01.0,Open wounds involving head with neck
T01.1,"Open wounds involving thorax with abdomen, lower back and pelvis"
T01.2,Open wounds involving multiple regions of upper limb(s)
T01.3,Open wounds involving multiple regions of lower limb(s)
T01.6,Open wounds involving multiple regions of upper limb(s) with lower limb(s)
T01.8,Open wounds involving other combinations of body regions
T01.9,"Multiple open wounds, unspecified"
T02,Fractures involving multiple body regions Modifier-Hint Modifiers The following subdivisions are provided for optional use in a supplementary character position where it is not possible or not desired to use multiple coding to identify fracture and open wound; a fracture not indicated as closed or open should be classified as closed. Code Title 0 closed 1 open
T02.0,Fractures involving head with neck
T02.1,Fractures involving thorax with lower back and pelvis
T02.2,Fractures involving multiple regions of one upper limb
T02.3,Fractures involving multiple regions of one lower limb
T02.4,Fractures involving multiple regions of both upper limbs
T02.5,Fractures involving multiple regions of both lower limbs
T02.6,Fractures involving multiple regions of upper limb(s) with lower limb(s)
T02.7,Fractures involving thorax with lower back and pelvis with limb(s)
T02.8,Fractures involving other combinations of body regions
T02.9,"Multiple fractures, unspecified"
T03,"Dislocations, sprains and strains involving multiple body regions"
T03.0,"Dislocations, sprains and strains involving head with neck"
T03.1,"Dislocations, sprains and strains involving thorax with lower back and pelvis"
T03.2,"Dislocations, sprains and strains involving multiple regions of upper limb(s)"
T03.3,"Dislocations, sprains and strains involving multiple regions of lower limb(s)"
T03.4,"Dislocations, sprains and strains involving multiple regions of upper limb(s) with lower limb(s)"
T03.8,"Dislocations, sprains and strains involving other combinations of body regions"
T03.9,"Multiple dislocations, sprains and strains, unspecified"
T04,Crushing injuries involving multiple body regions
T04.0,Crushing injuries involving head with neck
T04.1,"Crushing injuries involving thorax with abdomen, lower back and pelvis"
T04.2,Crushing injuries involving multiple regions of upper limb(s)
T04.3,Crushing injuries involving multiple regions of lower limb(s)
T04.4,Crushing injuries involving multiple regions of upper limb(s) with lower limb(s)
T04.7,"Crushing injuries of thorax with abdomen, lower back and pelvis with limb(s)"
T04.8,Crushing injuries involving other combinations of body regions
T04.9,"Multiple crushing injuries, unspecified"
T05,Traumatic amputations involving multiple body regions
T05.0,Traumatic amputation of both hands
T05.1,"Traumatic amputation of one hand and other arm [any level, except hand]"
T05.2,Traumatic amputation of both arms [any level]
T05.3,Traumatic amputation of both feet
T05.4,"Traumatic amputation of one foot and other leg [any level, except foot]"
T05.5,Traumatic amputation of both legs [any level]
T05.6,"Traumatic amputation of upper and lower limbs, any combination [any level]"
T05.8,Traumatic amputations involving other combinations of body regions
T05.9,"Multiple traumatic amputations, unspecified"
T06,"Other injuries involving multiple body regions, not elsewhere classified"
T06.0,Injuries of brain and cranial nerves with injuries of nerves and spinal cord at neck level
T06.1,Injuries of nerves and spinal cord involving other multiple body regions
T06.2,Injuries of nerves involving multiple body regions
T06.3,Injuries of blood vessels involving multiple body regions
T06.4,Injuries of muscles and tendons involving multiple body regions
T06.5,Injuries of intrathoracic organs with intra-abdominal and pelvic organs
T06.8,Other specified injuries involving multiple body regions
T07,Unspecified multiple injuries
T08-,ICD-10 Version
T08,"Fracture of spine, level unspecified Modifier-Hint"
T09,"Other injuries of spine and trunk, level unspecified"
T09.0,"Superficial injury of trunk, level unspecified"
T09.1,"Open wound of trunk, level unspecified"
T09.2,"Dislocation, sprain and strain of unspecified joint and ligament of trunk"
T09.3,"Injury of spinal cord, level unspecified"
T09.4,"Injury of unspecified nerve, spinal nerve root and plexus of trunk"
T09.5,Injury of unspecified muscle and tendon of trunk
T09.6,"Traumatic amputation of trunk, level unspecified"
T09.8,"Other specified injuries of trunk, level unspecified"
T09.9,"Unspecified injury of trunk, level unspecified"
T10,"Fracture of upper limb, level unspecified Modifier-Hint"
T11,"Other injuries of upper limb, level unspecified"
T11.0,"Superficial injury of upper limb, level unspecified"
T11.1,"Open wound of upper limb, level unspecified"
T11.2,"Dislocation, sprain and strain of unspecified joint and ligament of upper limb, level unspecified"
T11.3,"Injury of unspecified nerve of upper limb, level unspecified"
T11.4,"Injury of unspecified blood vessel of upper limb, level unspecified"
T11.5,"Injury of unspecified muscle and tendon of upper limb, level unspecified"
T11.6,"Traumatic amputation of upper limb, level unspecified"
T11.8,"Other specified injuries of upper limb, level unspecified"
T11.9,"Unspecified injury of upper limb, level unspecified"
T12,"Fracture of lower limb, level unspecified Modifier-Hint"
T13,"Other injuries of lower limb, level unspecified"
T13.0,"Superficial injury of lower limb, level unspecified"
T13.1,"Open wound of lower limb, level unspecified"
T13.2,"Dislocation, sprain and strain of unspecified joint and ligament of lower limb, level unspecified"
T13.3,"Injury of unspecified nerve of lower limb, level unspecified"
T13.4,"Injury of unspecified blood vessel of lower limb, level unspecified"
T13.5,"Injury of unspecified muscle and tendon of lower limb, level unspecified"
T13.6,"Traumatic amputation of lower limb, level unspecified"
T13.8,"Other specified injuries of lower limb, level unspecified"
T13.9,"Unspecified injury of lower limb, level unspecified"
T14,Injury of unspecified body region
T14.0,Superficial injury of unspecified body region
T14.1,Open wound of unspecified body region
T14.2,Fracture of unspecified body region Modifier-Hint
T14.3,"Dislocation, sprain and strain of unspecified body region"
T14.4,Injury of nerve(s) of unspecified body region
T14.5,Injury of blood vessel(s) of unspecified body region
T14.6,Injury of muscles and tendons of unspecified body region
T14.7,Crushing injury and traumatic amputation of unspecified body region
T14.8,Other injuries of unspecified body region
T14.9,"Injury, unspecified"
T15-,ICD-10 Version
T15,Foreign body on external eye
T15.0,Foreign body in cornea
T15.1,Foreign body in conjunctival sac
T15.8,Foreign body in other and multiple parts of external eye
T15.9,"Foreign body on external eye, part unspecified"
T16,Foreign body in ear
T17,Foreign body in respiratory tract
T17.0,Foreign body in nasal sinus
T17.1,Foreign body in nostril
T17.2,Foreign body in pharynx
T17.3,Foreign body in larynx
T17.4,Foreign body in trachea
T17.5,Foreign body in bronchus
T17.8,Foreign body in other and multiple parts of respiratory tract
T17.9,"Foreign body in respiratory tract, part unspecified"
T18,Foreign body in alimentary tract
T18.0,Foreign body in mouth
T18.1,Foreign body in oesophagus
T18.2,Foreign body in stomach
T18.3,Foreign body in small intestine
T18.4,Foreign body in colon
T18.5,Foreign body in anus and rectum
T18.8,Foreign body in other and multiple parts of alimentary tract
T18.9,"Foreign body in alimentary tract, part unspecified"
T19,Foreign body in genitourinary tract
T19.0,Foreign body in urethra
T19.1,Foreign body in bladder
T19.2,Foreign body in vulva and vagina
T19.3,Foreign body in uterus [any part]
T19.8,Foreign body in other and multiple parts of genitourinary tract
T19.9,"Foreign body in genitourinary tract, part unspecified"
T20-,ICD-10 Version
T20,Burn and corrosion of head and neck
T20.0,Burn of unspecified degree of head and neck
T20.1,Burn of first degree of head and neck
T20.2,Burn of second degree of head and neck
T20.3,Burn of third degree of head and neck
T20.4,Corrosion of unspecified degree of head and neck
T20.5,Corrosion of first degree of head and neck
T20.6,Corrosion of second degree of head and neck
T20.7,Corrosion of third degree of head and neck
T21,Burn and corrosion of trunk
T21.0,Burn of unspecified degree of trunk
T21.1,Burn of first degree of trunk
T21.2,Burn of second degree of trunk
T21.3,Burn of third degree of trunk
T21.4,Corrosion of unspecified degree of trunk
T21.5,Corrosion of first degree of trunk
T21.6,Corrosion of second degree of trunk
T21.7,Corrosion of third degree of trunk
T22,"Burn and corrosion of shoulder and upper limb, except wrist and hand"
T22.0,"Burn of unspecified degree of shoulder and upper limb, except wrist and hand"
T22.1,"Burn of first degree of shoulder and upper limb, except wrist and hand"
T22.2,"Burn of second degree of shoulder and upper limb, except wrist and hand"
T22.3,"Burn of third degree of shoulder and upper limb, except wrist and hand"
T22.4,"Corrosion of unspecified degree of shoulder and upper limb, except wrist and hand"
T22.5,"Corrosion of first degree of shoulder and upper limb, except wrist and hand"
T22.6,"Corrosion of second degree of shoulder and upper limb, except wrist and hand"
T22.7,"Corrosion of third degree of shoulder and upper limb, except wrist and hand"
T23,Burn and corrosion of wrist and hand
T23.0,Burn of unspecified degree of wrist and hand
T23.1,Burn of first degree of wrist and hand
T23.2,Burn of second degree of wrist and hand
T23.3,Burn of third degree of wrist and hand
T23.4,Corrosion of unspecified degree of wrist and hand
T23.5,Corrosion of first degree of wrist and hand
T23.6,Corrosion of second degree of wrist and hand
T23.7,Corrosion of third degree of wrist and hand
T24,"Burn and corrosion of hip and lower limb, except ankle and foot"
T24.0,"Burn of unspecified degree of hip and lower limb, except ankle and foot"
T24.1,"Burn of first degree of hip and lower limb, except ankle and foot"
T24.2,"Burn of second degree of hip and lower limb, except ankle and foot"
T24.3,"Burn of third degree of hip and lower limb, except ankle and foot"
T24.4,"Corrosion of unspecified degree of hip and lower limb, except ankle and foot"
T24.5,"Corrosion of first degree of hip and lower limb, except ankle and foot"
T24.6,"Corrosion of second degree of hip and lower limb, except ankle and foot"
T24.7,"Corrosion of third degree of hip and lower limb, except ankle and foot"
T25,Burn and corrosion of ankle and foot
T25.0,Burn of unspecified degree of ankle and foot
T25.1,Burn of first degree of ankle and foot
T25.2,Burn of second degree of ankle and foot
T25.3,Burn of third degree of ankle and foot
T25.4,Corrosion of unspecified degree of ankle and foot
T25.5,Corrosion of first degree of ankle and foot
T25.6,Corrosion of second degree of ankle and foot
T25.7,Corrosion of third degree of ankle and foot
T20-,ICD-10 Version
T20,Burn and corrosion of head and neck
T20.0,Burn of unspecified degree of head and neck
T20.1,Burn of first degree of head and neck
T20.2,Burn of second degree of head and neck
T20.3,Burn of third degree of head and neck
T20.4,Corrosion of unspecified degree of head and neck
T20.5,Corrosion of first degree of head and neck
T20.6,Corrosion of second degree of head and neck
T20.7,Corrosion of third degree of head and neck
T21,Burn and corrosion of trunk
T21.0,Burn of unspecified degree of trunk
T21.1,Burn of first degree of trunk
T21.2,Burn of second degree of trunk
T21.3,Burn of third degree of trunk
T21.4,Corrosion of unspecified degree of trunk
T21.5,Corrosion of first degree of trunk
T21.6,Corrosion of second degree of trunk
T21.7,Corrosion of third degree of trunk
T22,"Burn and corrosion of shoulder and upper limb, except wrist and hand"
T22.0,"Burn of unspecified degree of shoulder and upper limb, except wrist and hand"
T22.1,"Burn of first degree of shoulder and upper limb, except wrist and hand"
T22.2,"Burn of second degree of shoulder and upper limb, except wrist and hand"
T22.3,"Burn of third degree of shoulder and upper limb, except wrist and hand"
T22.4,"Corrosion of unspecified degree of shoulder and upper limb, except wrist and hand"
T22.5,"Corrosion of first degree of shoulder and upper limb, except wrist and hand"
T22.6,"Corrosion of second degree of shoulder and upper limb, except wrist and hand"
T22.7,"Corrosion of third degree of shoulder and upper limb, except wrist and hand"
T23,Burn and corrosion of wrist and hand
T23.0,Burn of unspecified degree of wrist and hand
T23.1,Burn of first degree of wrist and hand
T23.2,Burn of second degree of wrist and hand
T23.3,Burn of third degree of wrist and hand
T23.4,Corrosion of unspecified degree of wrist and hand
T23.5,Corrosion of first degree of wrist and hand
T23.6,Corrosion of second degree of wrist and hand
T23.7,Corrosion of third degree of wrist and hand
T24,"Burn and corrosion of hip and lower limb, except ankle and foot"
T24.0,"Burn of unspecified degree of hip and lower limb, except ankle and foot"
T24.1,"Burn of first degree of hip and lower limb, except ankle and foot"
T24.2,"Burn of second degree of hip and lower limb, except ankle and foot"
T24.3,"Burn of third degree of hip and lower limb, except ankle and foot"
T24.4,"Corrosion of unspecified degree of hip and lower limb, except ankle and foot"
T24.5,"Corrosion of first degree of hip and lower limb, except ankle and foot"
T24.6,"Corrosion of second degree of hip and lower limb, except ankle and foot"
T24.7,"Corrosion of third degree of hip and lower limb, except ankle and foot"
T25,Burn and corrosion of ankle and foot
T25.0,Burn of unspecified degree of ankle and foot
T25.1,Burn of first degree of ankle and foot
T25.2,Burn of second degree of ankle and foot
T25.3,Burn of third degree of ankle and foot
T25.4,Corrosion of unspecified degree of ankle and foot
T25.5,Corrosion of first degree of ankle and foot
T25.6,Corrosion of second degree of ankle and foot
T25.7,Corrosion of third degree of ankle and foot
T26-,ICD-10 Version
T26,Burn and corrosion confined to eye and adnexa
T26.0,Burn of eyelid and periocular area
T26.1,Burn of cornea and conjunctival sac
T26.2,Burn with resulting rupture and destruction of eyeball
T26.3,Burn of other parts of eye and adnexa
T26.4,"Burn of eye and adnexa, part unspecified"
T26.5,Corrosion of eyelid and periocular area
T26.6,Corrosion of cornea and conjunctival sac
T26.7,Corrosion with resulting rupture and destruction of eyeball
T26.8,Corrosion of other parts of eye and adnexa
T26.9,"Corrosion of eye and adnexa, part unspecified"
T27,Burn and corrosion of respiratory tract
T27.0,Burn of larynx and trachea
T27.1,Burn involving larynx and trachea with lung
T27.2,Burn of other parts of respiratory tract
T27.3,"Burn of respiratory tract, part unspecified"
T27.4,Corrosion of larynx and trachea
T27.5,Corrosion involving larynx and trachea with lung
T27.6,Corrosion of other parts of respiratory tract
T27.7,"Corrosion of respiratory tract, part unspecified"
T28,Burn and corrosion of other internal organs
T28.0,Burn of mouth and pharynx
T28.1,Burn of oesophagus
T28.2,Burn of other parts of alimentary tract
T28.3,Burn of internal genitourinary organs
T28.4,Burn of other and unspecified internal organs
T28.5,Corrosion of mouth and pharynx
T28.6,Corrosion of oesophagus
T28.7,Corrosion of other parts of alimentary tract
T28.8,Corrosion of internal genitourinary organs
T28.9,Corrosion of other and unspecified internal organs
T29-,ICD-10 Version
T29,Burns and corrosions of multiple body regions
T29.0,"Burns of multiple regions, unspecified degree"
T29.1,"Burns of multiple regions, no more than first-degree burns mentioned"
T29.2,"Burns of multiple regions, no more than second-degree burns mentioned"
T29.3,"Burns of multiple regions, at least one burn of third degree mentioned"
T29.4,"Corrosions of multiple regions, unspecified degree"
T29.5,"Corrosions of multiple regions, no more than first-degree corrosions mentioned"
T29.6,"Corrosions of multiple regions, no more than second-degree corrosions mentioned"
T29.7,"Corrosions of multiple regions, at least one corrosion of third degree mentioned"
T30,"Burn and corrosion, body region unspecified"
T30.0,"Burn of unspecified body region, unspecified degree"
T30.1,"Burn of first degree, body region unspecified"
T30.2,"Burn of second degree, body region unspecified"
T30.3,"Burn of third degree, body region unspecified"
T30.4,"Corrosion of unspecified body region, unspecified degree"
T30.5,"Corrosion of first degree, body region unspecified"
T30.6,"Corrosion of second degree, body region unspecified"
T30.7,"Corrosion of third degree, body region unspecified"
T31,Burns classified according to extent of body surface involved
T31.0,Burns involving less than 10% of body surface
T31.1,Burns involving 10-19% of body surface
T31.2,Burns involving 20-29% of body surface
T31.3,Burns involving 30-39% of body surface
T31.4,Burns involving 40-49% of body surface
T31.5,Burns involving 50-59% of body surface
T31.6,Burns involving 60-69% of body surface
T31.7,Burns involving 70-79% of body surface
T31.8,Burns involving 80-89% of body surface
T31.9,Burns involving 90% or more of body surface
T32,Corrosions classified according to extent of body surface involved
T32.0,Corrosions involving less than 10% of body surface
T32.1,Corrosions involving 10-19% of body surface
T32.2,Corrosions involving 20-29% of body surface
T32.3,Corrosions involving 30-39% of body surface
T32.4,Corrosions involving 40-49% of body surface
T32.5,Corrosions involving 50-59% of body surface
T32.6,Corrosions involving 60-69% of body surface
T32.7,Corrosions involving 70-79% of body surface
T32.8,Corrosions involving 80-89% of body surface
T32.9,Corrosions involving 90% or more of body surface
T33-,ICD-10 Version
T33,Superficial frostbite
T33.0,Superficial frostbite of head
T33.1,Superficial frostbite of neck
T33.2,Superficial frostbite of thorax
T33.3,"Superficial frostbite of abdominal wall, lower back and pelvis"
T33.4,Superficial frostbite of arm
T33.5,Superficial frostbite of wrist and hand
T33.6,Superficial frostbite of hip and thigh
T33.7,Superficial frostbite of knee and lower leg
T33.8,Superficial frostbite of ankle and foot
T33.9,Superficial frostbite of other and unspecified sites
T34,Frostbite with tissue necrosis
T34.0,Frostbite with tissue necrosis of head
T34.1,Frostbite with tissue necrosis of neck
T34.2,Frostbite with tissue necrosis of thorax
T34.3,"Frostbite with tissue necrosis of abdominal wall, lower back and pelvis"
T34.4,Frostbite with tissue necrosis of arm
T34.5,Frostbite with tissue necrosis of wrist and hand
T34.6,Frostbite with tissue necrosis of hip and thigh
T34.7,Frostbite with tissue necrosis of knee and lower leg
T34.8,Frostbite with tissue necrosis of ankle and foot
T34.9,Frostbite with tissue necrosis of other and unspecified sites
T35,Frostbite involving multiple body regions and unspecified frostbite
T35.0,Superficial frostbite involving multiple body regions
T35.1,Frostbite with tissue necrosis involving multiple body regions
T35.2,Unspecified frostbite of head and neck
T35.3,"Unspecified frostbite of thorax, abdomen, lower back and pelvis"
T35.4,Unspecified frostbite of upper limb
T35.5,Unspecified frostbite of lower limb
T35.6,Unspecified frostbite involving multiple body regions
T35.7,Unspecified frostbite of unspecified site
T36-,ICD-10 Version
T36,Poisoning by systemic antibiotics
T36.0,Penicillins
T36.1,Cefalosporins and other beta-lactam antibiotics
T36.2,Chloramphenicol group
T36.3,Macrolides
T36.4,Tetracyclines
T36.5,Aminoglycosides
T36.6,Rifamycins
T36.7,"Antifungal antibiotics, systemically used"
T36.8,Other systemic antibiotics
T36.9,"Systemic antibiotic, unspecified"
T37,Poisoning by other systemic anti-infectives and antiparasitics
T37.0,Sulfonamides
T37.1,Antimycobacterial drugs
T37.2,Antimalarials and drugs acting on other blood protozoa
T37.3,Other antiprotozoal drugs
T37.4,Anthelminthics
T37.5,Antiviral drugs
T37.8,Other specified systemic anti-infectives and antiparasitics
T37.9,"Systemic anti-infective and antiparasitic, unspecified"
T38,"Poisoning by hormones and their synthetic substitutes and antagonists, not elsewhere classified"
T38.0,Glucocorticoids and synthetic analogues
T38.1,Thyroid hormones and substitutes
T38.2,Antithyroid drugs
T38.3,Insulin and oral hypoglycaemic [antidiabetic] drugs
T38.4,Oral contraceptives
T38.5,Other estrogens and progestogens
T38.6,"Antigonadotrophins, antiestrogens, antiandrogens, not elsewhere classified"
T38.7,Androgens and anabolic congeners
T38.8,Other and unspecified hormones and their synthetic substitutes
T38.9,Other and unspecified hormone antagonists
T39,"Poisoning by nonopioid analgesics, antipyretics and antirheumatics"
T39.0,Salicylates
T39.1,4-Aminophenol derivatives
T39.2,Pyrazolone derivatives
T39.3,Other nonsteroidal anti-inflammatory drugs [NSAID]
T39.4,"Antirheumatics, not elsewhere classified"
T39.8,"Other nonopioid analgesics and antipyretics, not elsewhere classified"
T39.9,"Nonopioid analgesic, antipyretic and antirheumatic, unspecified"
T40,Poisoning by narcotics and psychodysleptics [hallucinogens]
T40.1,Heroin
T40.2,Other opioids
T40.3,Methadone
T40.4,Other synthetic narcotics
T40.5,Cocaine
T40.6,Other and unspecified narcotics
T40.7,Cannabis (derivatives)
T40.8,Lysergide [LSD]
T40.9,Other and unspecified psychodysleptics [hallucinogens]
T41,Poisoning by anaesthetics and therapeutic gases
T41.0,Inhaled anaesthetics
T41.1,Intravenous anaesthetics
T41.2,Other and unspecified general anaesthetics
T41.3,Local anaesthetics
T41.4,"Anaesthetic, unspecified"
T41.5,Therapeutic gases
T42,"Poisoning by antiepileptic, sedative-hypnotic and antiparkinsonism drugs"
T42.0,Hydantoin derivatives
T42.1,Iminostilbenes
T42.2,Succinimides and oxazolidinediones
T42.3,Barbiturates
T42.4,Benzodiazepines
T42.5,"Mixed antiepileptics, not elsewhere classified"
T42.6,Other antiepileptic and sedative-hypnotic drugs
T42.7,"Antiepileptic and sedative-hypnotic drugs, unspecified"
T42.8,Antiparkinsonism drugs and other central muscle-tone depressants
T43,"Poisoning by psychotropic drugs, not elsewhere classified"
T43.0,Tricyclic and tetracyclic antidepressants
T43.1,Monoamine-oxidase-inhibitor antidepressants
T43.2,Other and unspecified antidepressants
T43.3,Phenothiazine antipsychotics and neuroleptics
T43.4,Butyrophenone and thioxanthene neuroleptics
T43.5,Other and unspecified antipsychotics and neuroleptics
T43.6,Psychostimulants with abuse potential
T43.8,"Other psychotropic drugs, not elsewhere classified"
T43.9,"Psychotropic drug, unspecified"
T44,Poisoning by drugs primarily affecting the autonomic nervous system
T44.0,Anticholinesterase agents
T44.1,Other parasympathomimetics [cholinergics]
T44.2,"Ganglionic blocking drugs, not elsewhere classified"
T44.3,"Other parasympatholytics [anticholinergics and antimuscarinics] and spasmolytics, not elsewhere classified"
T44.4,"Predominantly alpha-adrenoreceptor agonists, not elsewhere classified"
T44.5,"Predominantly beta-adrenoreceptor agonists, not elsewhere classified"
T44.6,"Alpha-adrenoreceptor antagonists, not elsewhere classified"
T44.7,"Beta-adrenoreceptor antagonists, not elsewhere classified"
T44.8,"Centrally acting and adrenergic-neuron-blocking agents, not elsewhere classified"
T44.9,Other and unspecified drugs primarily affecting the autonomic nervous system
T45,"Poisoning by primarily systemic and haematological agents, not elsewhere classified"
T45.0,Antiallergic and antiemetic drugs
T45.1,Antineoplastic and immunosuppressive drugs
T45.2,"Vitamins, not elsewhere classified"
T45.3,"Enzymes, not elsewhere classified"
T45.4,Iron and its compounds
T45.5,Anticoagulants
T45.6,Fibrinolysis-affecting drugs
T45.7,"Anticoagulant antagonists, vitamin K and other coagulants"
T45.8,Other primarily systemic and haematological agents
T45.9,"Primarily systemic and haematological agent, unspecified"
T46,Poisoning by agents primarily affecting the cardiovascular system
T46.0,Cardiac-stimulant glycosides and drugs of similar action
T46.1,Calcium-channel blockers
T46.2,"Other antidysrhythmic drugs, not elsewhere classified"
T46.3,"Coronary vasodilators, not elsewhere classified"
T46.4,Angiotensin-converting-enzyme inhibitors
T46.5,"Other antihypertensive drugs, not elsewhere classified"
T46.6,Antihyperlipidaemic and antiarteriosclerotic drugs
T46.7,Peripheral vasodilators
T46.8,"Antivaricose drugs, including sclerosing agents"
T46.9,Other and unspecified agents primarily affecting the cardiovascular system
T47,Poisoning by agents primarily affecting the gastrointestinal system
T47.0,Histamine H2-receptor antagonists
T47.1,Other antacids and anti-gastric-secretion drugs
T47.2,Stimulant laxatives
T47.3,Saline and osmotic laxatives
T47.4,Other laxatives
T47.5,Digestants
T47.6,Antidiarrhoeal drugs
T47.7,Emetics
T47.8,Other agents primarily affecting the gastrointestinal system
T47.9,"Agent primarily affecting the gastrointestinal system, unspecified"
T48,Poisoning by agents primarily acting on smooth and skeletal muscles and the respiratory system
T48.0,Oxytocic drugs
T48.1,Skeletal muscle relaxants [neuromuscular blocking agents]
T48.2,Other and unspecified agents primarily acting on muscles
T48.3,Antitussives
T48.4,Expectorants
T48.5,Anti-common-cold drugs
T48.6,"Antiasthmatics, not elsewhere classified"
T48.7,Other and unspecified agents primarily acting on the respiratory system
T49,"Poisoning by topical agents primarily affecting skin and mucous membrane and by ophthalmological, otorhinolaryngological and dental drugs"
T49.0,"Local antifungal, anti-infective and anti-inflammatory drugs, not elsewhere classified"
T49.1,Antipruritics
T49.2,Local astringents and local detergents
T49.3,"Emollients, demulcents and protectants"
T49.4,"Keratolytics, keratoplastics and other hair treatment drugs and preparations"
T49.5,Ophthalmological drugs and preparations
T49.6,Otorhinolaryngological drugs and preparations
T49.7,"Dental drugs, topically applied"
T49.8,Other topical agents
T49.9,"Topical agent, unspecified"
T50,"Poisoning by diuretics and other and unspecified drugs, medicaments and biological substances"
T50.0,Mineralocorticoids and their antagonists
T50.1,Loop [high-ceiling] diuretics
T50.2,"Carbonic-anhydrase inhibitors, benzothiadiazides and other diuretics"
T50.3,"Electrolytic, caloric and water-balance agents"
T50.4,Drugs affecting uric acid metabolism
T50.5,Appetite depressants
T50.6,"Antidotes and chelating agents, not elsewhere classified"
T50.7,Analeptics and opioid receptor antagonists
T50.8,Diagnostic agents
T50.9,"Other and unspecified drugs, medicaments and biological substances"
T51-,ICD-10 Version
T51,Toxic effect of alcohol
T51.0,Ethanol
T51.1,Methanol
T51.2,2-Propanol
T51.3,Fusel oil
T51.8,Other alcohols
T51.9,"Alcohol, unspecified"
T52,Toxic effect of organic solvents
T52.0,Petroleum products
T52.1,Benzene
T52.2,Homologues of benzene
T52.3,Glycols
T52.4,Ketones
T52.8,Other organic solvents
T52.9,"Organic solvent, unspecified"
T53,Toxic effect of halogen derivatives of aliphatic and aromatic hydrocarbons
T53.0,Carbon tetrachloride
T53.1,Chloroform
T53.2,Trichloroethylene
T53.3,Tetrachloroethylene
T53.4,Dichloromethane
T53.5,Chlorofluorocarbons
T53.6,Other halogen derivatives of aliphatic hydrocarbons
T53.7,Other halogen derivatives of aromatic hydrocarbons
T53.9,"Halogen derivative of aliphatic and aromatic hydrocarbons, unspecified"
T54,Toxic effect of corrosive substances
T54.0,Phenol and phenol homologues
T54.1,Other corrosive organic compounds
T54.2,Corrosive acids and acid-like substances
T54.3,Corrosive alkalis and alkali-like substances
T54.9,"Corrosive substance, unspecified"
T55,Toxic effect of soaps and detergents
T56,Toxic effect of metals
T56.0,Lead and its compounds
T56.1,Mercury and its compounds
T56.2,Chromium and its compounds
T56.3,Cadmium and its compounds
T56.4,Copper and its compounds
T56.5,Zinc and its compounds
T56.6,Tin and its compounds
T56.7,Beryllium and its compounds
T56.8,Other metals
T56.9,"Metal, unspecified"
T57,Toxic effect of other inorganic substances
T57.0,Arsenic and its compounds
T57.1,Phosphorus and its compounds
T57.2,Manganese and its compounds
T57.3,Hydrogen cyanide
T57.8,Other specified inorganic substances
T57.9,"Inorganic substance, unspecified"
T58,Toxic effect of carbon monoxide
T59,"Toxic effect of other gases, fumes and vapours"
T59.0,Nitrogen oxides
T59.1,Sulfur dioxide
T59.2,Formaldehyde
T59.3,Lacrimogenic gas
T59.4,Chlorine gas
T59.5,Fluorine gas and hydrogen fluoride
T59.6,Hydrogen sulfide
T59.7,Carbon dioxide
T59.8,"Other specified gases, fumes and vapours"
T59.9,"Gases, fumes and vapours, unspecified"
T60,Toxic effect of pesticides
T60.0,Organophosphate and carbamate insecticides
T60.1,Halogenated insecticides
T60.2,Other and unspecified insecticides
T60.3,Herbicides and fungicides
T60.4,Rodenticides
T60.8,Other pesticides
T60.9,"Pesticide, unspecified"
T61,Toxic effect of noxious substances eaten as seafood
T61.0,Ciguatera fish poisoning
T61.1,Scombroid fish poisoning
T61.2,Other fish and shellfish poisoning
T61.8,Toxic effect of other seafoods
T61.9,Toxic effect of unspecified seafood
T62,Toxic effect of other noxious substances eaten as food
T62.0,Ingested mushrooms
T62.1,Ingested berries
T62.2,Other ingested (parts of) plant(s)
T62.8,Other specified noxious substances eaten as food
T62.9,"Noxious substance eaten as food, unspecified"
T63,Toxic effect of contact with venomous animals
T63.0,Snake venom
T63.1,Venom of other reptiles
T63.2,Venom of scorpion
T63.3,Venom of spider
T63.4,Venom of other arthropods
T63.5,Toxic effect of contact with fish
T63.6,Toxic effect of contact with other marine animals
T63.8,Toxic effect of contact with other venomous animals
T63.9,Toxic effect of contact with unspecified venomous animal
T64,Toxic effect of aflatoxin and other mycotoxin food contaminants
T65,Toxic effect of other and unspecified substances
T65.0,Cyanides
T65.1,Strychnine and its salts
T65.2,Tobacco and nicotine
T65.3,Nitroderivatives and aminoderivatives of benzene and its homologues
T65.4,Carbon disulfide
T65.5,Nitroglycerin and other nitric acids and esters
T65.6,"Paints and dyes, not elsewhere classified"
T65.8,Toxic effect of other specified substances
T65.9,Toxic effect of unspecified substance
T66-,ICD-10 Version
T66,Unspecified effects of radiation
T67,Effects of heat and light
T67.0,Heatstroke and sunstroke
T67.1,Heat syncope
T67.2,Heat cramp
T67.3,"Heat exhaustion, anhydrotic"
T67.4,Heat exhaustion due to salt depletion
T67.5,"Heat exhaustion, unspecified"
T67.6,"Heat fatigue, transient"
T67.7,Heat oedema
T67.8,Other effects of heat and light
T67.9,"Effect of heat and light, unspecified"
T68,Hypothermia
T69,Other effects of reduced temperature
T69.0,Immersion hand and foot
T69.1,Chilblains
T69.8,Other specified effects of reduced temperature
T69.9,"Effect of reduced temperature, unspecified"
T70,Effects of air pressure and water pressure
T70.0,Otitic barotrauma
T70.1,Sinus barotrauma
T70.2,Other and unspecified effects of high altitude
T70.3,Caisson disease [decompression sickness]
T70.4,Effects of high-pressure fluids
T70.8,Other effects of air pressure and water pressure
T70.9,"Effect of air pressure and water pressure, unspecified"
T71,Asphyxiation
T73,Effects of other deprivation
T73.0,Effects of hunger
T73.1,Effects of thirst
T73.2,Exhaustion due to exposure
T73.3,Exhaustion due to excessive exertion
T73.8,Other effects of deprivation
T73.9,"Effect of deprivation, unspecified"
T74,"Maltreatment syndromes Coding-Hint Use additional code, if desired, to identify current injury."
T74.0,Neglect or abandonment
T74.1,Physical abuse
T74.2,Sexual abuse
T74.3,Psychological abuse
T74.8,Other maltreatment syndromes
T74.9,"Maltreatment syndrome, unspecified"
T75,Effects of other external causes
T75.0,Effects of lightning
T75.1,Drowning and nonfatal submersion
T75.2,Effects of vibration
T75.3,Motion sickness
T75.4,Effects of electric current
T75.8,Other specified effects of other external causes
T76,Unspecified effects of external causes Note: This category is to be used in mortality coding to identify unspecified effects of external causes where the external cause does not indicate the type of injury.
T78,"Adverse effects, not elsewhere classified Note: This category is to be used as the primary code to identify the effects, not elsewhere classifiable, of unknown, undetermined or ill-defined causes. For multiple coding purposes this category may be used as an additional code to identify the effects of conditions classified elsewhere."
T78.0,Anaphylactic shock due to adverse food reaction
T78.1,"Other adverse food reactions, not elsewhere classified"
T78.2,"Anaphylactic shock, unspecified"
T78.3,Angioneurotic oedema
T78.4,"Allergy, unspecified"
T78.8,"Other adverse effects, not elsewhere classified"
T78.9,"Adverse effect, unspecified"
T79-,ICD-10 Version
T79,"Certain early complications of trauma, not elsewhere classified"
T79.0,Air embolism (traumatic)
T79.1,Fat embolism (traumatic)
T79.2,Traumatic secondary and recurrent haemorrhage
T79.3,"Post-traumatic wound infection, not elsewhere classified Coding-Hint Use additional code (B95-B98), if desired, to identify infectious agent."
T79.4,Traumatic shock
T79.5,Traumatic anuria
T79.6,Traumatic ischaemia of muscle
T79.7,Traumatic subcutaneous emphysema
T79.8,Other early complications of trauma
T79.9,Unspecified early complication of trauma
T80-,ICD-10 Version
T80,"Complications following infusion, transfusion and therapeutic injection"
T80.0,"Air embolism following infusion, transfusion and therapeutic injection"
T80.1,"Vascular complications following infusion, transfusion and therapeutic injection"
T80.2,"Infections following infusion, transfusion and therapeutic injection"
T80.3,ABO incompatibility reaction
T80.4,Rh incompatibility reaction
T80.5,Anaphylactic shock due to serum
T80.6,Other serum reactions
T80.8,"Other complications following infusion, transfusion and therapeutic injection"
T80.9,"Unspecified complication following infusion, transfusion and therapeutic injection"
T81,"Complications of procedures, not elsewhere classified"
T81.0,"Haemorrhage and haematoma complicating a procedure, not elsewhere classified"
T81.1,"Shock during or resulting from a procedure, not elsewhere classified"
T81.2,"Accidental puncture and laceration during a procedure, not elsewhere classified"
T81.3,"Disruption of operation wound, not elsewhere classified"
T81.4,"Infection following a procedure, not elsewhere classified"
T81.5,Foreign body accidentally left in body cavity or operation wound following a procedure
T81.6,Acute reaction to foreign substance accidentally left during a procedure
T81.7,"Vascular complications following a procedure, not elsewhere classified"
T81.8,"Other complications of procedures, not elsewhere classified"
T81.9,Unspecified complication of procedure
T82,"Complications of cardiac and vascular prosthetic devices, implants and grafts"
T82.0,Mechanical complication of heart valve prosthesis
T82.1,Mechanical complication of cardiac electronic device
T82.2,Mechanical complication of coronary artery bypass and valve grafts
T82.3,Mechanical complication of other vascular grafts
T82.4,Mechanical complication of vascular dialysis catheter
T82.5,Mechanical complication of other cardiac and vascular devices and implants
T82.6,Infection and inflammatory reaction due to cardiac valve prosthesis
T82.7,"Infection and inflammatory reaction due to other cardiac and vascular devices, implants and grafts"
T82.8,"Other specified complications of cardiac and vascular prosthetic devices, implants and grafts"
T82.9,"Unspecified complication of cardiac and vascular prosthetic device, implant and graft"
T83,"Complications of genitourinary prosthetic devices, implants and grafts"
T83.0,Mechanical complication of urinary (indwelling) catheter
T83.1,Mechanical complication of other urinary devices and implants
T83.2,Mechanical complication of graft of urinary organ
T83.3,Mechanical complication of intrauterine contraceptive device
T83.4,"Mechanical complication of other prosthetic devices, implants and grafts in genital tract"
T83.5,"Infection and inflammatory reaction due to prosthetic device, implant and graft in urinary system"
T83.6,"Infection and inflammatory reaction due to prosthetic device, implant and graft in genital tract"
T83.8,"Other complications of genitourinary prosthetic devices, implants and grafts"
T83.9,"Unspecified complication of genitourinary prosthetic device, implant and graft"
T84,"Complications of internal orthopaedic prosthetic devices, implants and grafts"
T84.0,Mechanical complication of internal joint prosthesis
T84.1,Mechanical complication of internal fixation device of bones of limb
T84.2,Mechanical complication of internal fixation device of other bones
T84.3,"Mechanical complication of other bone devices, implants and grafts"
T84.4,"Mechanical complication of other internal orthopaedic devices, implants and grafts"
T84.5,Infection and inflammatory reaction due to internal joint prosthesis
T84.6,Infection and inflammatory reaction due to internal fixation device [any site]
T84.7,"Infection and inflammatory reaction due to other internal orthopaedic prosthetic devices, implants and grafts"
T84.8,"Other complications of internal orthopaedic prosthetic devices, implants and grafts"
T84.9,"Unspecified complication of internal orthopaedic prosthetic device, implant and graft"
T85,"Complications of other internal prosthetic devices, implants and grafts"
T85.0,Mechanical complication of ventricular intracranial (communicating) shunt
T85.1,Mechanical complication of implanted electronic stimulator of nervous system
T85.2,Mechanical complication of intraocular lens
T85.3,"Mechanical complication of other ocular prosthetic devices, implants and grafts"
T85.4,Mechanical complication of breast prosthesis and implant
T85.5,"Mechanical complication of gastrointestinal prosthetic devices, implants and grafts"
T85.6,"Mechanical complication of other specified internal prosthetic devices, implants and grafts"
T85.7,"Infection and inflammatory reaction due to other internal prosthetic devices, implants and grafts"
T85.8,"Other complications of internal prosthetic devices, implants and grafts, not elsewhere classified"
T85.9,"Unspecified complication of internal prosthetic device, implant and graft"
T86,Failure and rejection of transplanted organs and tissues
T86.0,Bone-marrow transplant rejection
T86.1,Kidney transplant failure and rejection
T86.2,Heart transplant failure and rejection
T86.3,Heart-lung transplant failure and rejection
T86.4,Liver transplant failure and rejection
T86.8,Failure and rejection of other transplanted organs and tissues
T86.9,Failure and rejection of unspecified transplanted organ and tissue
T87,Complications peculiar to reattachment and amputation
T87.0,Complications of reattached (part of) upper extremity
T87.1,Complications of reattached (part of) lower extremity
T87.2,Complications of other reattached body part
T87.3,Neuroma of amputation stump
T87.4,Infection of amputation stump
T87.5,Necrosis of amputation stump
T87.6,Other and unspecified complications of amputation stump
T88,"Other complications of surgical and medical care, not elsewhere classified"
T88.0,Infection following immunization
T88.1,"Other complications following immunization, not elsewhere classified"
T88.2,Shock due to anaesthesia
T88.3,Malignant hyperthermia due to anaesthesia
T88.4,Failed or difficult intubation
T88.5,Other complications of anaesthesia
T88.6,Anaphylactic shock due to adverse effect of correct drug or medicament properly administered
T88.7,Unspecified adverse effect of drug or medicament
T88.8,"Other specified complications of surgical and medical care, not elsewhere classified"
T88.9,"Complication of surgical and medical care, unspecified"
T90-,ICD-10 Version
T90,Sequelae of injuries of head
T90.0,Sequelae of superficial injury of head
T90.1,Sequelae of open wound of head
T90.2,Sequelae of fracture of skull and facial bones
T90.3,Sequelae of injury of cranial nerves
T90.4,Sequelae of injury of eye and orbit
T90.5,Sequelae of intracranial injury
T90.8,Sequelae of other specified injuries of head
T90.9,Sequelae of unspecified injury of head
T91,Sequelae of injuries of neck and trunk
T91.0,Sequelae of superficial injury and open wound of neck and trunk
T91.1,Sequelae of fracture of spine
T91.2,Sequelae of other fracture of thorax and pelvis
T91.3,Sequelae of injury of spinal cord
T91.4,Sequelae of injury of intrathoracic organs
T91.5,Sequelae of injury of intra-abdominal and pelvic organs
T91.8,Sequelae of other specified injuries of neck and trunk
T91.9,Sequelae of unspecified injury of neck and trunk
T92,Sequelae of injuries of upper limb
T92.0,Sequelae of open wound of upper limb
T92.1,Sequelae of fracture of arm
T92.2,Sequelae of fracture at wrist and hand level
T92.3,"Sequelae of dislocation, sprain and strain of upper limb"
T92.4,Sequelae of injury of nerve of upper limb
T92.5,Sequelae of injury of muscle and tendon of upper limb
T92.6,Sequelae of crushing injury and traumatic amputation of upper limb
T92.8,Sequelae of other specified injuries of upper limb
T92.9,Sequelae of unspecified injury of upper limb
T93,Sequelae of injuries of lower limb
T93.0,Sequelae of open wound of lower limb
T93.1,Sequelae of fracture of femur
T93.2,Sequelae of other fractures of lower limb
T93.3,"Sequelae of dislocation, sprain and strain of lower limb"
T93.4,Sequelae of injury of nerve of lower limb
T93.5,Sequelae of injury of muscle and tendon of lower limb
T93.6,Sequelae of crushing injury and traumatic amputation of lower limb
T93.8,Sequelae of other specified injuries of lower limb
T93.9,Sequelae of unspecified injury of lower limb
T94,Sequelae of injuries involving multiple and unspecified body regions
T94.0,Sequelae of injuries involving multiple body regions
T94.1,"Sequelae of injuries, not specified by body region"
T95,"Sequelae of burns, corrosions and frostbite"
T95.0,"Sequelae of burn, corrosion and frostbite of head and neck"
T95.1,"Sequelae of burn, corrosion and frostbite of trunk"
T95.2,"Sequelae of burn, corrosion and frostbite of upper limb"
T95.3,"Sequelae of burn, corrosion and frostbite of lower limb"
T95.4,Sequelae of burn and corrosion classifiable only according to extent of body surface involved
T95.8,"Sequelae of other specified burn, corrosion and frostbite"
T95.9,"Sequelae of unspecified burn, corrosion and frostbite"
T96,"Sequelae of poisoning by drugs, medicaments and biological substances"
T97,Sequelae of toxic effects of substances chiefly nonmedicinal as to source
T98,Sequelae of other and unspecified effects of external causes
T98.0,Sequelae of effects of foreign body entering through natural orifice
T98.1,Sequelae of other and unspecified effects of external causes
T98.2,Sequelae of certain early complications of trauma
T98.3,"Sequelae of complications of surgical and medical care, not elsewhere classified"
V01-,ICD-10 Version
V01,Pedestrian injured in collision with pedal cycle Modifier-Hint [See before V01 for subdivisions]
V02,Pedestrian injured in collision with two- or three-wheeled motor vehicle Modifier-Hint [See before V01 for subdivisions]
V03,"Pedestrian injured in collision with car, pick-up truck or van Modifier-Hint [See before V01 for subdivisions]"
V04,Pedestrian injured in collision with heavy transport vehicle or bus Modifier-Hint [See before V01 for subdivisions]
V05,Pedestrian injured in collision with railway train or railway vehicle Modifier-Hint [See before V01 for subdivisions]
V06,Pedestrian injured in collision with other nonmotor vehicle Modifier-Hint [See before V01 for subdivisions]
V09,Pedestrian injured in other and unspecified transport accidents
V09.0,Pedestrian injured in nontraffic accident involving other and unspecified motor vehicles
V09.1,Pedestrian injured in unspecified nontraffic accident
V09.2,Pedestrian injured in traffic accident involving other and unspecified motor vehicles
V09.3,Pedestrian injured in unspecified traffic accident
V09.9,Pedestrian injured in unspecified transport accident
X60-,ICD-10 Version
X60,"Intentional self-poisoning by and exposure to nonopioid analgesics, antipyretics and antirheumatics"
X61,"Intentional self-poisoning by and exposure to antiepileptic, sedative-hypnotic, antiparkinsonism and psychotropic drugs, not elsewhere classified"
X62,"Intentional self-poisoning by and exposure to narcotics and psychodysleptics [hallucinogens], not elsewhere classified"
X63,Intentional self-poisoning by and exposure to other drugs acting on the autonomic nervous system
X64,"Intentional self-poisoning by and exposure to other and unspecified drugs, medicaments and biological substances"
X65,Intentional self-poisoning by and exposure to alcohol
X66,Intentional self-poisoning by and exposure to organic solvents and halogenated hydrocarbons and their vapours
X67,Intentional self-poisoning by and exposure to carbon monoxide and other gases and vapours
X67.0,Intentional self-poisoning by and exposure to carbon monoxide from combustion engine exhaust
X67.1,Intentional self-poisoning by and exposure to carbon monoxide from utility gas
X67.2,Intentional self-poisoning by and exposure to carbon monoxide from other domestic fuels
X67.3,Intentional self-poisoning by and exposure to carbon monoxide from other sources
X67.4,Intentional self-poisoning by and exposure to carbon monoxide from unspecified sources
X67.8,Intentional self-poisoning by and exposure to other specified gases and vapours
X67.9,Intentional self-poisoning by and exposure to unspecified gases and vapours
X68,Intentional self-poisoning by and exposure to pesticides
X69,Intentional self-poisoning by and exposure to other and unspecified chemicals and noxious substances
X70,"Intentional self-harm by hanging, strangulation and suffocation"
X71,Intentional self-harm by drowning and submersion
X72,Intentional self-harm by handgun discharge
X73,"Intentional self-harm by rifle, shotgun and larger firearm discharge"
X74,Intentional self-harm by other and unspecified firearm discharge
X75,Intentional self-harm by explosive material
X76,"Intentional self-harm by smoke, fire and flames"
X77,"Intentional self-harm by steam, hot vapours and hot objects"
X78,Intentional self-harm by sharp object
X79,Intentional self-harm by blunt object
X80,Intentional self-harm by jumping from a high place
X81,Intentional self-harm by jumping or lying before moving object
X82,Intentional self-harm by crashing of motor vehicle
X83,Intentional self-harm by other specified means
X84,Intentional self-harm by unspecified means
X85-,ICD-10 Version
X85,"Assault by drugs, medicaments and biological substances"
X86,Assault by corrosive substance
X87,Assault by pesticides
X88,Assault by gases and vapours
X88.0,Assault by carbon monoxide from combustion engine exhaust
X88.1,Assault by carbon monoxide from utility gas
X88.2,Assault by carbon monoxide from other domestic fuels
X88.3,Assault by carbon monoxide from other sources
X88.4,Assault by carbon monoxide from unspecified sources
X88.8,Assault by other specified gases and vapours
X88.9,Assault by unspecified gases and vapours
X89,Assault by other specified chemicals and noxious substances
X90,Assault by unspecified chemical or noxious substance
X91,"Assault by hanging, strangulation and suffocation"
X92,Assault by drowning and submersion
X93,Assault by handgun discharge
X94,"Assault by rifle, shotgun and larger firearm discharge"
X95,Assault by other and unspecified firearm discharge
X96,Assault by explosive material
X97,"Assault by smoke, fire and flames"
X98,"Assault by steam, hot vapours and hot objects"
X99,Assault by sharp object
Y00,Assault by blunt object
Y01,Assault by pushing from high place
Y02,Assault by pushing or placing victim before moving object
Y03,Assault by crashing of motor vehicle
Y04,Assault by bodily force
Y05,Sexual assault by bodily force
Y06,Neglect and abandonment
Y06.0,By spouse or partner
Y06.1,By parent
Y06.2,By acquaintance or friend
Y06.8,By other specified persons
Y06.9,By unspecified person
Y07,Other maltreatment
Y07.0,By spouse or partner
Y07.1,By parent
Y07.2,By acquaintance or friend
Y07.3,By official authorities
Y07.8,By other specified persons
Y07.9,By unspecified person
Y08,Assault by other specified means
Y09,Assault by unspecified means
Y10-,ICD-10 Version
Y10,"Poisoning by and exposure to nonopioid analgesics, antipyretics and antirheumatics, undetermined intent"
Y11,"Poisoning by and exposure to antiepileptic, sedative-hypnotic, antiparkinsonism and psychotropic drugs, not elsewhere classified, undetermined intent"
Y12,"Poisoning by and exposure to narcotics and psychodysleptics [hallucinogens], not elsewhere classified, undetermined intent"
Y13,"Poisoning by and exposure to other drugs acting on the autonomic nervous system, undetermined intent"
Y14,"Poisoning by and exposure to other and unspecified drugs, medicaments and biological substances, undetermined intent"
Y15,"Poisoning by and exposure to alcohol, undetermined intent"
Y16,"Poisoning by and exposure to organic solvents and halogenated hydrocarbons and their vapours, undetermined intent"
Y17,"Poisoning by and exposure to carbon monoxide and other gases and vapours, undetermined intent"
Y17.0,"Poisoning by and exposure to carbon monoxide from combustion engine exhaust, undetermined intent"
Y17.1,"Poisoning by and exposure to carbon monoxide from utility gas, undetermined intent"
Y17.2,"Poisoning by and exposure to carbon monoxide from other domestic fuels, undetermined intent"
Y17.3,"Poisoning by and exposure to carbon monoxide from other sources, undetermined intent"
Y17.4,"Poisoning by and exposure to carbon monoxide from unspecified sources, undetermined intent"
Y17.8,"Poisoning by and exposure to other specified gases and vapours, undetermined intent"
Y17.9,"Poisoning by and exposure to unspecified gases and vapours, undetermined intent"
Y18,"Poisoning by and exposure to pesticides, undetermined intent"
Y19,"Poisoning by and exposure to other and unspecified chemicals and noxious substances, undetermined intent"
Y20,"Hanging, strangulation and suffocation, undetermined intent"
Y21,"Drowning and submersion, undetermined intent"
Y22,"Handgun discharge, undetermined intent"
Y23,"Rifle, shotgun and larger firearm discharge, undetermined intent"
Y24,"Other and unspecified firearm discharge, undetermined intent"
Y25,"Contact with explosive material, undetermined intent"
Y26,"Exposure to smoke, fire and flames, undetermined intent"
Y27,"Contact with steam, hot vapours and hot objects, undetermined intent"
Y28,"Contact with sharp object, undetermined intent"
Y29,"Contact with blunt object, undetermined intent"
Y30,"Falling, jumping or pushed from a high place, undetermined intent"
Y31,"Falling, lying or running before or into moving object, undetermined intent"
Y32,"Crashing of motor vehicle, undetermined intent"
Y33,"Other specified events, undetermined intent"
Y34,"Unspecified event, undetermined intent"
Y35-,ICD-10 Version
Y35,Legal intervention
Y35.0,Legal intervention involving firearm discharge
Y35.1,Legal intervention involving explosives
Y35.2,Legal intervention involving gas
Y35.3,Legal intervention involving blunt objects
Y35.4,Legal intervention involving sharp objects
Y35.5,Legal execution
Y35.6,Legal intervention involving other specified means
Y35.7,"Legal intervention, means unspecified"
Y36,Operations of war Note: Injuries due to operations of war occurring after cessation of hostilities are classified to Y36.8.
Y36.0,War operations involving explosion of marine weapons
Y36.1,War operations involving destruction of aircraft
Y36.2,War operations involving other explosions and fragments
Y36.3,"War operations involving fires, conflagrations and hot substances"
Y36.4,War operations involving firearm discharge and other forms of conventional warfare
Y36.5,War operations involving nuclear weapons
Y36.6,War operations involving biological weapons
Y36.7,War operations involving chemical weapons and other forms of unconventional warfare
Y36.8,War operations occurring after cessation of hostilities
Y36.9,"War operations, unspecified"
Y40-,ICD-10 Version
Y40,Systemic antibiotics
Y40.0,Penicillins
Y40.1,Cefalosporins and other beta-lactam antibiotics
Y40.2,Chloramphenicol group
Y40.3,Macrolides
Y40.4,Tetracyclines
Y40.5,Aminoglycosides
Y40.6,Rifamycins
Y40.7,"Antifungal antibiotics, systemically used"
Y40.8,Other systemic antibiotics
Y40.9,"Systemic antibiotic, unspecified"
Y41,Other systemic anti-infectives and antiparasitics
Y41.0,Sulfonamides
Y41.1,Antimycobacterial drugs
Y41.2,Antimalarials and drugs acting on other blood protozoa
Y41.3,Other antiprotozoal drugs
Y41.4,Anthelminthics
Y41.5,Antiviral drugs
Y41.8,Other specified systemic anti-infectives and antiparasitics
Y41.9,"Systemic anti-infective and antiparasitic, unspecified"
Y42,"Hormones and their synthetic substitutes and antagonists, not elsewhere classified"
Y42.0,Glucocorticoids and synthetic analogues
Y42.1,Thyroid hormones and substitutes
Y42.2,Antithyroid drugs
Y42.3,Insulin and oral hypoglycaemic [antidiabetic] drugs
Y42.4,Oral contraceptives
Y42.5,Other estrogens and progestogens
Y42.6,"Antigonadotrophins, antiestrogens, antiandrogens, not elsewhere classified"
Y42.7,Androgens and anabolic congeners
Y42.8,Other and unspecified hormones and their synthetic substitutes
Y42.9,Other and unspecified hormone antagonists
Y43,Primarily systemic agents
Y43.0,Antiallergic and antiemetic drugs
Y43.1,Antineoplastic antimetabolites
Y43.2,Antineoplastic natural products
Y43.3,Other antineoplastic drugs
Y43.4,Immunosuppressive agents
Y43.5,Acidifying and alkalizing agents
Y43.6,"Enzymes, not elsewhere classified"
Y43.8,"Other primarily systemic agents, not elsewhere classified"
Y43.9,"Primarily systemic agent, unspecified"
Y44,Agents primarily affecting blood constituents
Y44.0,Iron preparations and other anti-hypochromic-anaemia preparations
Y44.1,"Vitamin B12, folic acid and other anti-megaloblastic-anaemia preparations"
Y44.2,Anticoagulants
Y44.3,"Anticoagulant antagonists, vitamin K and other coagulants"
Y44.4,Antithrombotic drugs [platelet-aggregation inhibitors]
Y44.5,Thrombolytic drugs
Y44.6,Natural blood and blood products
Y44.7,Plasma substitutes
Y44.9,Other and unspecified agents affecting blood constituents
Y45,"Analgesics, antipyretics and anti-inflammatory drugs"
Y45.0,Opioids and related analgesics
Y45.1,Salicylates
Y45.2,Propionic acid derivatives
Y45.3,Other nonsteroidal anti-inflammatory drugs [NSAID]
Y45.4,Antirheumatics
Y45.5,4-Aminophenol derivatives
Y45.8,Other analgesics and antipyretics
Y45.9,"Analgesic, antipyretic and anti-inflammatory drug, unspecified"
Y46,Antiepileptics and antiparkinsonism drugs
Y46.0,Succinimides
Y46.1,Oxazolidinediones
Y46.2,Hydantoin derivatives
Y46.3,Deoxybarbiturates
Y46.4,Iminostilbenes
Y46.5,Valproic acid
Y46.6,Other and unspecified antiepileptics
Y46.7,Antiparkinsonism drugs
Y46.8,Antispasticity drugs
Y47,"Sedatives, hypnotics and antianxiety drugs"
Y47.0,"Barbiturates, not elsewhere classified"
Y47.1,Benzodiazepines
Y47.2,Cloral derivatives
Y47.3,Paraldehyde
Y47.4,Bromine compounds
Y47.5,"Mixed sedatives and hypnotics, not elsewhere classified"
Y47.8,"Other sedatives, hypnotics and antianxiety drugs"
Y47.9,"Sedative, hypnotic and antianxiety drug, unspecified"
Y48,Anaesthetics and therapeutic gases
Y48.0,Inhaled anaesthetics
Y48.1,Parenteral anaesthetics
Y48.2,Other and unspecified general anaesthetics
Y48.3,Local anaesthetics
Y48.4,"Anaesthetic, unspecified"
Y48.5,Therapeutic gases
Y49,"Psychotropic drugs, not elsewhere classified"
Y49.0,Tricyclic and tetracyclic antidepressants
Y49.1,Monoamine-oxidase-inhibitor antidepressants
Y49.2,Other and unspecified antidepressants
Y49.3,Phenothiazine antipsychotics and neuroleptics
Y49.4,Butyrophenone and thioxanthene neuroleptics
Y49.5,Other antipsychotics and neuroleptics
Y49.6,Psychodysleptics [hallucinogens]
Y49.7,Psychostimulants with abuse potential
Y49.8,"Other psychotropic drugs, not elsewhere classified"
Y49.9,"Psychotropic drug, unspecified"
Y50,"Central nervous system stimulants, not elsewhere classified"
Y50.0,Analeptics
Y50.1,Opioid receptor antagonists
Y50.2,"Methylxanthines, not elsewhere classified"
Y50.8,Other central nervous system stimulants
Y50.9,"Central nervous system stimulant, unspecified"
Y51,Drugs primarily affecting the autonomic nervous system
Y51.0,Anticholinesterase agents
Y51.1,Other parasympathomimetics [cholinergics]
Y51.2,"Ganglionic blocking drugs, not elsewhere classified"
Y51.3,"Other parasympatholytics [anticholinergics and antimuscarinics] and spasmolytics, not elsewhere classified"
Y51.4,"Predominantly alpha-adrenoreceptor agonists, not elsewhere classified"
Y51.5,"Predominantly beta-adrenoreceptor agonists, not elsewhere classified"
Y51.6,"Alpha-adrenoreceptor antagonists, not elsewhere classified"
Y51.7,"Beta-adrenoreceptor antagonists, not elsewhere classified"
Y51.8,"Centrally acting and adrenergic-neuron-blocking agents, not elsewhere classified"
Y51.9,Other and unspecified drugs primarily affecting the autonomic nervous system
Y52,Agents primarily affecting the cardiovascular system
Y52.0,Cardiac-stimulant glycosides and drugs of similar action
Y52.1,Calcium-channel blockers
Y52.2,"Other antidysrhythmic drugs, not elsewhere classified"
Y52.3,"Coronary vasodilators, not elsewhere classified"
Y52.4,Angiotensin-converting-enzyme inhibitors
Y52.5,"Other antihypertensive drugs, not elsewhere classified"
Y52.6,Antihyperlipidaemic and antiarteriosclerotic drugs
Y52.7,Peripheral vasodilators
Y52.8,"Antivaricose drugs, including sclerosing agents"
Y52.9,Other and unspecified agents primarily affecting the cardiovascular system
Y53,Agents primarily affecting the gastrointestinal system
Y53.0,Histamine H2-receptor antagonists
Y53.1,Other antacids and anti-gastric-secretion drugs
Y53.2,Stimulant laxatives
Y53.3,Saline and osmotic laxatives
Y53.4,Other laxatives
Y53.5,Digestants
Y53.6,Antidiarrhoeal drugs
Y53.7,Emetics
Y53.8,Other agents primarily affecting the gastrointestinal system
Y53.9,"Agent primarily affecting the gastrointestinal system, unspecified"
Y54,Agents primarily affecting water-balance and mineral and uric acid metabolism
Y54.0,Mineralocorticoids
Y54.1,Mineralocorticoid antagonists [aldosterone antagonists]
Y54.2,Carbonic-anhydrase inhibitors
Y54.3,Benzothiadiazine derivatives
Y54.4,Loop [high-ceiling] diuretics
Y54.5,Other diuretics
Y54.6,"Electrolytic, caloric and water-balance agents"
Y54.7,Agents affecting calcification
Y54.8,Agents affecting uric acid metabolism
Y54.9,"Mineral salts, not elsewhere classified"
Y55,Agents primarily acting on smooth and skeletal muscles and the respiratory system
Y55.0,Oxytocic drugs
Y55.1,Skeletal muscle relaxants [neuromuscular blocking agents]
Y55.2,Other and unspecified agents primarily acting on muscles
Y55.3,Antitussives
Y55.4,Expectorants
Y55.5,Anti-common-cold drugs
Y55.6,"Antiasthmatics, not elsewhere classified"
Y55.7,Other and unspecified agents primarily acting on the respiratory system
Y56,"Topical agents primarily affecting skin and mucous membrane and ophthalmological, otorhinolaryngological and dental drugs"
Y56.0,"Local antifungal, anti-infective and anti-inflammatory drugs, not elsewhere classified"
Y56.1,Antipruritics
Y56.2,Local astringents and local detergents
Y56.3,"Emollients, demulcents and protectants"
Y56.4,"Keratolytics, keratoplastics and other hair treatment drugs and preparations"
Y56.5,Ophthalmological drugs and preparations
Y56.6,Otorhinolaryngological drugs and preparations
Y56.7,"Dental drugs, topically applied"
Y56.8,Other topical agents
Y56.9,"Topical agent, unspecified"
Y57,Other and unspecified drugs and medicaments
Y57.0,Appetite depressants [anorectics]
Y57.1,Lipotropic drugs
Y57.2,"Antidotes and chelating agents, not elsewhere classified"
Y57.3,Alcohol deterrents
Y57.4,Pharmaceutical excipients
Y57.5,X-ray contrast media
Y57.6,Other diagnostic agents
Y57.7,"Vitamins, not elsewhere classified"
Y57.8,Other drugs and medicaments
Y57.9,"Drug or medicament, unspecified"
Y58,Bacterial vaccines
Y58.0,BCG vaccine
Y58.1,Typhoid and paratyphoid vaccine
Y58.2,Cholera vaccine
Y58.3,Plague vaccine
Y58.4,Tetanus vaccine
Y58.5,Diphtheria vaccine
Y58.6,"Pertussis vaccine, including combinations with a pertussis component"
Y58.8,"Mixed bacterial vaccines, except combinations with a pertussis component"
Y58.9,Other and unspecified bacterial vaccines
Y59,Other and unspecified vaccines and biological substances
Y59.0,Viral vaccines
Y59.1,Rickettsial vaccines
Y59.2,Protozoal vaccines
Y59.3,Immunoglobulin
Y59.8,Other specified vaccines and biological substances
Y59.9,"Vaccine or biological substance, unspecified"
Y85-,ICD-10 Version
Y85,Sequelae of transport accidents
Y85.0,Sequelae of motor-vehicle accident
Y85.9,Sequelae of other and unspecified transport accidents
Y86,Sequelae of other accidents
Y87,"Sequelae of intentional self-harm, assault and events of undetermined intent"
Y87.0,Sequelae of intentional self-harm
Y87.1,Sequelae of assault
Y87.2,Sequelae of events of undetermined intent
Y88,Sequelae with surgical and medical care as external cause
Y88.0,"Sequelae of adverse effects caused by drugs, medicaments and biological substances in therapeutic use"
Y88.1,Sequelae of misadventures to patients during surgical and medical procedures
Y88.2,Sequelae of adverse incidents associated with medical devices in diagnostic and therapeutic use
Y88.3,"Sequelae of surgical and medical procedures as the cause of abnormal reaction of the patient, or of later complication, without mention of misadventure at the time of the procedure"
Y89,Sequelae of other external causes
Y89.0,Sequelae of legal intervention
Y89.1,Sequelae of war operations
Y89.9,Sequelae of unspecified external cause
Y90-,ICD-10 Version
Y90,Evidence of alcohol involvement determined by blood alcohol level
Y90.0,Blood alcohol level of less than 20 mg/100 ml
Y90.1,Blood alcohol level of 20-39 mg/100 ml
Y90.2,Blood alcohol level of 40-59 mg/100 ml
Y90.3,Blood alcohol level of 60-79 mg/100 ml
Y90.4,Blood alcohol level of 80-99 mg/100 ml
Y90.5,Blood alcohol level of 100-119 mg/100 ml
Y90.6,Blood alcohol level of 120-199 mg/100 ml
Y90.7,Blood alcohol level of 200-239 mg/100 ml
Y90.8,Blood alcohol level of 240 mg/100 ml or more
Y90.9,"Presence of alcohol in blood, level not specified"
Y91,Evidence of alcohol involvement determined by level of intoxication
Y91.0,"Mild alcohol intoxication Additional Text Smell of alcohol on breath, slight behavioural disturbance in functions and responses, or slight difficulty in coordination."
Y91.1,"Moderate alcohol intoxication Additional Text Smell of alcohol on breath, moderate behavioural disturbance in functions and responses, or moderate difficulty in coordination."
Y91.2,"Severe alcohol intoxication Additional Text Severe disturbance in functions and responses, severe difficulty in coordination, or impaired ability to cooperate."
Y91.3,"Very severe alcohol intoxication Additional Text Very severe disturbance in functions and responses, very severe difficulty in coordination, or loss of ability to cooperate."
Y91.9,"Alcohol involvement, not otherwise specified"
Y95,Nosocomial condition
Y96,Work-related condition
Y97,Environmental-pollution-related condition
Y98,Lifestyle-related condition
Z00-,ICD-10 Version
Z00,General examination and investigation of persons without complaint and reported diagnosis
Z00.0,General medical examination
Z00.1,Routine child health examination
Z00.2,Examination for period of rapid growth in childhood
Z00.3,Examination for adolescent development state
Z00.4,"General psychiatric examination, not elsewhere classified"
Z00.5,Examination of potential donor of organ and tissue
Z00.6,Examination for normal comparison and control in clinical research programme
Z00.8,Other general examinations
Z01,Other special examinations and investigations of persons without complaint or reported diagnosis
Z01.0,Examination of eyes and vision
Z01.1,Examination of ears and hearing
Z01.2,Dental examination
Z01.3,Examination of blood pressure
Z01.4,Gynaecological examination (general)(routine)
Z01.5,Diagnostic skin and sensitization tests
Z01.6,"Radiological examination, not elsewhere classified"
Z01.7,Laboratory examination
Z01.8,Other specified special examinations
Z01.9,"Special examination, unspecified"
Z02,Examination and encounter for administrative purposes
Z02.0,Examination for admission to educational institution
Z02.1,Pre-employment examination
Z02.2,Examination for admission to residential institutions
Z02.3,Examination for recruitment to armed forces
Z02.4,Examination for driving licence
Z02.5,Examination for participation in sport
Z02.6,Examination for insurance purposes
Z02.7,Issue of medical certificate
Z02.8,Other examinations for administrative purposes
Z02.9,"Examination for administrative purposes, unspecified"
Z03,"Medical observation and evaluation for suspected diseases and conditions, ruled out"
Z03.0,Observation for suspected tuberculosis
Z03.1,Observation for suspected malignant neoplasm
Z03.2,Observation for suspected mental and behavioural disorders
Z03.3,Observation for suspected nervous system disorder
Z03.4,Observation for suspected myocardial infarction
Z03.5,Observation for other suspected cardiovascular diseases
Z03.6,Observation for suspected toxic effect from ingested substance
Z03.8,Observation for other suspected diseases and conditions
Z03.9,"Observation for suspected disease or condition, unspecified"
Z04,Examination and observation for other reasons
Z04.0,Blood-alcohol and blood-drug test
Z04.1,Examination and observation following transport accident
Z04.2,Examination and observation following work accident
Z04.3,Examination and observation following other accident
Z04.4,Examination and observation following alleged rape and seduction
Z04.5,Examination and observation following other inflicted injury
Z04.6,"General psychiatric examination, requested by authority"
Z04.8,Examination and observation for other specified reasons
Z04.9,Examination and observation for unspecified reason
Z08,Follow-up examination after treatment for malignant neoplasms
Z08.0,Follow-up examination after surgery for malignant neoplasm
Z08.1,Follow-up examination after radiotherapy for malignant neoplasm
Z08.2,Follow-up examination after chemotherapy for malignant neoplasm
Z08.7,Follow-up examination after combined treatment for malignant neoplasm
Z08.8,Follow-up examination after other treatment for malignant neoplasm
Z08.9,Follow-up examination after unspecified treatment for malignant neoplasm
Z09,Follow-up examination after treatment for conditions other than malignant neoplasms
Z09.0,Follow-up examination after surgery for other conditions
Z09.1,Follow-up examination after radiotherapy for other conditions
Z09.2,Follow-up examination after chemotherapy for other conditions
Z09.3,Follow-up examination after psychotherapy
Z09.4,Follow-up examination after treatment of fracture
Z09.7,Follow-up examination after combined treatment for other conditions
Z09.8,Follow-up examination after other treatment for other conditions
Z09.9,Follow-up examination after unspecified treatment for other conditions
Z10,Routine general health check-up of defined subpopulation
Z10.0,Occupational health examination
Z10.1,Routine general health check-up of inhabitants of institutions
Z10.2,Routine general health check-up of armed forces
Z10.3,Routine general health check-up of sports teams
Z10.8,Routine general health check-up of other defined subpopulations
Z11,Special screening examination for infectious and parasitic diseases
Z11.0,Special screening examination for intestinal infectious diseases
Z11.1,Special screening examination for respiratory tuberculosis
Z11.2,Special screening examination for other bacterial diseases
Z11.3,Special screening examination for infections with a predominantly sexual mode of transmission
Z11.4,Special screening examination for human immunodeficiency virus [HIV]
Z11.5,Special screening examination for other viral diseases
Z11.6,Special screening examination for other protozoal diseases and helminthiases
Z11.8,Special screening examination for other infectious and parasitic diseases
Z11.9,"Special screening examination for infectious and parasitic diseases, unspecified"
Z12,Special screening examination for neoplasms
Z12.0,Special screening examination for neoplasm of stomach
Z12.1,Special screening examination for neoplasm of intestinal tract
Z12.2,Special screening examination for neoplasm of respiratory organs
Z12.3,Special screening examination for neoplasm of breast
Z12.4,Special screening examination for neoplasm of cervix
Z12.5,Special screening examination for neoplasm of prostate
Z12.6,Special screening examination for neoplasm of bladder
Z12.8,Special screening examination for neoplasms of other sites
Z12.9,"Special screening examination for neoplasm, unspecified"
Z13,Special screening examination for other diseases and disorders
Z13.0,Special screening examination for diseases of the blood and blood-forming organs and certain disorders involving the immune mechanism
Z13.1,Special screening examination for diabetes mellitus
Z13.2,Special screening examination for nutritional disorders
Z13.3,Special screening examination for mental and behavioural disorders
Z13.4,Special screening examination for certain developmental disorders in childhood
Z13.5,Special screening examination for eye and ear disorders
Z13.6,Special screening examination for cardiovascular disorders
Z13.7,"Special screening examination for congenital malformations, deformations and chromosomal abnormalities"
Z13.8,Special screening examination for other specified diseases and disorders
Z13.9,"Special screening examination, unspecified"
Z20-,ICD-10 Version
Z20,Contact with and exposure to communicable diseases
Z20.0,Contact with and exposure to intestinal infectious diseases
Z20.1,Contact with and exposure to tuberculosis
Z20.2,Contact with and exposure to infections with a predominantly sexual mode of transmission
Z20.3,Contact with and exposure to rabies
Z20.4,Contact with and exposure to rubella
Z20.5,Contact with and exposure to viral hepatitis
Z20.6,Contact with and exposure to human immunodeficiency virus [HIV]
Z20.7,"Contact with and exposure to pediculosis, acariasis and other infestations"
Z20.8,Contact with and exposure to other communicable diseases
Z20.9,Contact with and exposure to unspecified communicable disease
Z21,Asymptomatic human immunodeficiency virus [HIV] infection status
Z22,Carrier of infectious disease
Z22.0,Carrier of typhoid
Z22.1,Carrier of other intestinal infectious diseases
Z22.2,Carrier of diphtheria
Z22.3,Carrier of other specified bacterial diseases
Z22.4,Carrier of infections with a predominantly sexual mode of transmission
Z22.6,Carrier of human T-lymphotropic virus type- 1 [HTLV-1] infection
Z22.7,Latent tuberculosis
Z22.8,Carrier of other infectious diseases
Z22.9,"Carrier of infectious disease, unspecified"
Z23,Need for immunization against single bacterial diseases
Z23.0,Need for immunization against cholera alone
Z23.1,Need for immunization against typhoid-paratyphoid alone [TAB]
Z23.2,Need for immunization against tuberculosis [BCG]
Z23.3,Need for immunization against plague
Z23.4,Need for immunization against tularaemia
Z23.5,Need for immunization against tetanus alone
Z23.6,Need for immunization against diphtheria alone
Z23.7,Need for immunization against pertussis alone
Z23.8,Need for immunization against other single bacterial diseases
Z24,Need for immunization against certain single viral diseases
Z24.0,Need for immunization against poliomyelitis
Z24.1,Need for immunization against arthropod-borne viral encephalitis
Z24.2,Need for immunization against rabies
Z24.3,Need for immunization against yellow fever
Z24.4,Need for immunization against measles alone
Z24.5,Need for immunization against rubella alone
Z24.6,Need for immunization against viral hepatitis
Z25,Need for immunization against other single viral diseases
Z25.0,Need for immunization against mumps alone
Z25.1,Need for immunization against influenza
Z25.8,Need for immunization against other specified single viral diseases
Z26,Need for immunization against other single infectious diseases
Z26.0,Need for immunization against leishmaniasis
Z26.8,Need for immunization against other specified single infectious diseases
Z26.9,Need for immunization against unspecified infectious disease
Z27,Need for immunization against combinations of infectious diseases
Z27.0,Need for immunization against cholera with typhoid-paratyphoid [cholera + TAB]
Z27.1,"Need for immunization against diphtheria-tetanus-pertussis, combined [DTP]"
Z27.2,Need for immunization against diphtheria-tetanus-pertussis with typhoid-paratyphoid [DTP + TAB]
Z27.3,Need for immunization against diphtheria-tetanus-pertussis with poliomyelitis [DTP + polio]
Z27.4,Need for immunization against measles-mumps-rubella [MMR]
Z27.8,Need for immunization against other combinations of infectious diseases
Z27.9,Need for immunization against unspecified combinations of infectious diseases
Z28,Immunization not carried out
Z28.0,Immunization not carried out because of contraindication
Z28.1,Immunization not carried out because of patient's decision for reasons of belief or group pressure
Z28.2,Immunization not carried out because of patient's decision for other and unspecified reasons
Z28.8,Immunization not carried out for other reasons
Z28.9,Immunization not carried out for unspecified reason
Z29,Need for other prophylactic measures
Z29.0,Isolation
Z29.1,Prophylactic immunotherapy
Z29.2,Other prophylactic chemotherapy
Z29.8,Other specified prophylactic measures
Z29.9,"Prophylactic measure, unspecified"
Z30-,ICD-10 Version
Z30,Contraceptive management
Z30.0,General counselling and advice on contraception
Z30.1,Insertion of (intrauterine) contraceptive device
Z30.2,Sterilization
Z30.3,Menstrual extraction
Z30.4,Surveillance of contraceptive drugs
Z30.5,Surveillance of (intrauterine) contraceptive device
Z30.8,Other contraceptive management
Z30.9,"Contraceptive management, unspecified"
Z31,Procreative management
Z31.0,Tuboplasty or vasoplasty after previous sterilization
Z31.1,Artificial insemination
Z31.2,In vitro fertilization
Z31.3,Other assisted fertilization methods
Z31.4,Procreative investigation and testing
Z31.5,Genetic counselling
Z31.6,General counselling and advice on procreation
Z31.8,Other procreative management
Z31.9,"Procreative management, unspecified"
Z32,Pregnancy examination and test
Z32.0,"Pregnancy, not (yet) confirmed"
Z32.1,Pregnancy confirmed
Z33,"Pregnant state, incidental"
Z34,Supervision of normal pregnancy
Z34.0,Supervision of normal first pregnancy
Z34.8,Supervision of other normal pregnancy
Z34.9,"Supervision of normal pregnancy, unspecified"
Z35,Supervision of high-risk pregnancy
Z35.0,Supervision of pregnancy with history of infertility
Z35.1,Supervision of pregnancy with history of abortive outcome
Z35.2,Supervision of pregnancy with other poor reproductive or obstetric history
Z35.3,Supervision of pregnancy with history of insufficient antenatal care
Z35.4,Supervision of pregnancy with grand multiparity
Z35.5,Supervision of elderly primigravida
Z35.6,Supervision of very young primigravida
Z35.7,Supervision of high-risk pregnancy due to social problems
Z35.8,Supervision of other high-risk pregnancies
Z35.9,"Supervision of high-risk pregnancy, unspecified"
Z36,Antenatal screening
Z36.0,Antenatal screening for chromosomal anomalies
Z36.1,Antenatal screening for raised alphafetoprotein level
Z36.2,Other antenatal screening based on amniocentesis
Z36.3,Antenatal screening for malformations using ultrasound and other physical methods
Z36.4,Antenatal screening for fetal growth retardation using ultrasound and other physical methods
Z36.5,Antenatal screening for isoimmunization
Z36.8,Other antenatal screening
Z36.9,"Antenatal screening, unspecified"
Z37,Outcome of delivery
Z37.0,Single live birth
Z37.1,Single stillbirth
Z37.2,"Twins, both liveborn"
Z37.3,"Twins, one liveborn and one stillborn"
Z37.4,"Twins, both stillborn"
Z37.5,"Other multiple births, all liveborn"
Z37.6,"Other multiple births, some liveborn"
Z37.7,"Other multiple births, all stillborn"
Z37.9,"Outcome of delivery, unspecified"
Z38,Liveborn infants according to place of birth
Z38.0,"Singleton, born in hospital"
Z38.1,"Singleton, born outside hospital"
Z38.2,"Singleton, unspecified as to place of birth"
Z38.3,"Twin, born in hospital"
Z38.4,"Twin, born outside hospital"
Z38.5,"Twin, unspecified as to place of birth"
Z38.6,"Other multiple, born in hospital"
Z38.7,"Other multiple, born outside hospital"
Z38.8,"Other multiple, unspecified as to place of birth"
Z39,Postpartum care and examination
Z39.0,Care and examination immediately after delivery
Z39.1,Care and examination of lactating mother
Z39.2,Routine postpartum follow-up
Z40-,ICD-10 Version
Z40,Prophylactic surgery
Z40.0,Prophylactic surgery for risk-factors related to malignant neoplasms
Z40.8,Other prophylactic surgery
Z40.9,"Prophylactic surgery, unspecified"
Z41,Procedures for purposes other than remedying health state
Z41.0,Hair transplant
Z41.1,Other plastic surgery for unacceptable cosmetic appearance
Z41.2,Routine and ritual circumcision
Z41.3,Ear piercing
Z41.8,Other procedures for purposes other than remedying health state
Z41.9,"Procedure for purposes other than remedying health state, unspecified"
Z42,Follow-up care involving plastic surgery
Z42.0,Follow-up care involving plastic surgery of head and neck
Z42.1,Follow-up care involving plastic surgery of breast
Z42.2,Follow-up care involving plastic surgery of other parts of trunk
Z42.3,Follow-up care involving plastic surgery of upper extremity
Z42.4,Follow-up care involving plastic surgery of lower extremity
Z42.8,Follow-up care involving plastic surgery of other body part
Z42.9,"Follow-up care involving plastic surgery, unspecified"
Z43,Attention to artificial openings
Z43.0,Attention to tracheostomy
Z43.1,Attention to gastrostomy
Z43.2,Attention to ileostomy
Z43.3,Attention to colostomy
Z43.4,Attention to other artificial openings of digestive tract
Z43.5,Attention to cystostomy
Z43.6,Attention to other artificial openings of urinary tract
Z43.7,Attention to artificial vagina
Z43.8,Attention to other artificial openings
Z43.9,Attention to unspecified artificial opening
Z44,Fitting and adjustment of external prosthetic device
Z44.0,Fitting and adjustment of artificial arm (complete)(partial)
Z44.1,Fitting and adjustment of artificial leg (complete)(partial)
Z44.2,Fitting and adjustment of artificial eye
Z44.3,Fitting and adjustment of external breast prosthesis
Z44.8,Fitting and adjustment of other external prosthetic devices
Z44.9,Fitting and adjustment of unspecified external prosthetic device
Z45,Adjustment and management of implanted device
Z45.0,Adjustment and management of cardiac devices
Z45.1,Adjustment and management of infusion pump
Z45.2,Adjustment and management of vascular access device
Z45.3,Adjustment and management of implanted hearing device
Z45.8,Adjustment and management of other implanted devices
Z45.9,Adjustment and management of unspecified implanted device
Z46,Fitting and adjustment of other devices
Z46.0,Fitting and adjustment of spectacles and contact lenses
Z46.1,Fitting and adjustment of hearing aid
Z46.2,Fitting and adjustment of other devices related to nervous system and special senses
Z46.3,Fitting and adjustment of dental prosthetic device
Z46.4,Fitting and adjustment of orthodontic device
Z46.5,Fitting and adjustment of ileostomy and other intestinal appliances
Z46.6,Fitting and adjustment of urinary device
Z46.7,Fitting and adjustment of orthopaedic device
Z46.8,Fitting and adjustment of other specified devices
Z46.9,Fitting and adjustment of unspecified device
Z47,Other orthopaedic follow-up care
Z47.0,Follow-up care involving removal of fracture plate and other internal fixation device
Z47.8,Other specified orthopaedic follow-up care
Z47.9,"Orthopaedic follow-up care, unspecified"
Z48,Other surgical follow-up care
Z48.0,Attention to surgical dressings and sutures
Z48.8,Other specified surgical follow-up care
Z48.9,"Surgical follow-up care, unspecified"
Z49,Care involving dialysis
Z49.0,Preparatory care for dialysis
Z49.1,Extracorporeal dialysis
Z49.2,Other dialysis
Z50,Care involving use of rehabilitation procedures
Z50.0,Cardiac rehabilitation
Z50.1,Other physical therapy
Z50.2,Alcohol rehabilitation
Z50.3,Drug rehabilitation
Z50.4,"Psychotherapy, not elsewhere classified"
Z50.5,Speech therapy
Z50.6,Orthoptic training
Z50.7,"Occupational therapy and vocational rehabilitation, not elsewhere classified"
Z50.8,Care involving use of other rehabilitation procedures
Z50.9,"Care involving use of rehabilitation procedure, unspecified"
Z51,Other medical care
Z51.0,Radiotherapy session
Z51.1,Chemotherapy session for neoplasm
Z51.2,Other chemotherapy
Z51.3,Blood transfusion (without reported diagnosis)
Z51.4,"Preparatory care for subsequent treatment, not elsewhere classified"
Z51.5,Palliative care
Z51.6,Desensitization to allergens
Z51.8,Other specified medical care
Z51.9,"Medical care, unspecified"
Z52,Donors of organs and tissues
Z52.0,Blood donor
Z52.1,Skin donor
Z52.2,Bone donor
Z52.3,Bone marrow donor
Z52.4,Kidney donor
Z52.5,Cornea donor
Z52.6,Liver donor
Z52.7,Heart donor
Z52.8,Donor of other organs and tissues
Z52.9,Donor of unspecified organ or tissue
Z53,"Persons encountering health services for specific procedures, not carried out"
Z53.0,Procedure not carried out because of contraindication
Z53.1,Procedure not carried out because of patient's decision for reasons of belief and group pressure
Z53.2,Procedure not carried out because of patient's decision for other and unspecified reasons
Z53.8,Procedure not carried out for other reasons
Z53.9,"Procedure not carried out, unspecified reason"
Z54,Convalescence
Z54.0,Convalescence following surgery
Z54.1,Convalescence following radiotherapy
Z54.2,Convalescence following chemotherapy
Z54.3,Convalescence following psychotherapy
Z54.4,Convalescence following treatment of fracture
Z54.7,Convalescence following combined treatment
Z54.8,Convalescence following other treatment
Z54.9,Convalescence following unspecified treatment
Z55-,ICD-10 Version
Z55,Problems related to education and literacy
Z55.0,Illiteracy and low-level literacy
Z55.1,Schooling unavailable and unattainable
Z55.2,Failed examinations
Z55.3,Underachievement in school
Z55.4,Educational maladjustment and discord with teachers and classmates
Z55.8,Other problems related to education and literacy
Z55.9,"Problem related to education and literacy, unspecified"
Z56,Problems related to employment and unemployment
Z56.0,"Unemployment, unspecified"
Z56.1,Change of job
Z56.2,Threat of job loss
Z56.3,Stressful work schedule
Z56.4,Discord with boss and workmates
Z56.5,Uncongenial work
Z56.6,Other physical and mental strain related to work
Z56.7,Other and unspecified problems related to employment
Z57,Occupational exposure to risk-factors
Z57.0,Occupational exposure to noise
Z57.1,Occupational exposure to radiation
Z57.2,Occupational exposure to dust
Z57.3,Occupational exposure to other air contaminants
Z57.4,Occupational exposure to toxic agents in agriculture
Z57.5,Occupational exposure to toxic agents in other industries
Z57.6,Occupational exposure to extreme temperature
Z57.7,Occupational exposure to vibration
Z57.8,Occupational exposure to other risk-factors
Z57.9,Occupational exposure to unspecified risk-factor
Z58,Problems related to physical environment
Z58.0,Exposure to noise
Z58.1,Exposure to air pollution
Z58.2,Exposure to water pollution
Z58.3,Exposure to soil pollution
Z58.4,Exposure to radiation
Z58.5,Exposure to other pollution
Z58.6,Inadequate drinking-water supply
Z58.7,Exposure to tobacco smoke
Z58.8,Other problems related to physical environment
Z58.9,"Problem related to physical environment, unspecified"
Z59,Problems related to housing and economic circumstances
Z59.0,Homelessness
Z59.1,Inadequate housing
Z59.2,"Discord with neighbours, lodgers and landlord"
Z59.3,Problems related to living in residential institution
Z59.4,Lack of adequate food
Z59.5,Extreme poverty
Z59.6,Low income
Z59.7,Insufficient social insurance and welfare support
Z59.8,Other problems related to housing and economic circumstances
Z59.9,"Problem related to housing and economic circumstances, unspecified"
Z60,Problems related to social environment
Z60.0,Problems of adjustment to life-cycle transitions
Z60.1,Atypical parenting situation Definition Problems related to a parenting situation (rearing of children) with a single parent or other than that of two cohabiting biological parents.
Z60.2,Living alone
Z60.3,Acculturation difficulty
Z60.4,"Social exclusion and rejection Definition Exclusion and rejection on the basis of personal characteristics, such as unusual physical appearance, illness or behaviour."
Z60.5,"Target of perceived adverse discrimination and persecution Definition Persecution or discrimination, perceived or real, on the basis of membership of some group (as defined by skin colour, religion, ethnic origin, etc.) rather than personal characteristics."
Z60.8,Other problems related to social environment
Z60.9,"Problem related to social environment, unspecified"
Z61,Problems related to negative life events in childhood
Z61.0,"Loss of love relationship in childhood Definition Loss of an emotionally close relationship, such as of a parent, a sibling, a very special friend or a loved pet, by death or permanent departure or rejection."
Z61.1,"Removal from home in childhood Definition Admission to a foster home, hospital or other institution causing psychosocial stress, or forced conscription into an activity away from home for a prolonged period."
Z61.2,Altered pattern of family relationships in childhood Definition Arrival of a new person into a family resulting in adverse change in child's relationships. May include new marriage by a parent or birth of a sibling.
Z61.3,Events resulting in loss of self-esteem in childhood Definition Events resulting in a negative self-reappraisal by the child such as failure in tasks with high personal investment; disclosure or discovery of a shameful or stigmatizing personal or family event; and other humiliating experiences.
Z61.4,"Problems related to alleged sexual abuse of child by person within primary support group Definition Problems related to any form of physical contact or exposure between an adult member of the child's household and the child that has led to sexual arousal, whether or not the child has willingly engaged in the sexual acts (e.g. any genital contact or manipulation or deliberate exposure of breasts or genitals)."
Z61.5,"Problems related to alleged sexual abuse of child by person outside primary support group Definition Problems related to contact or attempted contact with the child's or the other person's breasts or genitals, sexual exposure in close confrontation or attempt to undress or seduce the child, by a substantially older person outside the child's family, either on the basis of this person's position or status or against the will of the child."
Z61.6,"Problems related to alleged physical abuse of child Definition Problems related to incidents in which the child has been injured in the past by any adult in the household to a medically significant extent (e.g. fractures, marked bruising) or that involved abnormal forms of violence (e.g. hitting the child with hard or sharp implements, burning or tying up of the child)."
Z61.7,"Personal frightening experience in childhood Definition Experience carrying a threat for the child's future, such as a kidnapping, natural disaster with a threat to life, injury with a threat to self-image or security, or witnessing a severe trauma to a loved one."
Z61.8,Other negative life events in childhood
Z61.9,"Negative life event in childhood, unspecified"
Z62,Other problems related to upbringing
Z62.0,Inadequate parental supervision and control Definition Lack of parental knowledge of what the child is doing or where the child is; poor control; lack of concern or lack of attempted intervention when the child is in risky situations.
Z62.1,Parental overprotection Definition Pattern of upbringing resulting in infantilization and prevention of independent behaviour.
Z62.2,"Institutional upbringing Definition Group foster care in which parenting responsibilities are largely taken over by some form of institution (such as residential nursery, orphanage, or children's home), or therapeutic care over a prolonged period in which the child is in a hospital, convalescent home or the like, without at least one parent living with the child."
Z62.3,"Hostility towards and scapegoating of child Definition Negative parental behaviour specifically focused on the child as an individual, persistent over time and pervasive over several child behaviours (e.g. automatically blaming the child for any problems in the household or attributing negative characteristics to the child)."
Z62.4,"Emotional neglect of child Definition Parent talking to the child in a dismissive or insensitive way. Lack of interest in the child, of sympathy for the child's difficulties and of praise and encouragement. Irritated reaction to anxious behaviour and absence of sufficient physical comforting and emotional warmth."
Z62.5,Other problems related to neglect in upbringing
Z62.6,"Inappropriate parental pressure and other abnormal qualities of upbringing Definition Parents forcing the child to be different from the local norm, either sex-inappropriate (e.g. dressing a boy in girl's clothes), age-inappropriate (e.g. forcing a child to take on responsibilities above her or his own age) or otherwise inappropriate (e.g. pressing the child to engage in unwanted or too difficult activities)."
Z62.8,Other specified problems related to upbringing
Z62.9,"Problem related to upbringing, unspecified"
Z63,"Other problems related to primary support group, including family circumstances"
Z63.0,"Problems in relationship with spouse or partner Definition Discord between partners resulting in severe or prolonged loss of control, in generalization of hostile or critical feelings or in a persisting atmosphere of severe interpersonal violence (hitting or striking)."
Z63.1,Problems in relationship with parents and in-laws
Z63.2,Inadequate family support
Z63.3,Absence of family member
Z63.4,Disappearance and death of family member
Z63.5,Disruption of family by separation and divorce
Z63.6,Dependent relative needing care at home
Z63.7,Other stressful life events affecting family and household
Z63.8,Other specified problems related to primary support group
Z63.9,"Problem related to primary support group, unspecified"
Z64,Problems related to certain psychosocial circumstances
Z64.0,Problems related to unwanted pregnancy
Z64.1,Problems related to multiparity
Z64.2,"Seeking and accepting physical, nutritional and chemical interventions known to be hazardous and harmful"
Z64.3,Seeking and accepting behavioural and psychological interventions known to be hazardous and harmful
Z64.4,Discord with counsellors
Z65,Problems related to other psychosocial circumstances
Z65.0,Conviction in civil and criminal proceedings without imprisonment
Z65.1,Imprisonment and other incarceration
Z65.2,Problems related to release from prison
Z65.3,Problems related to other legal circumstances
Z65.4,Victim of crime and terrorism
Z65.5,"Exposure to disaster, war and other hostilities"
Z65.8,Other specified problems related to psychosocial circumstances
Z65.9,Problem related to unspecified psychosocial circumstances
Z70-,ICD-10 Version
Z70,"Counselling related to sexual attitude, behaviour and orientation"
Z70.0,Counselling related to sexual attitude
Z70.1,Counselling related to patient's sexual behaviour and orientation
Z70.2,Counselling related to sexual behaviour and orientation of third party
Z70.3,"Counselling related to combined concerns regarding sexual attitude, behaviour and orientation"
Z70.8,Other sex counselling
Z70.9,"Sex counselling, unspecified"
Z71,"Persons encountering health services for other counselling and medical advice, not elsewhere classified"
Z71.0,Person consulting on behalf of another person
Z71.1,Person with feared complaint in whom no diagnosis is made
Z71.2,Person consulting for explanation of investigation findings
Z71.3,Dietary counselling and surveillance
Z71.4,Alcohol abuse counselling and surveillance
Z71.5,Drug abuse counselling and surveillance
Z71.6,Tobacco abuse counselling
Z71.7,Human immunodeficiency virus [HIV] counselling
Z71.8,Other specified counselling
Z71.9,"Counselling, unspecified"
Z72,Problems related to lifestyle
Z72.0,Tobacco use
Z72.1,Alcohol use
Z72.2,Drug use
F19,with common fourth character .2
Z72.3,Lack of physical exercise
Z72.4,Inappropriate diet and eating habits
Z72.5,High-risk sexual behaviour
Z72.6,Gambling and betting
Z72.8,Other problems related to lifestyle
Z72.9,"Problem related to lifestyle, unspecified"
Z73,Problems related to life-management difficulty
Z73.0,Burn-out
Z73.1,Accentuation of personality traits
Z73.2,Lack of relaxation and leisure
Z73.3,"Stress, not elsewhere classified"
Z73.4,"Inadequate social skills, not elsewhere classified"
Z73.5,"Social role conflict, not elsewhere classified"
Z73.6,Limitation of activities due to disability
Z73.8,Other problems related to life-management difficulty
Z73.9,"Problem related to life-management difficulty, unspecified"
Z74,Problems related to care-provider dependency
Z74.0,Need for assistance due to reduced mobility
Z74.1,Need for assistance with personal care
Z74.2,Need for assistance at home and no other household member able to render care
Z74.3,Need for continuous supervision
Z74.8,Other problems related to care-provider dependency
Z74.9,"Problem related to care-provider dependency, unspecified"
Z75,Problems related to medical facilities and other health care
Z75.0,Medical services not available in home
Z75.1,Person awaiting admission to adequate facility elsewhere
Z75.2,Other waiting period for investigation and treatment
Z75.3,Unavailability and inaccessibility of health-care facilities
Z75.4,Unavailability and inaccessibility of other helping agencies
Z75.5,"Holiday relief care Definition Provision of health-care facilities to a person normally cared for at home, in order to enable relatives to take a vacation."
Z75.8,Other problems related to medical facilities and other health care
Z75.9,Unspecified problem related to medical facilities and other health care
Z76,Persons encountering health services in other circumstances
Z76.0,Issue of repeat prescription
Z76.1,Health supervision and care of foundling
Z76.2,Health supervision and care of other healthy infant and child
Z76.3,Healthy person accompanying sick person
Z76.4,Other boarder in health-care facility
Z76.5,Malingerer [conscious simulation]
Z76.8,Persons encountering health services in other specified circumstances
Z76.9,Person encountering health services in unspecified circumstances
Z80-,ICD-10 Version
Z80,Family history of malignant neoplasm
Z80.0,Family history of malignant neoplasm of digestive organs
Z80.1,"Family history of malignant neoplasm of trachea, bronchus and lung"
Z80.2,Family history of malignant neoplasm of other respiratory and intrathoracic organs
Z80.3,Family history of malignant neoplasm of breast
Z80.4,Family history of malignant neoplasm of genital organs
Z80.5,Family history of malignant neoplasm of urinary tract
Z80.6,Family history of leukaemia
Z80.7,"Family history of other malignant neoplasms of lymphoid, haematopoietic and related tissues"
Z80.8,Family history of malignant neoplasm of other organs or systems
Z80.9,"Family history of malignant neoplasm, unspecified"
Z81,Family history of mental and behavioural disorders
Z81.0,Family history of mental retardation
Z81.1,Family history of alcohol abuse
Z81.2,Family history of tobacco abuse
Z81.3,Family history of other psychoactive substance abuse
Z81.4,Family history of other substance abuse
Z81.8,Family history of other mental and behavioural disorders
Z82,Family history of certain disabilities and chronic diseases leading to disablement
Z82.0,Family history of epilepsy and other diseases of the nervous system
Z82.1,Family history of blindness and visual loss
Z82.2,Family history of deafness and hearing loss
Z82.3,Family history of stroke
Z82.4,Family history of ischaemic heart disease and other diseases of the circulatory system
Z82.5,Family history of asthma and other chronic lower respiratory diseases
Z82.6,Family history of arthritis and other diseases of the musculoskeletal system and connective tissue
Z82.7,"Family history of congenital malformations, deformations and chromosomal abnormalities"
Z82.8,"Family history of other disabilities and chronic diseases leading to disablement, not elsewhere classified"
Z83,Family history of other specific disorders
Z83.0,Family history of human immunodeficiency virus [HIV] disease
Z83.1,Family history of other infectious and parasitic diseases
Z83.2,Family history of diseases of the blood and blood-forming organs and certain disorders involving the immune mechanism
Z83.3,Family history of diabetes mellitus
Z83.4,"Family history of other endocrine, nutritional and metabolic diseases"
Z83.5,Family history of eye and ear disorders
Z83.6,Family history of diseases of the respiratory system
Z83.7,Family history of diseases of the digestive system
Z84,Family history of other conditions
Z84.0,Family history of diseases of the skin and subcutaneous tissue
Z84.1,Family history of disorders of kidney and ureter
Z84.2,Family history of other diseases of the genitourinary system
Z84.3,Family history of consanguinity
Z84.8,Family history of other specified conditions
Z85,Personal history of malignant neoplasm
Z85.0,Personal history of malignant neoplasm of digestive organs
Z85.1,"Personal history of malignant neoplasm of trachea, bronchus and lung"
Z85.2,Personal history of malignant neoplasm of other respiratory and intrathoracic organs
Z85.3,Personal history of malignant neoplasm of breast
Z85.4,Personal history of malignant neoplasm of genital organs
Z85.5,Personal history of malignant neoplasm of urinary tract
Z85.6,Personal history of leukaemia
Z85.7,"Personal history of other malignant neoplasms of lymphoid, haematopoietic and related tissues"
Z85.8,Personal history of malignant neoplasms of other organs and systems
Z85.9,"Personal history of malignant neoplasm, unspecified"
Z86,Personal history of certain other diseases
Z86.0,Personal history of other neoplasms
Z86.1,Personal history of infectious and parasitic diseases
Z86.2,Personal history of diseases of the blood and blood-forming organs and certain disorders involving the immune mechanism
Z86.3,"Personal history of endocrine, nutritional and metabolic diseases"
Z86.4,Personal history of psychoactive substance abuse
F10,F19 with common fourth character .2
Z86.5,Personal history of other mental and behavioural disorders
Z86.6,Personal history of diseases of the nervous system and sense organs
Z86.7,Personal history of diseases of the circulatory system
Z87,Personal history of other diseases and conditions
Z87.0,Personal history of diseases of the respiratory system
Z87.1,Personal history of diseases of the digestive system
Z87.2,Personal history of diseases of the skin and subcutaneous tissue
Z87.3,Personal history of diseases of the musculoskeletal system and connective tissue
Z87.4,Personal history of diseases of the genitourinary system
Z87.5,"Personal history of complications of pregnancy, childbirth and the puerperium"
Z87.6,Personal history of certain conditions arising in the perinatal period
Z87.7,"Personal history of congenital malformations, deformations and chromosomal abnormalities"
Z87.8,Personal history of other specified conditions
Z88,"Personal history of allergy to drugs, medicaments and biological substances"
Z88.0,Personal history of allergy to penicillin
Z88.1,Personal history of allergy to other antibiotic agents
Z88.2,Personal history of allergy to sulfonamides
Z88.3,Personal history of allergy to other anti-infective agents
Z88.4,Personal history of allergy to anaesthetic agent
Z88.5,Personal history of allergy to narcotic agent
Z88.6,Personal history of allergy to analgesic agent
Z88.7,Personal history of allergy to serum and vaccine
Z88.8,"Personal history of allergy to other drugs, medicaments and biological substances"
Z88.9,"Personal history of allergy to unspecified drugs, medicaments and biological substances"
Z89,Acquired absence of limb
Z89.0,"Acquired absence of finger(s) [including thumb], unilateral"
Z89.1,Acquired absence of hand and wrist
Z89.2,Acquired absence of upper limb above wrist
Z89.3,Acquired absence of both upper limbs [any level]
Z89.4,Acquired absence of foot and ankle
Z89.5,Acquired absence of leg at or below knee
Z89.6,Acquired absence of leg above knee
Z89.7,"Acquired absence of both lower limbs [any level, except toes alone]"
Z89.8,Acquired absence of upper and lower limbs [any level]
Z89.9,"Acquired absence of limb, unspecified"
Z90,"Acquired absence of organs, not elsewhere classified"
Z90.0,Acquired absence of part of head and neck
Z90.1,Acquired absence of breast(s)
Z90.2,Acquired absence of lung [part of]
Z90.3,Acquired absence of part of stomach
Z90.4,Acquired absence of other parts of digestive tract
Z90.5,Acquired absence of kidney
Z90.6,Acquired absence of other organs of urinary tract
Z90.7,Acquired absence of genital organ(s)
Z90.8,Acquired absence of other organs
Z91,"Personal history of risk-factors, not elsewhere classified"
Z91.0,"Personal history of allergy, other than to drugs and biological substances"
Z91.1,Personal history of noncompliance with medical treatment and regimen
Z91.2,Personal history of poor personal hygiene
Z91.3,Personal history of unhealthy sleep-wake schedule
Z91.4,"Personal history of psychological trauma, not elsewhere classified"
Z91.5,Personal history of self-harm
Z91.6,Personal history of other physical trauma
Z91.7,Personal history of female genital mutilation
Z91.8,"Personal history of other specified risk-factors, not elsewhere classified"
Z92,Personal history of medical treatment
Z92.0,Personal history of contraception
Z92.1,Personal history of long-term (current) use of anticoagulants
Z92.2,Personal history of long-term (current) use of other medicaments
Z92.3,Personal history of irradiation
Z92.4,"Personal history of major surgery, not elsewhere classified"
Z92.5,Personal history of rehabilitation measures
Z92.6,Personal history of chemotherapy for neoplastic disease
Z92.8,Personal history of other medical treatment
Z92.9,"Personal history of medical treatment, unspecified"
Z93,Artificial opening status
Z93.0,Tracheostomy status
Z93.1,Gastrostomy status
Z93.2,Ileostomy status
Z93.3,Colostomy status
Z93.4,Other artificial openings of gastrointestinal tract status
Z93.5,Cystostomy status
Z93.6,Other artificial openings of urinary tract status
Z93.8,Other artificial opening status
Z93.9,"Artificial opening status, unspecified"
Z94,Transplanted organ and tissue status
Z94.0,Kidney transplant status
Z94.1,Heart transplant status
Z94.2,Lung transplant status
Z94.3,Heart and lungs transplant status
Z94.4,Liver transplant status
Z94.5,Skin transplant status
Z94.6,Bone transplant status
Z94.7,Corneal transplant status
Z94.8,Other transplanted organ and tissue status
Z94.9,"Transplanted organ and tissue status, unspecified"
Z95,Presence of cardiac and vascular implants and grafts
Z95.0,Presence of electronic cardiac devices
Z95.1,Presence of aortocoronary bypass graft
Z95.2,Presence of prosthetic heart valve
Z95.3,Presence of xenogenic heart valve
Z95.4,Presence of other heart-valve replacement
Z95.5,Presence of coronary angioplasty implant and graft
Z95.8,Presence of other cardiac and vascular implants and grafts
Z95.9,"Presence of cardiac and vascular implant and graft, unspecified"
Z96,Presence of other functional implants
Z96.0,Presence of urogenital implants
Z96.1,Presence of intraocular lens
Z96.2,Presence of otological and audiological implants
Z96.3,Presence of artificial larynx
Z96.4,Presence of endocrine implants
Z96.5,Presence of tooth-root and mandibular implants
Z96.6,Presence of orthopaedic joint implants
Z96.7,Presence of other bone and tendon implants
Z96.8,Presence of other specified functional implants
Z96.9,"Presence of functional implant, unspecified"
Z97,Presence of other devices
Z97.0,Presence of artificial eye
Z97.1,Presence of artificial limb (complete)(partial)
Z97.2,Presence of dental prosthetic device (complete)(partial)
Z97.3,Presence of spectacles and contact lenses
Z97.4,Presence of external hearing-aid
Z97.5,Presence of (intrauterine) contraceptive device
Z97.8,Presence of other specified devices
Z98,Other postsurgical states
Z98.0,Intestinal bypass and anastomosis status
Z98.1,Arthrodesis status
Z98.2,Presence of cerebrospinal fluid drainage device
Z98.8,Other specified postsurgical states
Z99,"Dependence on enabling machines and devices, not elsewhere classified"
Z99.0,Dependence on aspirator
Z99.1,Dependence on respirator
Z99.2,Dependence on renal dialysis
Z99.3,Dependence on wheelchair
Z99.4,Dependence on artificial heart
Z99.8,Dependence on other enabling machines and devices
Z99.9,Dependence on unspecified enabling machine and device
