Code,Description
A00.0,"Cholera due to Vibrio cholerae 01, biovar cholerae"
A00.1,"Cholera due to Vibrio cholerae 01, biovar eltor"
A00.9,"Cholera, unspecified"
A01.00,"Typhoid fever, unspecified"
A01.01,Typhoid meningitis
A01.02,Typhoid fever with heart involvement
A01.03,Typhoid pneumonia
A01.04,Typhoid arthritis
A01.05,Typhoid osteomyelitis
A01.09,Typhoid fever with other complications
A01.1,Paratyphoid fever A
A01.2,Paratyphoid fever B
A01.3,Paratyphoid fever C
A01.4,"Paratyphoid fever, unspecified"
A02.0,Salmonella enteritis
A02.1,Salmonella sepsis
A02.20,"Localized salmonella infection, unspecified"
A02.21,Salmonella meningitis
A02.22,Salmonella pneumonia
A02.23,Salmonella arthritis
A02.24,Salmonella osteomyelitis
A02.25,Salmonella pyelonephritis
A02.29,Salmonella with other localized infection
A02.8,Other specified salmonella infections
A02.9,"Salmonella infection, unspecified"
A03.0,Shigellosis due to Shigella dysenteriae
A03.1,Shigellosis due to Shigella flexneri
A03.2,Shigellosis due to Shigella boydii
A03.3,Shigellosis due to Shigella sonnei
A03.8,Other shigellosis
A03.9,"Shigellosis, unspecified"
A04.0,Enteropathogenic Escherichia coli infection
A04.1,Enterotoxigenic Escherichia coli infection
A04.2,Enteroinvasive Escherichia coli infection
A04.3,Enterohemorrhagic Escherichia coli infection
A04.4,Other intestinal Escherichia coli infections
A04.5,Campylobacter enteritis
A04.6,Enteritis due to Yersinia enterocolitica
A04.71,"Enterocolitis due to Clostridium difficile, recurrent"
A04.72,"Enterocolitis due to Clostridium difficile, not specified as recurrent"
A04.8,Other specified bacterial intestinal infections
A04.9,"Bacterial intestinal infection, unspecified"
A05.0,Foodborne staphylococcal intoxication
A05.1,Botulism food poisoning
A05.2,Foodborne Clostridium perfringens [Clostridium welchii] intoxication
A05.3,Foodborne Vibrio parahaemolyticus intoxication
A05.4,Foodborne Bacillus cereus intoxication
A05.5,Foodborne Vibrio vulnificus intoxication
A05.8,Other specified bacterial foodborne intoxications
A05.9,"Bacterial foodborne intoxication, unspecified"
A06.0,Acute amebic dysentery
A06.1,Chronic intestinal amebiasis
A06.2,Amebic nondysenteric colitis
A06.3,Ameboma of intestine
A06.4,Amebic liver abscess
A06.5,Amebic lung abscess
A06.6,Amebic brain abscess
A06.7,Cutaneous amebiasis
A06.81,Amebic cystitis
A06.82,Other amebic genitourinary infections
A06.89,Other amebic infections
A06.9,"Amebiasis, unspecified"
A07.0,Balantidiasis
A07.1,Giardiasis [lambliasis]
A07.2,Cryptosporidiosis
A07.3,Isosporiasis
A07.4,Cyclosporiasis
A07.8,Other specified protozoal intestinal diseases
A07.9,"Protozoal intestinal disease, unspecified"
A08.0,Rotaviral enteritis
A08.11,Acute gastroenteropathy due to Norwalk agent
A08.19,Acute gastroenteropathy due to other small round viruses
A08.2,Adenoviral enteritis
A08.31,Calicivirus enteritis
A08.32,Astrovirus enteritis
A08.39,Other viral enteritis
A08.4,"Viral intestinal infection, unspecified"
A08.8,Other specified intestinal infections
A09,"Infectious gastroenteritis and colitis, unspecified"
A15.0,Tuberculosis of lung
A15.4,Tuberculosis of intrathoracic lymph nodes
A15.5,"Tuberculosis of larynx, trachea and bronchus"
A15.6,Tuberculous pleurisy
A15.7,Primary respiratory tuberculosis
A15.8,Other respiratory tuberculosis
A15.9,Respiratory tuberculosis unspecified
A17.0,Tuberculous meningitis
A17.1,Meningeal tuberculoma
A17.81,Tuberculoma of brain and spinal cord
A17.82,Tuberculous meningoencephalitis
A17.83,Tuberculous neuritis
A17.89,Other tuberculosis of nervous system
A17.9,"Tuberculosis of nervous system, unspecified"
A18.01,Tuberculosis of spine
A18.02,Tuberculous arthritis of other joints
A18.03,Tuberculosis of other bones
A18.09,Other musculoskeletal tuberculosis
A18.10,"Tuberculosis of genitourinary system, unspecified"
A18.11,Tuberculosis of kidney and ureter
A18.12,Tuberculosis of bladder
A18.13,Tuberculosis of other urinary organs
A18.14,Tuberculosis of prostate
A18.15,Tuberculosis of other male genital organs
A18.16,Tuberculosis of cervix
A18.17,Tuberculous female pelvic inflammatory disease
A18.18,Tuberculosis of other female genital organs
A18.2,Tuberculous peripheral lymphadenopathy
A18.31,Tuberculous peritonitis
A18.32,Tuberculous enteritis
A18.39,Retroperitoneal tuberculosis
A18.4,Tuberculosis of skin and subcutaneous tissue
A18.50,"Tuberculosis of eye, unspecified"
A18.51,Tuberculous episcleritis
A18.52,Tuberculous keratitis
A18.53,Tuberculous chorioretinitis
A18.54,Tuberculous iridocyclitis
A18.59,Other tuberculosis of eye
A18.6,Tuberculosis of (inner) (middle) ear
A18.7,Tuberculosis of adrenal glands
A18.81,Tuberculosis of thyroid gland
A18.82,Tuberculosis of other endocrine glands
A18.83,"Tuberculosis of digestive tract organs, not elsewhere classified"
A18.84,Tuberculosis of heart
A18.85,Tuberculosis of spleen
A18.89,Tuberculosis of other sites
A19.0,Acute miliary tuberculosis of a single specified site
A19.1,Acute miliary tuberculosis of multiple sites
A19.2,"Acute miliary tuberculosis, unspecified"
A19.8,Other miliary tuberculosis
A19.9,"Miliary tuberculosis, unspecified"
A20.0,Bubonic plague
A20.1,Cellulocutaneous plague
A20.2,Pneumonic plague
A20.3,Plague meningitis
A20.7,Septicemic plague
A20.8,Other forms of plague
A20.9,"Plague, unspecified"
A21.0,Ulceroglandular tularemia
A21.1,Oculoglandular tularemia
A21.2,Pulmonary tularemia
A21.3,Gastrointestinal tularemia
A21.7,Generalized tularemia
A21.8,Other forms of tularemia
A21.9,"Tularemia, unspecified"
A22.0,Cutaneous anthrax
A22.1,Pulmonary anthrax
A22.2,Gastrointestinal anthrax
A22.7,Anthrax sepsis
A22.8,Other forms of anthrax
A22.9,"Anthrax, unspecified"
A23.0,Brucellosis due to Brucella melitensis
A23.1,Brucellosis due to Brucella abortus
A23.2,Brucellosis due to Brucella suis
A23.3,Brucellosis due to Brucella canis
A23.8,Other brucellosis
A23.9,"Brucellosis, unspecified"
A24.0,Glanders
A24.1,Acute and fulminating melioidosis
A24.2,Subacute and chronic melioidosis
A24.3,Other melioidosis
A24.9,"Melioidosis, unspecified"
A25.0,Spirillosis
A25.1,Streptobacillosis
A25.9,"Rat-bite fever, unspecified"
A26.0,Cutaneous erysipeloid
A26.7,Erysipelothrix sepsis
A26.8,Other forms of erysipeloid
A26.9,"Erysipeloid, unspecified"
A27.0,Leptospirosis icterohemorrhagica
A27.81,Aseptic meningitis in leptospirosis
A27.89,Other forms of leptospirosis
A27.9,"Leptospirosis, unspecified"
A28.0,Pasteurellosis
A28.1,Cat-scratch disease
A28.2,Extraintestinal yersiniosis
A28.8,"Other specified zoonotic bacterial diseases, not elsewhere classified"
A28.9,"Zoonotic bacterial disease, unspecified"
A30.0,Indeterminate leprosy
A30.1,Tuberculoid leprosy
A30.2,Borderline tuberculoid leprosy
A30.3,Borderline leprosy
A30.4,Borderline lepromatous leprosy
A30.5,Lepromatous leprosy
A30.8,Other forms of leprosy
A30.9,"Leprosy, unspecified"
A31.0,Pulmonary mycobacterial infection
A31.1,Cutaneous mycobacterial infection
A31.2,Disseminated mycobacterium avium-intracellulare complex (DMAC)
A31.8,Other mycobacterial infections
A31.9,"Mycobacterial infection, unspecified"
A32.0,Cutaneous listeriosis
A32.11,Listerial meningitis
A32.12,Listerial meningoencephalitis
A32.7,Listerial sepsis
A32.81,Oculoglandular listeriosis
A32.82,Listerial endocarditis
A32.89,Other forms of listeriosis
A32.9,"Listeriosis, unspecified"
A33,Tetanus neonatorum
A34,Obstetrical tetanus
A35,Other tetanus
A36.0,Pharyngeal diphtheria
A36.1,Nasopharyngeal diphtheria
A36.2,Laryngeal diphtheria
A36.3,Cutaneous diphtheria
A36.81,Diphtheritic cardiomyopathy
A36.82,Diphtheritic radiculomyelitis
A36.83,Diphtheritic polyneuritis
A36.84,Diphtheritic tubulo-interstitial nephropathy
A36.85,Diphtheritic cystitis
A36.86,Diphtheritic conjunctivitis
A36.89,Other diphtheritic complications
A36.9,"Diphtheria, unspecified"
A37.00,Whooping cough due to Bordetella pertussis without pneumonia
A37.01,Whooping cough due to Bordetella pertussis with pneumonia
A37.10,Whooping cough due to Bordetella parapertussis without pneumonia
A37.11,Whooping cough due to Bordetella parapertussis with pneumonia
A37.80,Whooping cough due to other Bordetella species without pneumonia
A37.81,Whooping cough due to other Bordetella species with pneumonia
A37.90,"Whooping cough, unspecified species without pneumonia"
A37.91,"Whooping cough, unspecified species with pneumonia"
A38.0,Scarlet fever with otitis media
A38.1,Scarlet fever with myocarditis
A38.8,Scarlet fever with other complications
A38.9,"Scarlet fever, uncomplicated"
A39.0,Meningococcal meningitis
A39.1,Waterhouse-Friderichsen syndrome
A39.2,Acute meningococcemia
A39.3,Chronic meningococcemia
A39.4,"Meningococcemia, unspecified"
A39.50,"Meningococcal carditis, unspecified"
A39.51,Meningococcal endocarditis
A39.52,Meningococcal myocarditis
A39.53,Meningococcal pericarditis
A39.81,Meningococcal encephalitis
A39.82,Meningococcal retrobulbar neuritis
A39.83,Meningococcal arthritis
A39.84,Postmeningococcal arthritis
A39.89,Other meningococcal infections
A39.9,"Meningococcal infection, unspecified"
A40.0,"Sepsis due to streptococcus, group A"
A40.1,"Sepsis due to streptococcus, group B"
A40.3,Sepsis due to Streptococcus pneumoniae
A40.8,Other streptococcal sepsis
A40.9,"Streptococcal sepsis, unspecified"
A41.01,Sepsis due to Methicillin susceptible Staphylococcus aureus
A41.02,Sepsis due to Methicillin resistant Staphylococcus aureus
A41.1,Sepsis due to other specified staphylococcus
A41.2,Sepsis due to unspecified staphylococcus
A41.3,Sepsis due to Hemophilus influenzae
A41.4,Sepsis due to anaerobes
A41.50,"Gram-negative sepsis, unspecified"
A41.51,Sepsis due to Escherichia coli [E. coli]
A41.52,Sepsis due to Pseudomonas
A41.53,Sepsis due to Serratia
A41.54,Sepsis due to Acinetobacter baumannii
A41.59,Other Gram-negative sepsis
A41.81,Sepsis due to Enterococcus
A41.89,Other specified sepsis
A41.9,"Sepsis, unspecified organism"
A42.0,Pulmonary actinomycosis
A42.1,Abdominal actinomycosis
A42.2,Cervicofacial actinomycosis
A42.7,Actinomycotic sepsis
A42.81,Actinomycotic meningitis
A42.82,Actinomycotic encephalitis
A42.89,Other forms of actinomycosis
A42.9,"Actinomycosis, unspecified"
A43.0,Pulmonary nocardiosis
A43.1,Cutaneous nocardiosis
A43.8,Other forms of nocardiosis
A43.9,"Nocardiosis, unspecified"
A44.0,Systemic bartonellosis
A44.1,Cutaneous and mucocutaneous bartonellosis
A44.8,Other forms of bartonellosis
A44.9,"Bartonellosis, unspecified"
A46,Erysipelas
A48.0,Gas gangrene
A48.1,Legionnaires' disease
A48.2,Nonpneumonic Legionnaires' disease [Pontiac fever]
A48.3,Toxic shock syndrome
A48.4,Brazilian purpuric fever
A48.51,Infant botulism
A48.52,Wound botulism
A48.8,Other specified bacterial diseases
A49.01,"Methicillin susceptible Staphylococcus aureus infection, unspecified site"
A49.02,"Methicillin resistant Staphylococcus aureus infection, unspecified site"
A49.1,"Streptococcal infection, unspecified site"
A49.2,"Hemophilus influenzae infection, unspecified site"
A49.3,"Mycoplasma infection, unspecified site"
A49.8,Other bacterial infections of unspecified site
A49.9,"Bacterial infection, unspecified"
A50.01,Early congenital syphilitic oculopathy
A50.02,Early congenital syphilitic osteochondropathy
A50.03,Early congenital syphilitic pharyngitis
A50.04,Early congenital syphilitic pneumonia
A50.05,Early congenital syphilitic rhinitis
A50.06,Early cutaneous congenital syphilis
A50.07,Early mucocutaneous congenital syphilis
A50.08,Early visceral congenital syphilis
A50.09,"Other early congenital syphilis, symptomatic"
A50.1,"Early congenital syphilis, latent"
A50.2,"Early congenital syphilis, unspecified"
A50.30,"Late congenital syphilitic oculopathy, unspecified"
A50.31,Late congenital syphilitic interstitial keratitis
A50.32,Late congenital syphilitic chorioretinitis
A50.39,Other late congenital syphilitic oculopathy
A50.40,"Late congenital neurosyphilis, unspecified"
A50.41,Late congenital syphilitic meningitis
A50.42,Late congenital syphilitic encephalitis
A50.43,Late congenital syphilitic polyneuropathy
A50.44,Late congenital syphilitic optic nerve atrophy
A50.45,Juvenile general paresis
A50.49,Other late congenital neurosyphilis
A50.51,Clutton's joints
A50.52,Hutchinson's teeth
A50.53,Hutchinson's triad
A50.54,Late congenital cardiovascular syphilis
A50.55,Late congenital syphilitic arthropathy
A50.56,Late congenital syphilitic osteochondropathy
A50.57,Syphilitic saddle nose
A50.59,"Other late congenital syphilis, symptomatic"
A50.6,"Late congenital syphilis, latent"
A50.7,"Late congenital syphilis, unspecified"
A50.9,"Congenital syphilis, unspecified"
A51.0,Primary genital syphilis
A51.1,Primary anal syphilis
A51.2,Primary syphilis of other sites
A51.31,Condyloma latum
A51.32,Syphilitic alopecia
A51.39,Other secondary syphilis of skin
A51.41,Secondary syphilitic meningitis
A51.42,Secondary syphilitic female pelvic disease
A51.43,Secondary syphilitic oculopathy
A51.44,Secondary syphilitic nephritis
A51.45,Secondary syphilitic hepatitis
A51.46,Secondary syphilitic osteopathy
A51.49,Other secondary syphilitic conditions
A51.5,"Early syphilis, latent"
A51.9,"Early syphilis, unspecified"
A52.00,"Cardiovascular syphilis, unspecified"
A52.01,Syphilitic aneurysm of aorta
A52.02,Syphilitic aortitis
A52.03,Syphilitic endocarditis
A52.04,Syphilitic cerebral arteritis
A52.05,Other cerebrovascular syphilis
A52.06,Other syphilitic heart involvement
A52.09,Other cardiovascular syphilis
A52.10,"Symptomatic neurosyphilis, unspecified"
A52.11,Tabes dorsalis
A52.12,Other cerebrospinal syphilis
A52.13,Late syphilitic meningitis
A52.14,Late syphilitic encephalitis
A52.15,Late syphilitic neuropathy
A52.16,Charcot's arthropathy (tabetic)
A52.17,General paresis
A52.19,Other symptomatic neurosyphilis
A52.2,Asymptomatic neurosyphilis
A52.3,"Neurosyphilis, unspecified"
A52.71,Late syphilitic oculopathy
A52.72,Syphilis of lung and bronchus
A52.73,Symptomatic late syphilis of other respiratory organs
A52.74,Syphilis of liver and other viscera
A52.75,Syphilis of kidney and ureter
A52.76,Other genitourinary symptomatic late syphilis
A52.77,Syphilis of bone and joint
A52.78,Syphilis of other musculoskeletal tissue
A52.79,Other symptomatic late syphilis
A52.8,"Late syphilis, latent"
A52.9,"Late syphilis, unspecified"
A53.0,"Latent syphilis, unspecified as early or late"
A53.9,"Syphilis, unspecified"
A54.00,"Gonococcal infection of lower genitourinary tract, unspecified"
A54.01,"Gonococcal cystitis and urethritis, unspecified"
A54.02,"Gonococcal vulvovaginitis, unspecified"
A54.03,"Gonococcal cervicitis, unspecified"
A54.09,Other gonococcal infection of lower genitourinary tract
A54.1,Gonococcal infection of lower genitourinary tract with periurethral and accessory gland abscess
A54.21,Gonococcal infection of kidney and ureter
A54.22,Gonococcal prostatitis
A54.23,Gonococcal infection of other male genital organs
A54.24,Gonococcal female pelvic inflammatory disease
A54.29,Other gonococcal genitourinary infections
A54.30,"Gonococcal infection of eye, unspecified"
A54.31,Gonococcal conjunctivitis
A54.32,Gonococcal iridocyclitis
A54.33,Gonococcal keratitis
A54.39,Other gonococcal eye infection
A54.40,"Gonococcal infection of musculoskeletal system, unspecified"
A54.41,Gonococcal spondylopathy
A54.42,Gonococcal arthritis
A54.43,Gonococcal osteomyelitis
A54.49,Gonococcal infection of other musculoskeletal tissue
A54.5,Gonococcal pharyngitis
A54.6,Gonococcal infection of anus and rectum
A54.81,Gonococcal meningitis
A54.82,Gonococcal brain abscess
A54.83,Gonococcal heart infection
A54.84,Gonococcal pneumonia
A54.85,Gonococcal peritonitis
A54.86,Gonococcal sepsis
A54.89,Other gonococcal infections
A54.9,"Gonococcal infection, unspecified"
A55,Chlamydial lymphogranuloma (venereum)
A56.00,"Chlamydial infection of lower genitourinary tract, unspecified"
A56.01,Chlamydial cystitis and urethritis
A56.02,Chlamydial vulvovaginitis
A56.09,Other chlamydial infection of lower genitourinary tract
A56.11,Chlamydial female pelvic inflammatory disease
A56.19,Other chlamydial genitourinary infection
A56.2,"Chlamydial infection of genitourinary tract, unspecified"
A56.3,Chlamydial infection of anus and rectum
A56.4,Chlamydial infection of pharynx
A56.8,Sexually transmitted chlamydial infection of other sites
A57,Chancroid
A58,Granuloma inguinale
A59.00,"Urogenital trichomoniasis, unspecified"
A59.01,Trichomonal vulvovaginitis
A59.02,Trichomonal prostatitis
A59.03,Trichomonal cystitis and urethritis
A59.09,Other urogenital trichomoniasis
A59.8,Trichomoniasis of other sites
A59.9,"Trichomoniasis, unspecified"
A60.00,"Herpesviral infection of urogenital system, unspecified"
A60.01,Herpesviral infection of penis
A60.02,Herpesviral infection of other male genital organs
A60.03,Herpesviral cervicitis
A60.04,Herpesviral vulvovaginitis
A60.09,Herpesviral infection of other urogenital tract
A60.1,Herpesviral infection of perianal skin and rectum
A60.9,"Anogenital herpesviral infection, unspecified"
A63.0,Anogenital (venereal) warts
A63.8,Other specified predominantly sexually transmitted diseases
A64,Unspecified sexually transmitted disease
A65,Nonvenereal syphilis
A66.0,Initial lesions of yaws
A66.1,Multiple papillomata and wet crab yaws
A66.2,Other early skin lesions of yaws
A66.3,Hyperkeratosis of yaws
A66.4,Gummata and ulcers of yaws
A66.5,Gangosa
A66.6,Bone and joint lesions of yaws
A66.7,Other manifestations of yaws
A66.8,Latent yaws
A66.9,"Yaws, unspecified"
A67.0,Primary lesions of pinta
A67.1,Intermediate lesions of pinta
A67.2,Late lesions of pinta
A67.3,Mixed lesions of pinta
A67.9,"Pinta, unspecified"
A68.0,Louse-borne relapsing fever
A68.1,Tick-borne relapsing fever
A68.9,"Relapsing fever, unspecified"
A69.0,Necrotizing ulcerative stomatitis
A69.1,Other Vincent's infections
A69.20,"Lyme disease, unspecified"
A69.21,Meningitis due to Lyme disease
A69.22,Other neurologic disorders in Lyme disease
A69.23,Arthritis due to Lyme disease
A69.29,Other conditions associated with Lyme disease
A69.8,Other specified spirochetal infections
A69.9,"Spirochetal infection, unspecified"
A70,Chlamydia psittaci infections
A71.0,Initial stage of trachoma
A71.1,Active stage of trachoma
A71.9,"Trachoma, unspecified"
A74.0,Chlamydial conjunctivitis
A74.81,Chlamydial peritonitis
A74.89,Other chlamydial diseases
A74.9,"Chlamydial infection, unspecified"
A75.0,Epidemic louse-borne typhus fever due to Rickettsia prowazekii
A75.1,Recrudescent typhus [Brill's disease]
A75.2,Typhus fever due to Rickettsia typhi
A75.3,Typhus fever due to Rickettsia tsutsugamushi
A75.9,"Typhus fever, unspecified"
A77.0,Spotted fever due to Rickettsia rickettsii
A77.1,Spotted fever due to Rickettsia conorii
A77.2,Spotted fever due to Rickettsia siberica
A77.3,Spotted fever due to Rickettsia australis
A77.40,"Ehrlichiosis, unspecified"
A77.41,Ehrlichiosis chaffeensis [E. chaffeensis]
A77.49,Other ehrlichiosis
A77.8,Other spotted fevers
A77.9,"Spotted fever, unspecified"
A78,Q fever
A79.0,Trench fever
A79.1,Rickettsialpox due to Rickettsia akari
A79.81,Rickettsiosis due to Ehrlichia sennetsu
A79.82,Anaplasmosis [A. phagocytophilum]
A79.89,Other specified rickettsioses
A79.9,"Rickettsiosis, unspecified"
A80.0,"Acute paralytic poliomyelitis, vaccine-associated"
A80.1,"Acute paralytic poliomyelitis, wild virus, imported"
A80.2,"Acute paralytic poliomyelitis, wild virus, indigenous"
A80.30,"Acute paralytic poliomyelitis, unspecified"
A80.39,Other acute paralytic poliomyelitis
A80.4,Acute nonparalytic poliomyelitis
A80.9,"Acute poliomyelitis, unspecified"
A81.00,"Creutzfeldt-Jakob disease, unspecified"
A81.01,Variant Creutzfeldt-Jakob disease
C00.0,Malignant neoplasm of external upper lip
C00.1,Malignant neoplasm of external lower lip
C00.2,"Malignant neoplasm of external lip, unspecified"
C00.3,"Malignant neoplasm of upper lip, inner aspect"
C00.4,"Malignant neoplasm of lower lip, inner aspect"
C00.5,"Malignant neoplasm of lip, unspecified, inner aspect"
C00.6,"Malignant neoplasm of commissure of lip, unspecified"
C00.8,Malignant neoplasm of overlapping sites of lip
C00.9,"Malignant neoplasm of lip, unspecified"
C01,Malignant neoplasm of base of tongue
C02.0,Malignant neoplasm of dorsal surface of tongue
C02.1,Malignant neoplasm of border of tongue
C02.2,Malignant neoplasm of ventral surface of tongue
C02.3,"Malignant neoplasm of anterior two-thirds of tongue, part unspecified"
C02.4,Malignant neoplasm of lingual tonsil
C02.8,Malignant neoplasm of overlapping sites of tongue
C02.9,"Malignant neoplasm of tongue, unspecified"
C03.0,Malignant neoplasm of upper gum
C03.1,Malignant neoplasm of lower gum
C03.9,"Malignant neoplasm of gum, unspecified"
C04.0,Malignant neoplasm of anterior floor of mouth
C04.1,Malignant neoplasm of lateral floor of mouth
C04.8,Malignant neoplasm of overlapping sites of floor of mouth
C04.9,"Malignant neoplasm of floor of mouth, unspecified"
C05.0,Malignant neoplasm of hard palate
C05.1,Malignant neoplasm of soft palate
C05.2,Malignant neoplasm of uvula
C05.8,Malignant neoplasm of overlapping sites of palate
C05.9,"Malignant neoplasm of palate, unspecified"
C06.0,Malignant neoplasm of cheek mucosa
C06.1,Malignant neoplasm of vestibule of mouth
C06.2,Malignant neoplasm of retromolar area
C06.80,Malignant neoplasm of overlapping sites of unspecified parts of mouth
C06.89,Malignant neoplasm of overlapping sites of other parts of mouth
C06.9,"Malignant neoplasm of mouth, unspecified"
C07,Malignant neoplasm of parotid gland
C08.0,Malignant neoplasm of submandibular gland
C08.1,Malignant neoplasm of sublingual gland
C08.9,"Malignant neoplasm of major salivary gland, unspecified"
C09.0,Malignant neoplasm of tonsillar fossa
C09.1,Malignant neoplasm of tonsillar pillar (anterior) (posterior)
C09.8,Malignant neoplasm of overlapping sites of tonsil
C09.9,"Malignant neoplasm of tonsil, unspecified"
C10.0,Malignant neoplasm of vallecula
C10.1,Malignant neoplasm of anterior surface of epiglottis
C10.2,Malignant neoplasm of lateral wall of oropharynx
C10.3,Malignant neoplasm of posterior wall of oropharynx
C10.4,Malignant neoplasm of branchial cleft
C10.8,Malignant neoplasm of overlapping sites of oropharynx
C10.9,"Malignant neoplasm of oropharynx, unspecified"
C11.0,Malignant neoplasm of superior wall of nasopharynx
C11.1,Malignant neoplasm of posterior wall of nasopharynx
C11.2,Malignant neoplasm of lateral wall of nasopharynx
C11.3,Malignant neoplasm of anterior wall of nasopharynx
C11.8,Malignant neoplasm of overlapping sites of nasopharynx
C11.9,"Malignant neoplasm of nasopharynx, unspecified"
C12,Malignant neoplasm of pyriform sinus
C13.0,Malignant neoplasm of postcricoid region
C13.1,"Malignant neoplasm of aryepiglottic fold, hypopharyngeal aspect"
C13.2,Malignant neoplasm of posterior wall of hypopharynx
C13.8,Malignant neoplasm of overlapping sites of hypopharynx
C13.9,"Malignant neoplasm of hypopharynx, unspecified"
C14.0,"Malignant neoplasm of pharynx, unspecified"
C14.2,Malignant neoplasm of Waldeyer's ring
C14.8,"Malignant neoplasm of overlapping sites of lip, oral cavity and pharynx"
C15.3,Malignant neoplasm of upper third of esophagus
C15.4,Malignant neoplasm of middle third of esophagus
C15.5,Malignant neoplasm of lower third of esophagus
C15.8,Malignant neoplasm of overlapping sites of esophagus
C15.9,"Malignant neoplasm of esophagus, unspecified"
C16.0,Malignant neoplasm of cardia
C16.1,Malignant neoplasm of fundus of stomach
C16.2,Malignant neoplasm of body of stomach
C16.3,Malignant neoplasm of pyloric antrum
C16.4,Malignant neoplasm of pylorus
C16.5,"Malignant neoplasm of lesser curvature of stomach, unspecified"
C16.6,"Malignant neoplasm of greater curvature of stomach, unspecified"
C16.8,Malignant neoplasm of overlapping sites of stomach
C16.9,"Malignant neoplasm of stomach, unspecified"
C17.0,Malignant neoplasm of duodenum
C17.1,Malignant neoplasm of jejunum
C17.2,Malignant neoplasm of ileum
C17.3,"Meckel's diverticulum, malignant"
C17.8,Malignant neoplasm of overlapping sites of small intestine
C17.9,"Malignant neoplasm of small intestine, unspecified"
C18.0,Malignant neoplasm of cecum
C18.1,Malignant neoplasm of appendix
C18.2,Malignant neoplasm of ascending colon
C18.3,Malignant neoplasm of hepatic flexure
C18.4,Malignant neoplasm of transverse colon
C18.5,Malignant neoplasm of splenic flexure
C18.6,Malignant neoplasm of descending colon
C18.7,Malignant neoplasm of sigmoid colon
C18.8,Malignant neoplasm of overlapping sites of colon
C18.9,"Malignant neoplasm of colon, unspecified"
C19,Malignant neoplasm of rectosigmoid junction
C20,Malignant neoplasm of rectum
C21.0,"Malignant neoplasm of anus, unspecified"
C21.1,Malignant neoplasm of anal canal
C21.2,Malignant neoplasm of cloacogenic zone
C21.8,"Malignant neoplasm of overlapping sites of rectum, anus and anal canal"
C22.0,Liver cell carcinoma
C22.1,Intrahepatic bile duct carcinoma
C22.2,Hepatoblastoma
C22.3,Angiosarcoma of liver
C22.4,Other sarcomas of liver
C22.7,Other specified carcinomas of liver
C22.8,"Malignant neoplasm of liver, primary, unspecified as to type"
C22.9,"Malignant neoplasm of liver, not specified as primary or secondary"
C23,Malignant neoplasm of gallbladder
C24.0,Malignant neoplasm of extrahepatic bile duct
C24.1,Malignant neoplasm of ampulla of Vater
C24.8,Malignant neoplasm of overlapping sites of biliary tract
C24.9,"Malignant neoplasm of biliary tract, unspecified"
C25.0,Malignant neoplasm of head of pancreas
C25.1,Malignant neoplasm of body of pancreas
C25.2,Malignant neoplasm of tail of pancreas
C25.3,Malignant neoplasm of pancreatic duct
C25.4,Malignant neoplasm of endocrine pancreas
C25.7,Malignant neoplasm of other parts of pancreas
C25.8,Malignant neoplasm of overlapping sites of pancreas
C25.9,"Malignant neoplasm of pancreas, unspecified"
C26.0,"Malignant neoplasm of intestinal tract, part unspecified"
C26.1,Malignant neoplasm of spleen
C26.9,Malignant neoplasm of ill-defined sites within the digestive system
C30.0,Malignant neoplasm of nasal cavity
C30.1,Malignant neoplasm of middle ear
C31.0,Malignant neoplasm of maxillary sinus
C31.1,Malignant neoplasm of ethmoidal sinus
C31.2,Malignant neoplasm of frontal sinus
C31.3,Malignant neoplasm of sphenoid sinus
C31.8,Malignant neoplasm of overlapping sites of accessory sinuses
C31.9,"Malignant neoplasm of accessory sinus, unspecified"
C32.0,Malignant neoplasm of glottis
C32.1,Malignant neoplasm of supraglottis
C32.2,Malignant neoplasm of subglottis
C32.3,Malignant neoplasm of laryngeal cartilage
C32.8,Malignant neoplasm of overlapping sites of larynx
C32.9,"Malignant neoplasm of larynx, unspecified"
C33,Malignant neoplasm of trachea
C34.00,Malignant neoplasm of unspecified main bronchus
C34.01,Malignant neoplasm of right main bronchus
C34.02,Malignant neoplasm of left main bronchus
C34.10,"Malignant neoplasm of upper lobe, unspecified bronchus or lung"
C34.11,"Malignant neoplasm of upper lobe, right bronchus or lung"
C34.12,"Malignant neoplasm of upper lobe, left bronchus or lung"
C34.2,"Malignant neoplasm of middle lobe, bronchus or lung"
C34.30,"Malignant neoplasm of lower lobe, unspecified bronchus or lung"
C34.31,"Malignant neoplasm of lower lobe, right bronchus or lung"
C34.32,"Malignant neoplasm of lower lobe, left bronchus or lung"
C34.80,Malignant neoplasm of overlapping sites of unspecified bronchus and lung
C34.81,Malignant neoplasm of overlapping sites of right bronchus and lung
C34.82,Malignant neoplasm of overlapping sites of left bronchus and lung
C34.90,Malignant neoplasm of unspecified part of unspecified bronchus or lung
C34.91,Malignant neoplasm of unspecified part of right bronchus or lung
C34.92,Malignant neoplasm of unspecified part of left bronchus or lung
C37,Malignant neoplasm of thymus
C38.0,Malignant neoplasm of heart
C38.1,Malignant neoplasm of anterior mediastinum
C38.2,Malignant neoplasm of posterior mediastinum
C38.3,"Malignant neoplasm of mediastinum, part unspecified"
C38.4,Malignant neoplasm of pleura
C38.8,"Malignant neoplasm of overlapping sites of heart, mediastinum and pleura"
C39.0,"Malignant neoplasm of upper respiratory tract, part unspecified"
C39.9,"Malignant neoplasm of lower respiratory tract, part unspecified"
C40.00,Malignant neoplasm of scapula and long bones of unspecified upper limb
C40.01,Malignant neoplasm of scapula and long bones of right upper limb
C40.02,Malignant neoplasm of scapula and long bones of left upper limb
C40.10,Malignant neoplasm of short bones of unspecified upper limb
C40.11,Malignant neoplasm of short bones of right upper limb
C40.12,Malignant neoplasm of short bones of left upper limb
C40.20,Malignant neoplasm of long bones of unspecified lower limb
C40.21,Malignant neoplasm of long bones of right lower limb
C40.22,Malignant neoplasm of long bones of left lower limb
C40.30,Malignant neoplasm of short bones of unspecified lower limb
C40.31,Malignant neoplasm of short bones of right lower limb
C40.32,Malignant neoplasm of short bones of left lower limb
C40.80,Malignant neoplasm of overlapping sites of bone and articular cartilage of unspecified limb
C40.81,Malignant neoplasm of overlapping sites of bone and articular cartilage of right limb
C40.82,Malignant neoplasm of overlapping sites of bone and articular cartilage of left limb
C40.90,Malignant neoplasm of unspecified bones and articular cartilage of unspecified limb
C40.91,Malignant neoplasm of unspecified bones and articular cartilage of right limb
C40.92,Malignant neoplasm of unspecified bones and articular cartilage of left limb
C41.0,Malignant neoplasm of bones of skull and face
C41.1,Malignant neoplasm of mandible
C41.2,Malignant neoplasm of vertebral column
C41.3,"Malignant neoplasm of ribs, sternum and clavicle"
C41.4,"Malignant neoplasm of pelvic bones, sacrum and coccyx"
C41.9,"Malignant neoplasm of bone and articular cartilage, unspecified"
C43.0,Malignant melanoma of lip
C43.10,"Malignant melanoma of unspecified eyelid, including canthus"
C43.111,"Malignant melanoma of right upper eyelid, including canthus"
C43.112,"Malignant melanoma of right lower eyelid, including canthus"
C43.121,"Malignant melanoma of left upper eyelid, including canthus"
C43.122,"Malignant melanoma of left lower eyelid, including canthus"
C43.20,Malignant melanoma of unspecified ear and external auricular canal
C43.21,Malignant melanoma of right ear and external auricular canal
C43.22,Malignant melanoma of left ear and external auricular canal
C43.30,Malignant melanoma of unspecified part of face
C43.31,Malignant melanoma of nose
C43.39,Malignant melanoma of other parts of face
C43.4,Malignant melanoma of scalp and neck
C43.51,Malignant melanoma of anal skin
C43.52,Malignant melanoma of skin of breast
C43.59,Malignant melanoma of other part of trunk
C43.60,"Malignant melanoma of unspecified upper limb, including shoulder"
C43.61,"Malignant melanoma of right upper limb, including shoulder"
C43.62,"Malignant melanoma of left upper limb, including shoulder"
C43.70,"Malignant melanoma of unspecified lower limb, including hip"
C43.71,"Malignant melanoma of right lower limb, including hip"
C43.72,"Malignant melanoma of left lower limb, including hip"
C43.8,Malignant melanoma of overlapping sites of skin
C43.9,"Malignant melanoma of skin, unspecified"
C4A.0,Merkel cell carcinoma of lip
C4A.10,"Merkel cell carcinoma of unspecified eyelid, including canthus"
C4A.111,"Merkel cell carcinoma of right upper eyelid, including canthus"
C4A.112,"Merkel cell carcinoma of right lower eyelid, including canthus"
C4A.121,"Merkel cell carcinoma of left upper eyelid, including canthus"
C4A.122,"Merkel cell carcinoma of left lower eyelid, including canthus"
C4A.20,Merkel cell carcinoma of unspecified ear and external auricular canal
C4A.21,Merkel cell carcinoma of right ear and external auricular canal
C4A.22,Merkel cell carcinoma of left ear and external auricular canal
C4A.30,Merkel cell carcinoma of unspecified part of face
C4A.31,Merkel cell carcinoma of nose
C4A.39,Merkel cell carcinoma of other parts of face
C4A.4,Merkel cell carcinoma of scalp and neck
C4A.51,Merkel cell carcinoma of anal skin
C4A.52,Merkel cell carcinoma of skin of breast
C4A.59,Merkel cell carcinoma of other part of trunk
C4A.60,"Merkel cell carcinoma of unspecified upper limb, including shoulder"
C4A.61,"Merkel cell carcinoma of right upper limb, including shoulder"
C4A.62,"Merkel cell carcinoma of left upper limb, including shoulder"
C4A.70,"Merkel cell carcinoma of unspecified lower limb, including hip"
C4A.71,"Merkel cell carcinoma of right lower limb, including hip"
C4A.72,"Merkel cell carcinoma of left lower limb, including hip"
C4A.8,Merkel cell carcinoma of overlapping sites
C4A.9,"Merkel cell carcinoma, unspecified"
C44.00,Unspecified malignant neoplasm of skin of lip
C44.01,Basal cell carcinoma of skin of lip
C44.02,Squamous cell carcinoma of skin of lip
C44.09,Other specified malignant neoplasm of skin of lip
C44.101,"Unspecified malignant neoplasm of skin of unspecified eyelid, including canthus"
C44.1021,"Unspecified malignant neoplasm of skin of right upper eyelid, including canthus"
C44.1022,"Unspecified malignant neoplasm of skin of right lower eyelid, including canthus"
C44.1091,"Unspecified malignant neoplasm of skin of left upper eyelid, including canthus"
C44.1092,"Unspecified malignant neoplasm of skin of left lower eyelid, including canthus"
C44.111,"Basal cell carcinoma of skin of unspecified eyelid, including canthus"
C44.1121,"Basal cell carcinoma of skin of right upper eyelid, including canthus"
C44.1122,"Basal cell carcinoma of skin of right lower eyelid, including canthus"
C44.1191,"Basal cell carcinoma of skin of left upper eyelid, including canthus"
C44.1192,"Basal cell carcinoma of skin of left lower eyelid, including canthus"
C44.121,"Squamous cell carcinoma of skin of unspecified eyelid, including canthus"
C44.1221,"Squamous cell carcinoma of skin of right upper eyelid, including canthus"
C44.1222,"Squamous cell carcinoma of skin of right lower eyelid, including canthus"
C44.1291,"Squamous cell carcinoma of skin of left upper eyelid, including canthus"
C44.1292,"Squamous cell carcinoma of skin of left lower eyelid, including canthus"
C44.131,"Sebaceous cell carcinoma of skin of unspecified eyelid, including canthus"
C44.1321,"Sebaceous cell carcinoma of skin of right upper eyelid, including canthus"
C44.1322,"Sebaceous cell carcinoma of skin of right lower eyelid, including canthus"
C44.1391,"Sebaceous cell carcinoma of skin of left upper eyelid, including canthus"
C44.1392,"Sebaceous cell carcinoma of skin of left lower eyelid, including canthus"
C44.191,"Other specified malignant neoplasm of skin of unspecified eyelid, including canthus"
C44.1921,"Other specified malignant neoplasm of skin of right upper eyelid, including canthus"
C44.1922,"Other specified malignant neoplasm of skin of right lower eyelid, including canthus"
C44.1991,"Other specified malignant neoplasm of skin of left upper eyelid, including canthus"
C44.1992,"Other specified malignant neoplasm of skin of left lower eyelid, including canthus"
C44.201,Unspecified malignant neoplasm of skin of unspecified ear and external auricular canal
C44.202,Unspecified malignant neoplasm of skin of right ear and external auricular canal
C44.209,Unspecified malignant neoplasm of skin of left ear and external auricular canal
C44.211,Basal cell carcinoma of skin of unspecified ear and external auricular canal
C44.212,Basal cell carcinoma of skin of right ear and external auricular canal
C44.219,Basal cell carcinoma of skin of left ear and external auricular canal
C44.221,Squamous cell carcinoma of skin of unspecified ear and external auricular canal
C44.222,Squamous cell carcinoma of skin of right ear and external auricular canal
C44.229,Squamous cell carcinoma of skin of left ear and external auricular canal
C44.291,Other specified malignant neoplasm of skin of unspecified ear and external auricular canal
C44.292,Other specified malignant neoplasm of skin of right ear and external auricular canal
C44.299,Other specified malignant neoplasm of skin of left ear and external auricular canal
C44.300,Unspecified malignant neoplasm of skin of unspecified part of face
C44.301,Unspecified malignant neoplasm of skin of nose
C44.309,Unspecified malignant neoplasm of skin of other parts of face
C44.310,Basal cell carcinoma of skin of unspecified parts of face
C44.311,Basal cell carcinoma of skin of nose
C44.319,Basal cell carcinoma of skin of other parts of face
C44.320,Squamous cell carcinoma of skin of unspecified parts of face
C44.321,Squamous cell carcinoma of skin of nose
C44.329,Squamous cell carcinoma of skin of other parts of face
C44.390,Other specified malignant neoplasm of skin of unspecified parts of face
C44.391,Other specified malignant neoplasm of skin of nose
C44.399,Other specified malignant neoplasm of skin of other parts of face
C44.40,Unspecified malignant neoplasm of skin of scalp and neck
C44.41,Basal cell carcinoma of skin of scalp and neck
C44.42,Squamous cell carcinoma of skin of scalp and neck
C44.49,Other specified malignant neoplasm of skin of scalp and neck
C44.500,Unspecified malignant neoplasm of anal skin
C44.501,Unspecified malignant neoplasm of skin of breast
C44.509,Unspecified malignant neoplasm of skin of other part of trunk
C44.510,Basal cell carcinoma of anal skin
C44.511,Basal cell carcinoma of skin of breast
C44.519,Basal cell carcinoma of skin of other part of trunk
C44.520,Squamous cell carcinoma of anal skin
C44.521,Squamous cell carcinoma of skin of breast
C44.529,Squamous cell carcinoma of skin of other part of trunk
C44.590,Other specified malignant neoplasm of anal skin
C44.591,Other specified malignant neoplasm of skin of breast
C44.599,Other specified malignant neoplasm of skin of other part of trunk
C44.601,"Unspecified malignant neoplasm of skin of unspecified upper limb, including shoulder"
C44.602,"Unspecified malignant neoplasm of skin of right upper limb, including shoulder"
C44.609,"Unspecified malignant neoplasm of skin of left upper limb, including shoulder"
C44.611,"Basal cell carcinoma of skin of unspecified upper limb, including shoulder"
C44.612,"Basal cell carcinoma of skin of right upper limb, including shoulder"
C44.619,"Basal cell carcinoma of skin of left upper limb, including shoulder"
C44.621,"Squamous cell carcinoma of skin of unspecified upper limb, including shoulder"
C44.622,"Squamous cell carcinoma of skin of right upper limb, including shoulder"
C44.629,"Squamous cell carcinoma of skin of left upper limb, including shoulder"
C44.691,"Other specified malignant neoplasm of skin of unspecified upper limb, including shoulder"
C44.692,"Other specified malignant neoplasm of skin of right upper limb, including shoulder"
C44.699,"Other specified malignant neoplasm of skin of left upper limb, including shoulder"
C44.701,"Unspecified malignant neoplasm of skin of unspecified lower limb, including hip"
C44.702,"Unspecified malignant neoplasm of skin of right lower limb, including hip"
C44.709,"Unspecified malignant neoplasm of skin of left lower limb, including hip"
C44.711,"Basal cell carcinoma of skin of unspecified lower limb, including hip"
C44.712,"Basal cell carcinoma of skin of right lower limb, including hip"
C44.719,"Basal cell carcinoma of skin of left lower limb, including hip"
C44.721,"Squamous cell carcinoma of skin of unspecified lower limb, including hip"
C44.722,"Squamous cell carcinoma of skin of right lower limb, including hip"
C44.729,"Squamous cell carcinoma of skin of left lower limb, including hip"
C44.791,"Other specified malignant neoplasm of skin of unspecified lower limb, including hip"
C44.792,"Other specified malignant neoplasm of skin of right lower limb, including hip"
C44.799,"Other specified malignant neoplasm of skin of left lower limb, including hip"
C44.80,Unspecified malignant neoplasm of overlapping sites of skin
C44.81,Basal cell carcinoma of overlapping sites of skin
C44.82,Squamous cell carcinoma of overlapping sites of skin
C44.89,Other specified malignant neoplasm of overlapping sites of skin
C44.90,"Unspecified malignant neoplasm of skin, unspecified"
C44.91,"Basal cell carcinoma of skin, unspecified"
C44.92,"Squamous cell carcinoma of skin, unspecified"
C44.99,"Other specified malignant neoplasm of skin, unspecified"
C45.0,Mesothelioma of pleura
C45.1,Mesothelioma of peritoneum
C45.2,Mesothelioma of pericardium
C45.7,Mesothelioma of other sites
C45.9,"Mesothelioma, unspecified"
C46.0,Kaposi's sarcoma of skin
C46.1,Kaposi's sarcoma of soft tissue
C46.2,Kaposi's sarcoma of palate
C46.3,Kaposi's sarcoma of lymph nodes
C46.4,Kaposi's sarcoma of gastrointestinal sites
C46.50,Kaposi's sarcoma of unspecified lung
C46.51,Kaposi's sarcoma of right lung
C46.52,Kaposi's sarcoma of left lung
C46.7,Kaposi's sarcoma of other sites
C46.9,"Kaposi's sarcoma, unspecified"
C47.0,"Malignant neoplasm of peripheral nerves of head, face and neck"
C47.10,"Malignant neoplasm of peripheral nerves of unspecified upper limb, including shoulder"
C47.11,"Malignant neoplasm of peripheral nerves of right upper limb, including shoulder"
C47.12,"Malignant neoplasm of peripheral nerves of left upper limb, including shoulder"
C47.20,"Malignant neoplasm of peripheral nerves of unspecified lower limb, including hip"
C47.21,"Malignant neoplasm of peripheral nerves of right lower limb, including hip"
C47.22,"Malignant neoplasm of peripheral nerves of left lower limb, including hip"
C47.3,Malignant neoplasm of peripheral nerves of thorax
C47.4,Malignant neoplasm of peripheral nerves of abdomen
C47.5,Malignant neoplasm of peripheral nerves of pelvis
C47.6,"Malignant neoplasm of peripheral nerves of trunk, unspecified"
C47.8,Malignant neoplasm of overlapping sites of peripheral nerves and autonomic nervous system
C47.9,"Malignant neoplasm of peripheral nerves and autonomic nervous system, unspecified"
C48.0,Malignant neoplasm of retroperitoneum
C48.1,Malignant neoplasm of specified parts of peritoneum
C48.2,"Malignant neoplasm of peritoneum, unspecified"
C48.8,Malignant neoplasm of overlapping sites of retroperitoneum and peritoneum
C49.0,"Malignant neoplasm of connective and soft tissue of head, face and neck"
C49.10,"Malignant neoplasm of connective and soft tissue of unspecified upper limb, including shoulder"
C49.11,"Malignant neoplasm of connective and soft tissue of right upper limb, including shoulder"
C49.12,"Malignant neoplasm of connective and soft tissue of left upper limb, including shoulder"
C49.20,"Malignant neoplasm of connective and soft tissue of unspecified lower limb, including hip"
C49.21,"Malignant neoplasm of connective and soft tissue of right lower limb, including hip"
C49.22,"Malignant neoplasm of connective and soft tissue of left lower limb, including hip"
C49.3,Malignant neoplasm of connective and soft tissue of thorax
C49.4,Malignant neoplasm of connective and soft tissue of abdomen
C49.5,Malignant neoplasm of connective and soft tissue of pelvis
C49.6,"Malignant neoplasm of connective and soft tissue of trunk, unspecified"
C49.8,Malignant neoplasm of overlapping sites of connective and soft tissue
C49.9,"Malignant neoplasm of connective and soft tissue, unspecified"
C49.A0,"Gastrointestinal stromal tumor, unspecified site"
C49.A1,Gastrointestinal stromal tumor of esophagus
C49.A2,Gastrointestinal stromal tumor of stomach
C49.A3,Gastrointestinal stromal tumor of small intestine
C49.A4,Gastrointestinal stromal tumor of large intestine
C49.A5,Gastrointestinal stromal tumor of rectum
C49.A9,Gastrointestinal stromal tumor of other sites
C50.011,"Malignant neoplasm of nipple and areola, right female breast"
C50.012,"Malignant neoplasm of nipple and areola, left female breast"
C50.019,"Malignant neoplasm of nipple and areola, unspecified female breast"
C50.021,"Malignant neoplasm of nipple and areola, right male breast"
C50.022,"Malignant neoplasm of nipple and areola, left male breast"
C50.029,"Malignant neoplasm of nipple and areola, unspecified male breast"
C50.111,Malignant neoplasm of central portion of right female breast
C50.112,Malignant neoplasm of central portion of left female breast
C50.119,Malignant neoplasm of central portion of unspecified female breast
C50.121,Malignant neoplasm of central portion of right male breast
C50.122,Malignant neoplasm of central portion of left male breast
C50.129,Malignant neoplasm of central portion of unspecified male breast
C50.211,Malignant neoplasm of upper-inner quadrant of right female breast
C50.212,Malignant neoplasm of upper-inner quadrant of left female breast
C50.219,Malignant neoplasm of upper-inner quadrant of unspecified female breast
C50.221,Malignant neoplasm of upper-inner quadrant of right male breast
C50.222,Malignant neoplasm of upper-inner quadrant of left male breast
C50.229,Malignant neoplasm of upper-inner quadrant of unspecified male breast
C50.311,Malignant neoplasm of lower-inner quadrant of right female breast
C50.312,Malignant neoplasm of lower-inner quadrant of left female breast
C50.319,Malignant neoplasm of lower-inner quadrant of unspecified female breast
C50.321,Malignant neoplasm of lower-inner quadrant of right male breast
C50.322,Malignant neoplasm of lower-inner quadrant of left male breast
C50.329,Malignant neoplasm of lower-inner quadrant of unspecified male breast
C50.411,Malignant neoplasm of upper-outer quadrant of right female breast
C50.412,Malignant neoplasm of upper-outer quadrant of left female breast
C50.419,Malignant neoplasm of upper-outer quadrant of unspecified female breast
C50.421,Malignant neoplasm of upper-outer quadrant of right male breast
C50.422,Malignant neoplasm of upper-outer quadrant of left male breast
C50.429,Malignant neoplasm of upper-outer quadrant of unspecified male breast
C50.511,Malignant neoplasm of lower-outer quadrant of right female breast
C50.512,Malignant neoplasm of lower-outer quadrant of left female breast
C50.519,Malignant neoplasm of lower-outer quadrant of unspecified female breast
C50.521,Malignant neoplasm of lower-outer quadrant of right male breast
C50.522,Malignant neoplasm of lower-outer quadrant of left male breast
C50.529,Malignant neoplasm of lower-outer quadrant of unspecified male breast
C50.611,Malignant neoplasm of axillary tail of right female breast
C50.612,Malignant neoplasm of axillary tail of left female breast
C50.619,Malignant neoplasm of axillary tail of unspecified female breast
C50.621,Malignant neoplasm of axillary tail of right male breast
C50.622,Malignant neoplasm of axillary tail of left male breast
C50.629,Malignant neoplasm of axillary tail of unspecified male breast
C50.811,Malignant neoplasm of overlapping sites of right female breast
C50.812,Malignant neoplasm of overlapping sites of left female breast
C50.819,Malignant neoplasm of overlapping sites of unspecified female breast
C50.821,Malignant neoplasm of overlapping sites of right male breast
C50.822,Malignant neoplasm of overlapping sites of left male breast
C50.829,Malignant neoplasm of overlapping sites of unspecified male breast
C50.911,Malignant neoplasm of unspecified site of right female breast
C50.912,Malignant neoplasm of unspecified site of left female breast
C50.919,Malignant neoplasm of unspecified site of unspecified female breast
C50.921,Malignant neoplasm of unspecified site of right male breast
C50.922,Malignant neoplasm of unspecified site of left male breast
C50.929,Malignant neoplasm of unspecified site of unspecified male breast
C50.A0,Malignant inflammatory neoplasm of unspecified breast
C50.A1,Malignant inflammatory neoplasm of right breast
C50.A2,Malignant inflammatory neoplasm of left breast
C51.0,Malignant neoplasm of labium majus
C51.1,Malignant neoplasm of labium minus
C51.2,Malignant neoplasm of clitoris
C51.8,Malignant neoplasm of overlapping sites of vulva
C51.9,"Malignant neoplasm of vulva, unspecified"
C52,Malignant neoplasm of vagina
C53.0,Malignant neoplasm of endocervix
C53.1,Malignant neoplasm of exocervix
C53.8,Malignant neoplasm of overlapping sites of cervix uteri
C53.9,"Malignant neoplasm of cervix uteri, unspecified"
C54.0,Malignant neoplasm of isthmus uteri
C54.1,Malignant neoplasm of endometrium
C54.2,Malignant neoplasm of myometrium
C54.3,Malignant neoplasm of fundus uteri
C54.8,Malignant neoplasm of overlapping sites of corpus uteri
C54.9,"Malignant neoplasm of corpus uteri, unspecified"
C55,"Malignant neoplasm of uterus, part unspecified"
C56.1,Malignant neoplasm of right ovary
C56.2,Malignant neoplasm of left ovary
C56.3,Malignant neoplasm of bilateral ovaries
C56.9,Malignant neoplasm of unspecified ovary
C57.00,Malignant neoplasm of unspecified fallopian tube
C57.01,Malignant neoplasm of right fallopian tube
C57.02,Malignant neoplasm of left fallopian tube
C57.10,Malignant neoplasm of unspecified broad ligament
C57.11,Malignant neoplasm of right broad ligament
C57.12,Malignant neoplasm of left broad ligament
C57.20,Malignant neoplasm of unspecified round ligament
C57.21,Malignant neoplasm of right round ligament
C57.22,Malignant neoplasm of left round ligament
C57.3,Malignant neoplasm of parametrium
C57.4,"Malignant neoplasm of uterine adnexa, unspecified"
C57.7,Malignant neoplasm of other specified female genital organs
C57.8,Malignant neoplasm of overlapping sites of female genital organs
C57.9,"Malignant neoplasm of female genital organ, unspecified"
C58,Malignant neoplasm of placenta
C60.0,Malignant neoplasm of prepuce
C60.1,Malignant neoplasm of glans penis
C60.2,Malignant neoplasm of body of penis
C60.8,Malignant neoplasm of overlapping sites of penis
C60.9,"Malignant neoplasm of penis, unspecified"
C61,Malignant neoplasm of prostate
C62.00,Malignant neoplasm of unspecified undescended testis
C62.01,Malignant neoplasm of undescended right testis
C62.02,Malignant neoplasm of undescended left testis
C62.10,Malignant neoplasm of unspecified descended testis
C62.11,Malignant neoplasm of descended right testis
C62.12,Malignant neoplasm of descended left testis
C62.90,"Malignant neoplasm of unspecified testis, unspecified whether descended or undescended"
C62.91,"Malignant neoplasm of right testis, unspecified whether descended or undescended"
C62.92,"Malignant neoplasm of left testis, unspecified whether descended or undescended"
C63.00,Malignant neoplasm of unspecified epididymis
C63.01,Malignant neoplasm of right epididymis
D00.00,"Carcinoma in situ of oral cavity, unspecified site"
D00.01,Carcinoma in situ of labial mucosa and vermilion border
D00.02,Carcinoma in situ of buccal mucosa
D00.03,Carcinoma in situ of gingiva and edentulous alveolar ridge
D00.04,Carcinoma in situ of soft palate
D00.05,Carcinoma in situ of hard palate
D00.06,Carcinoma in situ of floor of mouth
D00.07,Carcinoma in situ of tongue
D00.08,Carcinoma in situ of pharynx
D00.1,Carcinoma in situ of esophagus
D00.2,Carcinoma in situ of stomach
D01.0,Carcinoma in situ of colon
D01.1,Carcinoma in situ of rectosigmoid junction
D01.2,Carcinoma in situ of rectum
D01.3,Carcinoma in situ of anus and anal canal
D01.40,Carcinoma in situ of unspecified part of intestine
D01.49,Carcinoma in situ of other parts of intestine
D01.5,"Carcinoma in situ of liver, gallbladder and bile ducts"
D01.7,Carcinoma in situ of other specified digestive organs
D01.9,"Carcinoma in situ of digestive organ, unspecified"
D02.0,Carcinoma in situ of larynx
D02.1,Carcinoma in situ of trachea
D02.20,Carcinoma in situ of unspecified bronchus and lung
D02.21,Carcinoma in situ of right bronchus and lung
D02.22,Carcinoma in situ of left bronchus and lung
D02.3,Carcinoma in situ of other parts of respiratory system
D02.4,"Carcinoma in situ of respiratory system, unspecified"
D03.0,Melanoma in situ of lip
D03.10,"Melanoma in situ of unspecified eyelid, including canthus"
D03.111,"Melanoma in situ of right upper eyelid, including canthus"
D03.112,"Melanoma in situ of right lower eyelid, including canthus"
D03.121,"Melanoma in situ of left upper eyelid, including canthus"
D03.122,"Melanoma in situ of left lower eyelid, including canthus"
D03.20,Melanoma in situ of unspecified ear and external auricular canal
D03.21,Melanoma in situ of right ear and external auricular canal
D03.22,Melanoma in situ of left ear and external auricular canal
D03.30,Melanoma in situ of unspecified part of face
D03.39,Melanoma in situ of other parts of face
D03.4,Melanoma in situ of scalp and neck
D03.51,Melanoma in situ of anal skin
D03.52,Melanoma in situ of breast (skin) (soft tissue)
D03.59,Melanoma in situ of other part of trunk
D03.60,"Melanoma in situ of unspecified upper limb, including shoulder"
D03.61,"Melanoma in situ of right upper limb, including shoulder"
D03.62,"Melanoma in situ of left upper limb, including shoulder"
D03.70,"Melanoma in situ of unspecified lower limb, including hip"
D03.71,"Melanoma in situ of right lower limb, including hip"
D03.72,"Melanoma in situ of left lower limb, including hip"
D03.8,Melanoma in situ of other sites
D03.9,"Melanoma in situ, unspecified"
D04.0,Carcinoma in situ of skin of lip
D04.10,"Carcinoma in situ of skin of unspecified eyelid, including canthus"
D04.111,"Carcinoma in situ of skin of right upper eyelid, including canthus"
D04.112,"Carcinoma in situ of skin of right lower eyelid, including canthus"
D04.121,"Carcinoma in situ of skin of left upper eyelid, including canthus"
D04.122,"Carcinoma in situ of skin of left lower eyelid, including canthus"
D04.20,Carcinoma in situ of skin of unspecified ear and external auricular canal
D04.21,Carcinoma in situ of skin of right ear and external auricular canal
D04.22,Carcinoma in situ of skin of left ear and external auricular canal
D04.30,Carcinoma in situ of skin of unspecified part of face
D04.39,Carcinoma in situ of skin of other parts of face
D04.4,Carcinoma in situ of skin of scalp and neck
D04.5,Carcinoma in situ of skin of trunk
D04.60,"Carcinoma in situ of skin of unspecified upper limb, including shoulder"
D04.61,"Carcinoma in situ of skin of right upper limb, including shoulder"
D04.62,"Carcinoma in situ of skin of left upper limb, including shoulder"
D04.70,"Carcinoma in situ of skin of unspecified lower limb, including hip"
D04.71,"Carcinoma in situ of skin of right lower limb, including hip"
D04.72,"Carcinoma in situ of skin of left lower limb, including hip"
D04.8,Carcinoma in situ of skin of other sites
D04.9,"Carcinoma in situ of skin, unspecified"
D05.00,Lobular carcinoma in situ of unspecified breast
D05.01,Lobular carcinoma in situ of right breast
D05.02,Lobular carcinoma in situ of left breast
D05.10,Intraductal carcinoma in situ of unspecified breast
D05.11,Intraductal carcinoma in situ of right breast
D05.12,Intraductal carcinoma in situ of left breast
D05.80,Other specified type of carcinoma in situ of unspecified breast
D05.81,Other specified type of carcinoma in situ of right breast
D05.82,Other specified type of carcinoma in situ of left breast
D05.90,Unspecified type of carcinoma in situ of unspecified breast
D05.91,Unspecified type of carcinoma in situ of right breast
D05.92,Unspecified type of carcinoma in situ of left breast
D06.0,Carcinoma in situ of endocervix
D06.1,Carcinoma in situ of exocervix
D06.7,Carcinoma in situ of other parts of cervix
D06.9,"Carcinoma in situ of cervix, unspecified"
D07.0,Carcinoma in situ of endometrium
D07.1,Carcinoma in situ of vulva
D07.2,Carcinoma in situ of vagina
D07.30,Carcinoma in situ of unspecified female genital organs
D07.39,Carcinoma in situ of other female genital organs
D07.4,Carcinoma in situ of penis
D07.5,Carcinoma in situ of prostate
D07.60,Carcinoma in situ of unspecified male genital organs
D07.61,Carcinoma in situ of scrotum
D07.69,Carcinoma in situ of other male genital organs
D09.0,Carcinoma in situ of bladder
D09.10,Carcinoma in situ of unspecified urinary organ
D09.19,Carcinoma in situ of other urinary organs
D09.20,Carcinoma in situ of unspecified eye
D09.21,Carcinoma in situ of right eye
D09.22,Carcinoma in situ of left eye
D09.3,Carcinoma in situ of thyroid and other endocrine glands
D09.8,Carcinoma in situ of other specified sites
D09.9,"Carcinoma in situ, unspecified"
D10.0,Benign neoplasm of lip
D10.1,Benign neoplasm of tongue
D10.2,Benign neoplasm of floor of mouth
D10.30,Benign neoplasm of unspecified part of mouth
D10.39,Benign neoplasm of other parts of mouth
D10.4,Benign neoplasm of tonsil
D10.5,Benign neoplasm of other parts of oropharynx
D10.6,Benign neoplasm of nasopharynx
D10.7,Benign neoplasm of hypopharynx
D10.9,"Benign neoplasm of pharynx, unspecified"
D11.0,Benign neoplasm of parotid gland
D11.7,Benign neoplasm of other major salivary glands
D11.9,"Benign neoplasm of major salivary gland, unspecified"
D12.0,Benign neoplasm of cecum
D12.1,Benign neoplasm of appendix
D12.2,Benign neoplasm of ascending colon
D12.3,Benign neoplasm of transverse colon
D12.4,Benign neoplasm of descending colon
D12.5,Benign neoplasm of sigmoid colon
D12.6,"Benign neoplasm of colon, unspecified"
D12.7,Benign neoplasm of rectosigmoid junction
D12.8,Benign neoplasm of rectum
D12.9,Benign neoplasm of anus and anal canal
D13.0,Benign neoplasm of esophagus
D13.1,Benign neoplasm of stomach
D13.2,Benign neoplasm of duodenum
D13.30,Benign neoplasm of unspecified part of small intestine
D13.39,Benign neoplasm of other parts of small intestine
D13.4,Benign neoplasm of liver
D13.5,Benign neoplasm of extrahepatic bile ducts
D13.6,Benign neoplasm of pancreas
D13.7,Benign neoplasm of endocrine pancreas
D13.91,Familial adenomatous polyposis
D13.99,Benign neoplasm of ill-defined sites within the digestive system
D14.0,"Benign neoplasm of middle ear, nasal cavity and accessory sinuses"
D14.1,Benign neoplasm of larynx
D14.2,Benign neoplasm of trachea
D14.30,Benign neoplasm of unspecified bronchus and lung
D14.31,Benign neoplasm of right bronchus and lung
D14.32,Benign neoplasm of left bronchus and lung
D14.4,"Benign neoplasm of respiratory system, unspecified"
D15.0,Benign neoplasm of thymus
D15.1,Benign neoplasm of heart
D15.2,Benign neoplasm of mediastinum
D15.7,Benign neoplasm of other specified intrathoracic organs
D15.9,"Benign neoplasm of intrathoracic organ, unspecified"
D16.00,Benign neoplasm of scapula and long bones of unspecified upper limb
D16.01,Benign neoplasm of scapula and long bones of right upper limb
D16.02,Benign neoplasm of scapula and long bones of left upper limb
D16.10,Benign neoplasm of short bones of unspecified upper limb
D16.11,Benign neoplasm of short bones of right upper limb
D16.12,Benign neoplasm of short bones of left upper limb
D16.20,Benign neoplasm of long bones of unspecified lower limb
D16.21,Benign neoplasm of long bones of right lower limb
D16.22,Benign neoplasm of long bones of left lower limb
D16.30,Benign neoplasm of short bones of unspecified lower limb
D16.31,Benign neoplasm of short bones of right lower limb
D16.32,Benign neoplasm of short bones of left lower limb
D16.4,Benign neoplasm of bones of skull and face
D16.5,Benign neoplasm of lower jaw bone
D16.6,Benign neoplasm of vertebral column
D16.7,"Benign neoplasm of ribs, sternum and clavicle"
D16.8,"Benign neoplasm of pelvic bones, sacrum and coccyx"
D16.9,"Benign neoplasm of bone and articular cartilage, unspecified"
D17.0,"Benign lipomatous neoplasm of skin and subcutaneous tissue of head, face and neck"
D17.1,Benign lipomatous neoplasm of skin and subcutaneous tissue of trunk
D17.20,Benign lipomatous neoplasm of skin and subcutaneous tissue of unspecified limb
D17.21,Benign lipomatous neoplasm of skin and subcutaneous tissue of right arm
D17.22,Benign lipomatous neoplasm of skin and subcutaneous tissue of left arm
D17.23,Benign lipomatous neoplasm of skin and subcutaneous tissue of right leg
D17.24,Benign lipomatous neoplasm of skin and subcutaneous tissue of left leg
D17.30,Benign lipomatous neoplasm of skin and subcutaneous tissue of unspecified sites
D17.39,Benign lipomatous neoplasm of skin and subcutaneous tissue of other sites
D17.4,Benign lipomatous neoplasm of intrathoracic organs
D17.5,Benign lipomatous neoplasm of intra-abdominal organs
D17.6,Benign lipomatous neoplasm of spermatic cord
D17.71,Benign lipomatous neoplasm of kidney
D17.72,Benign lipomatous neoplasm of other genitourinary organ
D17.79,Benign lipomatous neoplasm of other sites
D17.9,"Benign lipomatous neoplasm, unspecified"
D18.00,Hemangioma unspecified site
D18.01,Hemangioma of skin and subcutaneous tissue
D18.02,Hemangioma of intracranial structures
D18.03,Hemangioma of intra-abdominal structures
D18.09,Hemangioma of other sites
D18.1,"Lymphangioma, any site"
D19.0,Benign neoplasm of mesothelial tissue of pleura
D19.1,Benign neoplasm of mesothelial tissue of peritoneum
D19.7,Benign neoplasm of mesothelial tissue of other sites
D19.9,"Benign neoplasm of mesothelial tissue, unspecified"
D20.0,Benign neoplasm of soft tissue of retroperitoneum
D20.1,Benign neoplasm of soft tissue of peritoneum
D21.0,"Benign neoplasm of connective and other soft tissue of head, face and neck"
D21.10,"Benign neoplasm of connective and other soft tissue of unspecified upper limb, including shoulder"
D21.11,"Benign neoplasm of connective and other soft tissue of right upper limb, including shoulder"
D21.12,"Benign neoplasm of connective and other soft tissue of left upper limb, including shoulder"
D21.20,"Benign neoplasm of connective and other soft tissue of unspecified lower limb, including hip"
D21.21,"Benign neoplasm of connective and other soft tissue of right lower limb, including hip"
D21.22,"Benign neoplasm of connective and other soft tissue of left lower limb, including hip"
D21.3,Benign neoplasm of connective and other soft tissue of thorax
D21.4,Benign neoplasm of connective and other soft tissue of abdomen
D21.5,Benign neoplasm of connective and other soft tissue of pelvis
D21.6,"Benign neoplasm of connective and other soft tissue of trunk, unspecified"
D21.9,"Benign neoplasm of connective and other soft tissue, unspecified"
D22.0,Melanocytic nevi of lip
D22.10,"Melanocytic nevi of unspecified eyelid, including canthus"
D22.111,"Melanocytic nevi of right upper eyelid, including canthus"
D22.112,"Melanocytic nevi of right lower eyelid, including canthus"
D22.121,"Melanocytic nevi of left upper eyelid, including canthus"
D22.122,"Melanocytic nevi of left lower eyelid, including canthus"
D22.20,Melanocytic nevi of unspecified ear and external auricular canal
D22.21,Melanocytic nevi of right ear and external auricular canal
D22.22,Melanocytic nevi of left ear and external auricular canal
D22.30,Melanocytic nevi of unspecified part of face
D22.39,Melanocytic nevi of other parts of face
D22.4,Melanocytic nevi of scalp and neck
D22.5,Melanocytic nevi of trunk
D22.60,"Melanocytic nevi of unspecified upper limb, including shoulder"
D22.61,"Melanocytic nevi of right upper limb, including shoulder"
D22.62,"Melanocytic nevi of left upper limb, including shoulder"
D22.70,"Melanocytic nevi of unspecified lower limb, including hip"
D22.71,"Melanocytic nevi of right lower limb, including hip"
D22.72,"Melanocytic nevi of left lower limb, including hip"
D22.9,"Melanocytic nevi, unspecified"
D23.0,Other benign neoplasm of skin of lip
D23.10,"Other benign neoplasm of skin of unspecified eyelid, including canthus"
D23.111,"Other benign neoplasm of skin of right upper eyelid, including canthus"
D23.112,"Other benign neoplasm of skin of right lower eyelid, including canthus"
D23.121,"Other benign neoplasm of skin of left upper eyelid, including canthus"
D23.122,"Other benign neoplasm of skin of left lower eyelid, including canthus"
D23.20,Other benign neoplasm of skin of unspecified ear and external auricular canal
D23.21,Other benign neoplasm of skin of right ear and external auricular canal
D23.22,Other benign neoplasm of skin of left ear and external auricular canal
D23.30,Other benign neoplasm of skin of unspecified part of face
D23.39,Other benign neoplasm of skin of other parts of face
D23.4,Other benign neoplasm of skin of scalp and neck
D23.5,Other benign neoplasm of skin of trunk
D23.60,"Other benign neoplasm of skin of unspecified upper limb, including shoulder"
D23.61,"Other benign neoplasm of skin of right upper limb, including shoulder"
D23.62,"Other benign neoplasm of skin of left upper limb, including shoulder"
D23.70,"Other benign neoplasm of skin of unspecified lower limb, including hip"
D23.71,"Other benign neoplasm of skin of right lower limb, including hip"
D23.72,"Other benign neoplasm of skin of left lower limb, including hip"
D23.9,"Other benign neoplasm of skin, unspecified"
D24.1,Benign neoplasm of right breast
D24.2,Benign neoplasm of left breast
D24.9,Benign neoplasm of unspecified breast
D25.0,Submucous leiomyoma of uterus
D25.1,Intramural leiomyoma of uterus
D25.2,Subserosal leiomyoma of uterus
D25.9,"Leiomyoma of uterus, unspecified"
D26.0,Other benign neoplasm of cervix uteri
D26.1,Other benign neoplasm of corpus uteri
D26.7,Other benign neoplasm of other parts of uterus
D26.9,"Other benign neoplasm of uterus, unspecified"
D27.0,Benign neoplasm of right ovary
D27.1,Benign neoplasm of left ovary
D27.9,Benign neoplasm of unspecified ovary
D28.0,Benign neoplasm of vulva
D28.1,Benign neoplasm of vagina
D28.2,Benign neoplasm of uterine tubes and ligaments
D28.7,Benign neoplasm of other specified female genital organs
D28.9,"Benign neoplasm of female genital organ, unspecified"
D29.0,Benign neoplasm of penis
D29.1,Benign neoplasm of prostate
D29.20,Benign neoplasm of unspecified testis
D29.21,Benign neoplasm of right testis
D29.22,Benign neoplasm of left testis
D29.30,Benign neoplasm of unspecified epididymis
D29.31,Benign neoplasm of right epididymis
D29.32,Benign neoplasm of left epididymis
D29.4,Benign neoplasm of scrotum
D29.8,Benign neoplasm of other specified male genital organs
D29.9,"Benign neoplasm of male genital organ, unspecified"
D30.00,Benign neoplasm of unspecified kidney
D30.01,Benign neoplasm of right kidney
D30.02,Benign neoplasm of left kidney
D30.10,Benign neoplasm of unspecified renal pelvis
D30.11,Benign neoplasm of right renal pelvis
D30.12,Benign neoplasm of left renal pelvis
D30.20,Benign neoplasm of unspecified ureter
D30.21,Benign neoplasm of right ureter
D30.22,Benign neoplasm of left ureter
D30.3,Benign neoplasm of bladder
D30.4,Benign neoplasm of urethra
D30.8,Benign neoplasm of other specified urinary organs
D30.9,"Benign neoplasm of urinary organ, unspecified"
D31.00,Benign neoplasm of unspecified conjunctiva
D31.01,Benign neoplasm of right conjunctiva
D31.02,Benign neoplasm of left conjunctiva
D31.10,Benign neoplasm of unspecified cornea
D31.11,Benign neoplasm of right cornea
D31.12,Benign neoplasm of left cornea
D31.20,Benign neoplasm of unspecified retina
D31.21,Benign neoplasm of right retina
D31.22,Benign neoplasm of left retina
D31.30,Benign neoplasm of unspecified choroid
D31.31,Benign neoplasm of right choroid
D31.32,Benign neoplasm of left choroid
D31.40,Benign neoplasm of unspecified ciliary body
D31.41,Benign neoplasm of right ciliary body
D31.42,Benign neoplasm of left ciliary body
D31.50,Benign neoplasm of unspecified lacrimal gland and duct
D31.51,Benign neoplasm of right lacrimal gland and duct
D31.52,Benign neoplasm of left lacrimal gland and duct
D31.60,Benign neoplasm of unspecified site of unspecified orbit
D31.61,Benign neoplasm of unspecified site of right orbit
D31.62,Benign neoplasm of unspecified site of left orbit
D31.90,Benign neoplasm of unspecified part of unspecified eye
D31.91,Benign neoplasm of unspecified part of right eye
D31.92,Benign neoplasm of unspecified part of left eye
D32.0,Benign neoplasm of cerebral meninges
D32.1,Benign neoplasm of spinal meninges
D32.9,"Benign neoplasm of meninges, unspecified"
D33.0,"Benign neoplasm of brain, supratentorial"
D33.1,"Benign neoplasm of brain, infratentorial"
D33.2,"Benign neoplasm of brain, unspecified"
D33.3,Benign neoplasm of cranial nerves
D33.4,Benign neoplasm of spinal cord
D33.7,Benign neoplasm of other specified parts of central nervous system
D33.9,"Benign neoplasm of central nervous system, unspecified"
D34,Benign neoplasm of thyroid gland
D35.00,Benign neoplasm of unspecified adrenal gland
D35.01,Benign neoplasm of right adrenal gland
D35.02,Benign neoplasm of left adrenal gland
D35.1,Benign neoplasm of parathyroid gland
D35.2,Benign neoplasm of pituitary gland
D35.3,Benign neoplasm of craniopharyngeal duct
D35.4,Benign neoplasm of pineal gland
D35.5,Benign neoplasm of carotid body
D35.6,Benign neoplasm of aortic body and other paraganglia
D35.7,Benign neoplasm of other specified endocrine glands
D35.9,"Benign neoplasm of endocrine gland, unspecified"
D36.0,Benign neoplasm of lymph nodes
D36.10,"Benign neoplasm of peripheral nerves and autonomic nervous system, unspecified"
D36.11,"Benign neoplasm of peripheral nerves and autonomic nervous system of face, head, and neck"
D36.12,"Benign neoplasm of peripheral nerves and autonomic nervous system, upper limb, including shoulder"
D36.13,"Benign neoplasm of peripheral nerves and autonomic nervous system of lower limb, including hip"
D36.14,Benign neoplasm of peripheral nerves and autonomic nervous system of thorax
D36.15,Benign neoplasm of peripheral nerves and autonomic nervous system of abdomen
D36.16,Benign neoplasm of peripheral nerves and autonomic nervous system of pelvis
D36.17,"Benign neoplasm of peripheral nerves and autonomic nervous system of trunk, unspecified"
D36.7,Benign neoplasm of other specified sites
D36.9,"Benign neoplasm, unspecified site"
D3A.00,Benign carcinoid tumor of unspecified site
D3A.010,Benign carcinoid tumor of the duodenum
D3A.011,Benign carcinoid tumor of the jejunum
D3A.012,Benign carcinoid tumor of the ileum
D3A.019,"Benign carcinoid tumor of the small intestine, unspecified portion"
D3A.020,Benign carcinoid tumor of the appendix
D3A.021,Benign carcinoid tumor of the cecum
D3A.022,Benign carcinoid tumor of the ascending colon
D3A.023,Benign carcinoid tumor of the transverse colon
D3A.024,Benign carcinoid tumor of the descending colon
D3A.025,Benign carcinoid tumor of the sigmoid colon
D3A.026,Benign carcinoid tumor of the rectum
D3A.029,"Benign carcinoid tumor of the large intestine, unspecified portion"
D3A.090,Benign carcinoid tumor of the bronchus and lung
D3A.091,Benign carcinoid tumor of the thymus
D3A.092,Benign carcinoid tumor of the stomach
D3A.093,Benign carcinoid tumor of the kidney
D3A.094,"Benign carcinoid tumor of the foregut, unspecified"
D3A.095,"Benign carcinoid tumor of the midgut, unspecified"
D3A.096,"Benign carcinoid tumor of the hindgut, unspecified"
D3A.098,Benign carcinoid tumors of other sites
D3A.8,Other benign neuroendocrine tumors
D37.01,Neoplasm of uncertain behavior of lip
D37.02,Neoplasm of uncertain behavior of tongue
D37.030,Neoplasm of uncertain behavior of the parotid salivary glands
D37.031,Neoplasm of uncertain behavior of the sublingual salivary glands
D37.032,Neoplasm of uncertain behavior of the submandibular salivary glands
D37.039,"Neoplasm of uncertain behavior of the major salivary glands, unspecified"
D37.04,Neoplasm of uncertain behavior of the minor salivary glands
D37.05,Neoplasm of uncertain behavior of pharynx
D37.09,Neoplasm of uncertain behavior of other specified sites of the oral cavity
D37.1,Neoplasm of uncertain behavior of stomach
D37.2,Neoplasm of uncertain behavior of small intestine
D37.3,Neoplasm of uncertain behavior of appendix
D37.4,Neoplasm of uncertain behavior of colon
D37.5,Neoplasm of uncertain behavior of rectum
D37.6,"Neoplasm of uncertain behavior of liver, gallbladder and bile ducts"
D37.8,Neoplasm of uncertain behavior of other specified digestive organs
D37.9,"Neoplasm of uncertain behavior of digestive organ, unspecified"
D38.0,Neoplasm of uncertain behavior of larynx
D38.1,"Neoplasm of uncertain behavior of trachea, bronchus and lung"
D38.2,Neoplasm of uncertain behavior of pleura
D38.3,Neoplasm of uncertain behavior of mediastinum
D38.4,Neoplasm of uncertain behavior of thymus
D38.5,Neoplasm of uncertain behavior of other respiratory organs
D38.6,"Neoplasm of uncertain behavior of respiratory organ, unspecified"
D39.0,Neoplasm of uncertain behavior of uterus
D39.10,Neoplasm of uncertain behavior of unspecified ovary
D39.11,Neoplasm of uncertain behavior of right ovary
D39.12,Neoplasm of uncertain behavior of left ovary
D39.2,Neoplasm of uncertain behavior of placenta
D39.8,Neoplasm of uncertain behavior of other specified female genital organs
D39.9,"Neoplasm of uncertain behavior of female genital organ, unspecified"
D40.0,Neoplasm of uncertain behavior of prostate
D40.10,Neoplasm of uncertain behavior of unspecified testis
D40.11,Neoplasm of uncertain behavior of right testis
D40.12,Neoplasm of uncertain behavior of left testis
D40.8,Neoplasm of uncertain behavior of other specified male genital organs
D40.9,"Neoplasm of uncertain behavior of male genital organ, unspecified"
D41.00,Neoplasm of uncertain behavior of unspecified kidney
D41.01,Neoplasm of uncertain behavior of right kidney
D41.02,Neoplasm of uncertain behavior of left kidney
D41.10,Neoplasm of uncertain behavior of unspecified renal pelvis
D41.11,Neoplasm of uncertain behavior of right renal pelvis
D41.12,Neoplasm of uncertain behavior of left renal pelvis
D41.20,Neoplasm of uncertain behavior of unspecified ureter
D41.21,Neoplasm of uncertain behavior of right ureter
D41.22,Neoplasm of uncertain behavior of left ureter
D41.3,Neoplasm of uncertain behavior of urethra
D41.4,Neoplasm of uncertain behavior of bladder
D41.8,Neoplasm of uncertain behavior of other specified urinary organs
D41.9,Neoplasm of uncertain behavior of unspecified urinary organ
D42.0,Neoplasm of uncertain behavior of cerebral meninges
D42.1,Neoplasm of uncertain behavior of spinal meninges
D42.9,"Neoplasm of uncertain behavior of meninges, unspecified"
D43.0,"Neoplasm of uncertain behavior of brain, supratentorial"
D43.1,"Neoplasm of uncertain behavior of brain, infratentorial"
D43.2,"Neoplasm of uncertain behavior of brain, unspecified"
D43.3,Neoplasm of uncertain behavior of cranial nerves
D43.4,Neoplasm of uncertain behavior of spinal cord
D43.8,Neoplasm of uncertain behavior of other specified parts of central nervous system
D43.9,"Neoplasm of uncertain behavior of central nervous system, unspecified"
D44.0,Neoplasm of uncertain behavior of thyroid gland
D44.10,Neoplasm of uncertain behavior of unspecified adrenal gland
D44.11,Neoplasm of uncertain behavior of right adrenal gland
D44.12,Neoplasm of uncertain behavior of left adrenal gland
D44.2,Neoplasm of uncertain behavior of parathyroid gland
D44.3,Neoplasm of uncertain behavior of pituitary gland
D44.4,Neoplasm of uncertain behavior of craniopharyngeal duct
D44.5,Neoplasm of uncertain behavior of pineal gland
D44.6,Neoplasm of uncertain behavior of carotid body
D44.7,Neoplasm of uncertain behavior of aortic body and other paraganglia
D44.9,Neoplasm of uncertain behavior of unspecified endocrine gland
D45,Polycythemia vera
D46.0,"Refractory anemia without ring sideroblasts, so stated"
D46.1,Refractory anemia with ring sideroblasts
D46.20,"Refractory anemia with excess of blasts, unspecified"
D46.21,Refractory anemia with excess of blasts 1
D46.22,Refractory anemia with excess of blasts 2
D46.A,Refractory cytopenia with multilineage dysplasia
D46.B,Refractory cytopenia with multilineage dysplasia and ring sideroblasts
D46.C,Myelodysplastic syndrome with isolated del(5q) chromosomal abnormality
D46.4,"Refractory anemia, unspecified"
D46.Z,Other myelodysplastic syndromes
D46.9,"Myelodysplastic syndrome, unspecified"
D47.01,Cutaneous mastocytosis
D47.02,Systemic mastocytosis
D47.09,Other mast cell neoplasms of uncertain behavior
D47.1,Chronic myeloproliferative disease
D47.2,Monoclonal gammopathy
D47.3,Essential (hemorrhagic) thrombocythemia
D47.4,Osteomyelofibrosis
D47.Z1,Post-transplant lymphoproliferative disorder (PTLD)
D47.Z2,Castleman disease
D47.Z9,"Other specified neoplasms of uncertain behavior of lymphoid, hematopoietic and related tissue"
D47.9,"Neoplasm of uncertain behavior of lymphoid, hematopoietic and related tissue, unspecified"
D48.0,Neoplasm of uncertain behavior of bone and articular cartilage
D48.110,Desmoid tumor of head and neck
D48.111,Desmoid tumor of chest wall
D48.112,"Desmoid tumor, intrathoracic"
D48.113,Desmoid tumor of abdominal wall
D48.114,"Desmoid tumor, intraabdominal"
D48.115,Desmoid tumor of upper extremity and shoulder girdle
D48.116,Desmoid tumor of lower extremity and pelvic girdle
D48.117,Desmoid tumor of back
D48.118,Desmoid tumor of other site
D48.119,Desmoid tumor of unspecified site
D48.19,Other specified neoplasm of uncertain behavior of connective and other soft tissue
D48.2,Neoplasm of uncertain behavior of peripheral nerves and autonomic nervous system
D48.3,Neoplasm of uncertain behavior of retroperitoneum
D48.4,Neoplasm of uncertain behavior of peritoneum
D48.5,Neoplasm of uncertain behavior of skin
D48.60,Neoplasm of uncertain behavior of unspecified breast
D48.61,Neoplasm of uncertain behavior of right breast
D48.62,Neoplasm of uncertain behavior of left breast
D48.7,Neoplasm of uncertain behavior of other specified sites
D48.9,"Neoplasm of uncertain behavior, unspecified"
D49.0,Neoplasm of unspecified behavior of digestive system
D49.1,Neoplasm of unspecified behavior of respiratory system
D49.2,"Neoplasm of unspecified behavior of bone, soft tissue, and skin"
D49.3,Neoplasm of unspecified behavior of breast
D49.4,Neoplasm of unspecified behavior of bladder
D49.511,Neoplasm of unspecified behavior of right kidney
D49.512,Neoplasm of unspecified behavior of left kidney
D49.519,Neoplasm of unspecified behavior of unspecified kidney
D49.59,Neoplasm of unspecified behavior of other genitourinary organ
D49.6,Neoplasm of unspecified behavior of brain
D49.7,Neoplasm of unspecified behavior of endocrine glands and other parts of nervous system
D49.81,Neoplasm of unspecified behavior of retina and choroid
D49.89,Neoplasm of unspecified behavior of other specified sites
E00.0,"Congenital iodine-deficiency syndrome, neurological type"
E00.1,"Congenital iodine-deficiency syndrome, myxedematous type"
E00.2,"Congenital iodine-deficiency syndrome, mixed type"
E00.9,"Congenital iodine-deficiency syndrome, unspecified"
E01.0,Iodine-deficiency related diffuse (endemic) goiter
E01.1,Iodine-deficiency related multinodular (endemic) goiter
E01.2,"Iodine-deficiency related (endemic) goiter, unspecified"
E01.8,Other iodine-deficiency related thyroid disorders and allied conditions
E02,Subclinical iodine-deficiency hypothyroidism
E03.0,Congenital hypothyroidism with diffuse goiter
E03.1,Congenital hypothyroidism without goiter
E03.2,Hypothyroidism due to medicaments and other exogenous substances
E03.3,Postinfectious hypothyroidism
E03.4,Atrophy of thyroid (acquired)
E03.5,Myxedema coma
E03.8,Other specified hypothyroidism
E03.9,"Hypothyroidism, unspecified"
E04.0,Nontoxic diffuse goiter
E04.1,Nontoxic single thyroid nodule
E04.2,Nontoxic multinodular goiter
E04.8,Other specified nontoxic goiter
E04.9,"Nontoxic goiter, unspecified"
E05.00,Thyrotoxicosis with diffuse goiter without thyrotoxic crisis or storm
E05.01,Thyrotoxicosis with diffuse goiter with thyrotoxic crisis or storm
E05.10,Thyrotoxicosis with toxic single thyroid nodule without thyrotoxic crisis or storm
E05.11,Thyrotoxicosis with toxic single thyroid nodule with thyrotoxic crisis or storm
E05.20,Thyrotoxicosis with toxic multinodular goiter without thyrotoxic crisis or storm
E05.21,Thyrotoxicosis with toxic multinodular goiter with thyrotoxic crisis or storm
E05.30,Thyrotoxicosis from ectopic thyroid tissue without thyrotoxic crisis or storm
E05.31,Thyrotoxicosis from ectopic thyroid tissue with thyrotoxic crisis or storm
E05.40,Thyrotoxicosis factitia without thyrotoxic crisis or storm
E05.41,Thyrotoxicosis factitia with thyrotoxic crisis or storm
E05.80,Other thyrotoxicosis without thyrotoxic crisis or storm
E05.81,Other thyrotoxicosis with thyrotoxic crisis or storm
E05.90,"Thyrotoxicosis, unspecified without thyrotoxic crisis or storm"
E05.91,"Thyrotoxicosis, unspecified with thyrotoxic crisis or storm"
E06.0,Acute thyroiditis
E06.1,Subacute thyroiditis
E06.2,Chronic thyroiditis with transient thyrotoxicosis
E06.3,Autoimmune thyroiditis
E06.4,Drug-induced thyroiditis
E06.5,Other chronic thyroiditis
E06.9,"Thyroiditis, unspecified"
E07.0,Hypersecretion of calcitonin
E07.1,Dyshormogenetic goiter
E07.81,Sick-euthyroid syndrome
E07.89,Other specified disorders of thyroid
E07.9,"Disorder of thyroid, unspecified"
E08.00,Diabetes mellitus due to underlying condition with hyperosmolarity without nonketotic hyperglycemic-hyperosmolar coma (NKHHC)
E08.01,Diabetes mellitus due to underlying condition with hyperosmolarity with coma
E08.10,Diabetes mellitus due to underlying condition with ketoacidosis without coma
E08.11,Diabetes mellitus due to underlying condition with ketoacidosis with coma
E08.21,Diabetes mellitus due to underlying condition with diabetic nephropathy
E08.22,Diabetes mellitus due to underlying condition with diabetic chronic kidney disease
E08.29,Diabetes mellitus due to underlying condition with other diabetic kidney complication
E08.311,Diabetes mellitus due to underlying condition with unspecified diabetic retinopathy with macular edema
E08.319,Diabetes mellitus due to underlying condition with unspecified diabetic retinopathy without macular edema
E08.3211,"Diabetes mellitus due to underlying condition with mild nonproliferative diabetic retinopathy with macular edema, right eye"
E08.3212,"Diabetes mellitus due to underlying condition with mild nonproliferative diabetic retinopathy with macular edema, left eye"
E08.3213,"Diabetes mellitus due to underlying condition with mild nonproliferative diabetic retinopathy with macular edema, bilateral"
E08.3219,"Diabetes mellitus due to underlying condition with mild nonproliferative diabetic retinopathy with macular edema, unspecified eye"
E08.3291,"Diabetes mellitus due to underlying condition with mild nonproliferative diabetic retinopathy without macular edema, right eye"
E08.3292,"Diabetes mellitus due to underlying condition with mild nonproliferative diabetic retinopathy without macular edema, left eye"
E08.3293,"Diabetes mellitus due to underlying condition with mild nonproliferative diabetic retinopathy without macular edema, bilateral"
E08.3299,"Diabetes mellitus due to underlying condition with mild nonproliferative diabetic retinopathy without macular edema, unspecified eye"
E08.3311,"Diabetes mellitus due to underlying condition with moderate nonproliferative diabetic retinopathy with macular edema, right eye"
E08.3312,"Diabetes mellitus due to underlying condition with moderate nonproliferative diabetic retinopathy with macular edema, left eye"
E08.3313,"Diabetes mellitus due to underlying condition with moderate nonproliferative diabetic retinopathy with macular edema, bilateral"
E08.3319,"Diabetes mellitus due to underlying condition with moderate nonproliferative diabetic retinopathy with macular edema, unspecified eye"
E08.3391,"Diabetes mellitus due to underlying condition with moderate nonproliferative diabetic retinopathy without macular edema, right eye"
E08.3392,"Diabetes mellitus due to underlying condition with moderate nonproliferative diabetic retinopathy without macular edema, left eye"
E08.3393,"Diabetes mellitus due to underlying condition with moderate nonproliferative diabetic retinopathy without macular edema, bilateral"
E08.3399,"Diabetes mellitus due to underlying condition with moderate nonproliferative diabetic retinopathy without macular edema, unspecified eye"
E08.3411,"Diabetes mellitus due to underlying condition with severe nonproliferative diabetic retinopathy with macular edema, right eye"
E08.3412,"Diabetes mellitus due to underlying condition with severe nonproliferative diabetic retinopathy with macular edema, left eye"
E08.3413,"Diabetes mellitus due to underlying condition with severe nonproliferative diabetic retinopathy with macular edema, bilateral"
E08.3419,"Diabetes mellitus due to underlying condition with severe nonproliferative diabetic retinopathy with macular edema, unspecified eye"
E08.3491,"Diabetes mellitus due to underlying condition with severe nonproliferative diabetic retinopathy without macular edema, right eye"
E08.3492,"Diabetes mellitus due to underlying condition with severe nonproliferative diabetic retinopathy without macular edema, left eye"
E08.3493,"Diabetes mellitus due to underlying condition with severe nonproliferative diabetic retinopathy without macular edema, bilateral"
E08.3499,"Diabetes mellitus due to underlying condition with severe nonproliferative diabetic retinopathy without macular edema, unspecified eye"
E08.3511,"Diabetes mellitus due to underlying condition with proliferative diabetic retinopathy with macular edema, right eye"
E08.3512,"Diabetes mellitus due to underlying condition with proliferative diabetic retinopathy with macular edema, left eye"
E08.3513,"Diabetes mellitus due to underlying condition with proliferative diabetic retinopathy with macular edema, bilateral"
E08.3519,"Diabetes mellitus due to underlying condition with proliferative diabetic retinopathy with macular edema, unspecified eye"
E08.3521,"Diabetes mellitus due to underlying condition with proliferative diabetic retinopathy with traction retinal detachment involving the macula, right eye"
E08.3522,"Diabetes mellitus due to underlying condition with proliferative diabetic retinopathy with traction retinal detachment involving the macula, left eye"
E08.3523,"Diabetes mellitus due to underlying condition with proliferative diabetic retinopathy with traction retinal detachment involving the macula, bilateral"
E08.3529,"Diabetes mellitus due to underlying condition with proliferative diabetic retinopathy with traction retinal detachment involving the macula, unspecified eye"
E08.3531,"Diabetes mellitus due to underlying condition with proliferative diabetic retinopathy with traction retinal detachment not involving the macula, right eye"
E08.3532,"Diabetes mellitus due to underlying condition with proliferative diabetic retinopathy with traction retinal detachment not involving the macula, left eye"
E08.3533,"Diabetes mellitus due to underlying condition with proliferative diabetic retinopathy with traction retinal detachment not involving the macula, bilateral"
E08.3539,"Diabetes mellitus due to underlying condition with proliferative diabetic retinopathy with traction retinal detachment not involving the macula, unspecified eye"
E08.3541,"Diabetes mellitus due to underlying condition with proliferative diabetic retinopathy with combined traction retinal detachment and rhegmatogenous retinal detachment, right eye"
E08.3542,"Diabetes mellitus due to underlying condition with proliferative diabetic retinopathy with combined traction retinal detachment and rhegmatogenous retinal detachment, left eye"
E08.3543,"Diabetes mellitus due to underlying condition with proliferative diabetic retinopathy with combined traction retinal detachment and rhegmatogenous retinal detachment, bilateral"
E08.3549,"Diabetes mellitus due to underlying condition with proliferative diabetic retinopathy with combined traction retinal detachment and rhegmatogenous retinal detachment, unspecified eye"
E08.3551,"Diabetes mellitus due to underlying condition with stable proliferative diabetic retinopathy, right eye"
E08.3552,"Diabetes mellitus due to underlying condition with stable proliferative diabetic retinopathy, left eye"
E08.3553,"Diabetes mellitus due to underlying condition with stable proliferative diabetic retinopathy, bilateral"
E08.3559,"Diabetes mellitus due to underlying condition with stable proliferative diabetic retinopathy, unspecified eye"
E08.3591,"Diabetes mellitus due to underlying condition with proliferative diabetic retinopathy without macular edema, right eye"
E08.3592,"Diabetes mellitus due to underlying condition with proliferative diabetic retinopathy without macular edema, left eye"
E08.3593,"Diabetes mellitus due to underlying condition with proliferative diabetic retinopathy without macular edema, bilateral"
E08.3599,"Diabetes mellitus due to underlying condition with proliferative diabetic retinopathy without macular edema, unspecified eye"
E08.36,Diabetes mellitus due to underlying condition with diabetic cataract
E08.37X1,"Diabetes mellitus due to underlying condition with diabetic macular edema, resolved following treatment, right eye"
E08.37X2,"Diabetes mellitus due to underlying condition with diabetic macular edema, resolved following treatment, left eye"
E08.37X3,"Diabetes mellitus due to underlying condition with diabetic macular edema, resolved following treatment, bilateral"
E08.37X9,"Diabetes mellitus due to underlying condition with diabetic macular edema, resolved following treatment, unspecified eye"
E08.39,Diabetes mellitus due to underlying condition with other diabetic ophthalmic complication
E08.40,"Diabetes mellitus due to underlying condition with diabetic neuropathy, unspecified"
E08.41,Diabetes mellitus due to underlying condition with diabetic mononeuropathy
E08.42,Diabetes mellitus due to underlying condition with diabetic polyneuropathy
E08.43,Diabetes mellitus due to underlying condition with diabetic autonomic (poly)neuropathy
E08.44,Diabetes mellitus due to underlying condition with diabetic amyotrophy
E08.49,Diabetes mellitus due to underlying condition with other diabetic neurological complication
E08.51,Diabetes mellitus due to underlying condition with diabetic peripheral angiopathy without gangrene
E08.52,Diabetes mellitus due to underlying condition with diabetic peripheral angiopathy with gangrene
E08.59,Diabetes mellitus due to underlying condition with other circulatory complications
E08.610,Diabetes mellitus due to underlying condition with diabetic neuropathic arthropathy
E08.618,Diabetes mellitus due to underlying condition with other diabetic arthropathy
E08.620,Diabetes mellitus due to underlying condition with diabetic dermatitis
E08.621,Diabetes mellitus due to underlying condition with foot ulcer
E08.622,Diabetes mellitus due to underlying condition with other skin ulcer
E08.628,Diabetes mellitus due to underlying condition with other skin complications
E08.630,Diabetes mellitus due to underlying condition with periodontal disease
E08.638,Diabetes mellitus due to underlying condition with other oral complications
E08.641,Diabetes mellitus due to underlying condition with hypoglycemia with coma
E08.649,Diabetes mellitus due to underlying condition with hypoglycemia without coma
E08.65,Diabetes mellitus due to underlying condition with hyperglycemia
E08.69,Diabetes mellitus due to underlying condition with other specified complication
E08.8,Diabetes mellitus due to underlying condition with unspecified complications
E08.9,Diabetes mellitus due to underlying condition without complications
E09.00,Drug or chemical induced diabetes mellitus with hyperosmolarity without nonketotic hyperglycemic-hyperosmolar coma (NKHHC)
E09.01,Drug or chemical induced diabetes mellitus with hyperosmolarity with coma
E09.10,Drug or chemical induced diabetes mellitus with ketoacidosis without coma
E09.11,Drug or chemical induced diabetes mellitus with ketoacidosis with coma
E09.21,Drug or chemical induced diabetes mellitus with diabetic nephropathy
E09.22,Drug or chemical induced diabetes mellitus with diabetic chronic kidney disease
E09.29,Drug or chemical induced diabetes mellitus with other diabetic kidney complication
E09.311,Drug or chemical induced diabetes mellitus with unspecified diabetic retinopathy with macular edema
E09.319,Drug or chemical induced diabetes mellitus with unspecified diabetic retinopathy without macular edema
E09.3211,"Drug or chemical induced diabetes mellitus with mild nonproliferative diabetic retinopathy with macular edema, right eye"
E09.3212,"Drug or chemical induced diabetes mellitus with mild nonproliferative diabetic retinopathy with macular edema, left eye"
E09.3213,"Drug or chemical induced diabetes mellitus with mild nonproliferative diabetic retinopathy with macular edema, bilateral"
E09.3219,"Drug or chemical induced diabetes mellitus with mild nonproliferative diabetic retinopathy with macular edema, unspecified eye"
E09.3291,"Drug or chemical induced diabetes mellitus with mild nonproliferative diabetic retinopathy without macular edema, right eye"
E09.3292,"Drug or chemical induced diabetes mellitus with mild nonproliferative diabetic retinopathy without macular edema, left eye"
E09.3293,"Drug or chemical induced diabetes mellitus with mild nonproliferative diabetic retinopathy without macular edema, bilateral"
E09.3299,"Drug or chemical induced diabetes mellitus with mild nonproliferative diabetic retinopathy without macular edema, unspecified eye"
E09.3311,"Drug or chemical induced diabetes mellitus with moderate nonproliferative diabetic retinopathy with macular edema, right eye"
E09.3312,"Drug or chemical induced diabetes mellitus with moderate nonproliferative diabetic retinopathy with macular edema, left eye"
E09.3313,"Drug or chemical induced diabetes mellitus with moderate nonproliferative diabetic retinopathy with macular edema, bilateral"
E09.3319,"Drug or chemical induced diabetes mellitus with moderate nonproliferative diabetic retinopathy with macular edema, unspecified eye"
E09.3391,"Drug or chemical induced diabetes mellitus with moderate nonproliferative diabetic retinopathy without macular edema, right eye"
E09.3392,"Drug or chemical induced diabetes mellitus with moderate nonproliferative diabetic retinopathy without macular edema, left eye"
E09.3393,"Drug or chemical induced diabetes mellitus with moderate nonproliferative diabetic retinopathy without macular edema, bilateral"
E09.3399,"Drug or chemical induced diabetes mellitus with moderate nonproliferative diabetic retinopathy without macular edema, unspecified eye"
E09.3411,"Drug or chemical induced diabetes mellitus with severe nonproliferative diabetic retinopathy with macular edema, right eye"
E09.3412,"Drug or chemical induced diabetes mellitus with severe nonproliferative diabetic retinopathy with macular edema, left eye"
E09.3413,"Drug or chemical induced diabetes mellitus with severe nonproliferative diabetic retinopathy with macular edema, bilateral"
E09.3419,"Drug or chemical induced diabetes mellitus with severe nonproliferative diabetic retinopathy with macular edema, unspecified eye"
E09.3491,"Drug or chemical induced diabetes mellitus with severe nonproliferative diabetic retinopathy without macular edema, right eye"
E09.3492,"Drug or chemical induced diabetes mellitus with severe nonproliferative diabetic retinopathy without macular edema, left eye"
E09.3493,"Drug or chemical induced diabetes mellitus with severe nonproliferative diabetic retinopathy without macular edema, bilateral"
E09.3499,"Drug or chemical induced diabetes mellitus with severe nonproliferative diabetic retinopathy without macular edema, unspecified eye"
E09.3511,"Drug or chemical induced diabetes mellitus with proliferative diabetic retinopathy with macular edema, right eye"
E09.3512,"Drug or chemical induced diabetes mellitus with proliferative diabetic retinopathy with macular edema, left eye"
E09.3513,"Drug or chemical induced diabetes mellitus with proliferative diabetic retinopathy with macular edema, bilateral"
E09.3519,"Drug or chemical induced diabetes mellitus with proliferative diabetic retinopathy with macular edema, unspecified eye"
E09.3521,"Drug or chemical induced diabetes mellitus with proliferative diabetic retinopathy with traction retinal detachment involving the macula, right eye"
E09.3522,"Drug or chemical induced diabetes mellitus with proliferative diabetic retinopathy with traction retinal detachment involving the macula, left eye"
E09.3523,"Drug or chemical induced diabetes mellitus with proliferative diabetic retinopathy with traction retinal detachment involving the macula, bilateral"
E09.3529,"Drug or chemical induced diabetes mellitus with proliferative diabetic retinopathy with traction retinal detachment involving the macula, unspecified eye"
E09.3531,"Drug or chemical induced diabetes mellitus with proliferative diabetic retinopathy with traction retinal detachment not involving the macula, right eye"
E09.3532,"Drug or chemical induced diabetes mellitus with proliferative diabetic retinopathy with traction retinal detachment not involving the macula, left eye"
E09.3533,"Drug or chemical induced diabetes mellitus with proliferative diabetic retinopathy with traction retinal detachment not involving the macula, bilateral"
E09.3539,"Drug or chemical induced diabetes mellitus with proliferative diabetic retinopathy with traction retinal detachment not involving the macula, unspecified eye"
E09.3541,"Drug or chemical induced diabetes mellitus with proliferative diabetic retinopathy with combined traction retinal detachment and rhegmatogenous retinal detachment, right eye"
E09.3542,"Drug or chemical induced diabetes mellitus with proliferative diabetic retinopathy with combined traction retinal detachment and rhegmatogenous retinal detachment, left eye"
E09.3543,"Drug or chemical induced diabetes mellitus with proliferative diabetic retinopathy with combined traction retinal detachment and rhegmatogenous retinal detachment, bilateral"
E09.3549,"Drug or chemical induced diabetes mellitus with proliferative diabetic retinopathy with combined traction retinal detachment and rhegmatogenous retinal detachment, unspecified eye"
E09.3551,"Drug or chemical induced diabetes mellitus with stable proliferative diabetic retinopathy, right eye"
E09.3552,"Drug or chemical induced diabetes mellitus with stable proliferative diabetic retinopathy, left eye"
E09.3553,"Drug or chemical induced diabetes mellitus with stable proliferative diabetic retinopathy, bilateral"
E09.3559,"Drug or chemical induced diabetes mellitus with stable proliferative diabetic retinopathy, unspecified eye"
E09.3591,"Drug or chemical induced diabetes mellitus with proliferative diabetic retinopathy without macular edema, right eye"
E09.3592,"Drug or chemical induced diabetes mellitus with proliferative diabetic retinopathy without macular edema, left eye"
E09.3593,"Drug or chemical induced diabetes mellitus with proliferative diabetic retinopathy without macular edema, bilateral"
E09.3599,"Drug or chemical induced diabetes mellitus with proliferative diabetic retinopathy without macular edema, unspecified eye"
E09.36,Drug or chemical induced diabetes mellitus with diabetic cataract
E09.37X1,"Drug or chemical induced diabetes mellitus with diabetic macular edema, resolved following treatment, right eye"
E09.37X2,"Drug or chemical induced diabetes mellitus with diabetic macular edema, resolved following treatment, left eye"
E09.37X3,"Drug or chemical induced diabetes mellitus with diabetic macular edema, resolved following treatment, bilateral"
E09.37X9,"Drug or chemical induced diabetes mellitus with diabetic macular edema, resolved following treatment, unspecified eye"
E09.39,Drug or chemical induced diabetes mellitus with other diabetic ophthalmic complication
E09.40,"Drug or chemical induced diabetes mellitus with neurological complications with diabetic neuropathy, unspecified"
E09.41,Drug or chemical induced diabetes mellitus with neurological complications with diabetic mononeuropathy
E09.42,Drug or chemical induced diabetes mellitus with neurological complications with diabetic polyneuropathy
E09.43,Drug or chemical induced diabetes mellitus with neurological complications with diabetic autonomic (poly)neuropathy
E09.44,Drug or chemical induced diabetes mellitus with neurological complications with diabetic amyotrophy
E09.49,Drug or chemical induced diabetes mellitus with neurological complications with other diabetic neurological complication
E09.51,Drug or chemical induced diabetes mellitus with diabetic peripheral angiopathy without gangrene
E09.52,Drug or chemical induced diabetes mellitus with diabetic peripheral angiopathy with gangrene
E09.59,Drug or chemical induced diabetes mellitus with other circulatory complications
E09.610,Drug or chemical induced diabetes mellitus with diabetic neuropathic arthropathy
E09.618,Drug or chemical induced diabetes mellitus with other diabetic arthropathy
E09.620,Drug or chemical induced diabetes mellitus with diabetic dermatitis
E09.621,Drug or chemical induced diabetes mellitus with foot ulcer
E09.622,Drug or chemical induced diabetes mellitus with other skin ulcer
E09.628,Drug or chemical induced diabetes mellitus with other skin complications
E09.630,Drug or chemical induced diabetes mellitus with periodontal disease
E09.638,Drug or chemical induced diabetes mellitus with other oral complications
E09.641,Drug or chemical induced diabetes mellitus with hypoglycemia with coma
E09.649,Drug or chemical induced diabetes mellitus with hypoglycemia without coma
E09.65,Drug or chemical induced diabetes mellitus with hyperglycemia
E09.69,Drug or chemical induced diabetes mellitus with other specified complication
E09.8,Drug or chemical induced diabetes mellitus with unspecified complications
E09.9,Drug or chemical induced diabetes mellitus without complications
E10.10,Type 1 diabetes mellitus with ketoacidosis without coma
E10.11,Type 1 diabetes mellitus with ketoacidosis with coma
E10.21,Type 1 diabetes mellitus with diabetic nephropathy
E10.22,Type 1 diabetes mellitus with diabetic chronic kidney disease
E10.29,Type 1 diabetes mellitus with other diabetic kidney complication
E10.311,Type 1 diabetes mellitus with unspecified diabetic retinopathy with macular edema
E10.319,Type 1 diabetes mellitus with unspecified diabetic retinopathy without macular edema
E10.3211,"Type 1 diabetes mellitus with mild nonproliferative diabetic retinopathy with macular edema, right eye"
E10.3212,"Type 1 diabetes mellitus with mild nonproliferative diabetic retinopathy with macular edema, left eye"
E10.3213,"Type 1 diabetes mellitus with mild nonproliferative diabetic retinopathy with macular edema, bilateral"
E10.3219,"Type 1 diabetes mellitus with mild nonproliferative diabetic retinopathy with macular edema, unspecified eye"
E10.3291,"Type 1 diabetes mellitus with mild nonproliferative diabetic retinopathy without macular edema, right eye"
E10.3292,"Type 1 diabetes mellitus with mild nonproliferative diabetic retinopathy without macular edema, left eye"
E10.3293,"Type 1 diabetes mellitus with mild nonproliferative diabetic retinopathy without macular edema, bilateral"
E10.3299,"Type 1 diabetes mellitus with mild nonproliferative diabetic retinopathy without macular edema, unspecified eye"
E10.3311,"Type 1 diabetes mellitus with moderate nonproliferative diabetic retinopathy with macular edema, right eye"
E10.3312,"Type 1 diabetes mellitus with moderate nonproliferative diabetic retinopathy with macular edema, left eye"
E10.3313,"Type 1 diabetes mellitus with moderate nonproliferative diabetic retinopathy with macular edema, bilateral"
E10.3319,"Type 1 diabetes mellitus with moderate nonproliferative diabetic retinopathy with macular edema, unspecified eye"
E10.3391,"Type 1 diabetes mellitus with moderate nonproliferative diabetic retinopathy without macular edema, right eye"
E10.3392,"Type 1 diabetes mellitus with moderate nonproliferative diabetic retinopathy without macular edema, left eye"
E10.3393,"Type 1 diabetes mellitus with moderate nonproliferative diabetic retinopathy without macular edema, bilateral"
E10.3399,"Type 1 diabetes mellitus with moderate nonproliferative diabetic retinopathy without macular edema, unspecified eye"
E10.3411,"Type 1 diabetes mellitus with severe nonproliferative diabetic retinopathy with macular edema, right eye"
E10.3412,"Type 1 diabetes mellitus with severe nonproliferative diabetic retinopathy with macular edema, left eye"
E10.3413,"Type 1 diabetes mellitus with severe nonproliferative diabetic retinopathy with macular edema, bilateral"
E10.3419,"Type 1 diabetes mellitus with severe nonproliferative diabetic retinopathy with macular edema, unspecified eye"
E10.3491,"Type 1 diabetes mellitus with severe nonproliferative diabetic retinopathy without macular edema, right eye"
E10.3492,"Type 1 diabetes mellitus with severe nonproliferative diabetic retinopathy without macular edema, left eye"
E10.3493,"Type 1 diabetes mellitus with severe nonproliferative diabetic retinopathy without macular edema, bilateral"
E10.3499,"Type 1 diabetes mellitus with severe nonproliferative diabetic retinopathy without macular edema, unspecified eye"
E10.3511,"Type 1 diabetes mellitus with proliferative diabetic retinopathy with macular edema, right eye"
E10.3512,"Type 1 diabetes mellitus with proliferative diabetic retinopathy with macular edema, left eye"
E10.3513,"Type 1 diabetes mellitus with proliferative diabetic retinopathy with macular edema, bilateral"
E10.3519,"Type 1 diabetes mellitus with proliferative diabetic retinopathy with macular edema, unspecified eye"
E10.3521,"Type 1 diabetes mellitus with proliferative diabetic retinopathy with traction retinal detachment involving the macula, right eye"
E10.3522,"Type 1 diabetes mellitus with proliferative diabetic retinopathy with traction retinal detachment involving the macula, left eye"
E10.3523,"Type 1 diabetes mellitus with proliferative diabetic retinopathy with traction retinal detachment involving the macula, bilateral"
E10.3529,"Type 1 diabetes mellitus with proliferative diabetic retinopathy with traction retinal detachment involving the macula, unspecified eye"
E10.3531,"Type 1 diabetes mellitus with proliferative diabetic retinopathy with traction retinal detachment not involving the macula, right eye"
E10.3532,"Type 1 diabetes mellitus with proliferative diabetic retinopathy with traction retinal detachment not involving the macula, left eye"
E10.3533,"Type 1 diabetes mellitus with proliferative diabetic retinopathy with traction retinal detachment not involving the macula, bilateral"
E10.3539,"Type 1 diabetes mellitus with proliferative diabetic retinopathy with traction retinal detachment not involving the macula, unspecified eye"
E10.3541,"Type 1 diabetes mellitus with proliferative diabetic retinopathy with combined traction retinal detachment and rhegmatogenous retinal detachment, right eye"
E10.3542,"Type 1 diabetes mellitus with proliferative diabetic retinopathy with combined traction retinal detachment and rhegmatogenous retinal detachment, left eye"
E10.3543,"Type 1 diabetes mellitus with proliferative diabetic retinopathy with combined traction retinal detachment and rhegmatogenous retinal detachment, bilateral"
E10.3549,"Type 1 diabetes mellitus with proliferative diabetic retinopathy with combined traction retinal detachment and rhegmatogenous retinal detachment, unspecified eye"
E10.3551,"Type 1 diabetes mellitus with stable proliferative diabetic retinopathy, right eye"
E10.3552,"Type 1 diabetes mellitus with stable proliferative diabetic retinopathy, left eye"
E10.3553,"Type 1 diabetes mellitus with stable proliferative diabetic retinopathy, bilateral"
E10.3559,"Type 1 diabetes mellitus with stable proliferative diabetic retinopathy, unspecified eye"
E10.3591,"Type 1 diabetes mellitus with proliferative diabetic retinopathy without macular edema, right eye"
E10.3592,"Type 1 diabetes mellitus with proliferative diabetic retinopathy without macular edema, left eye"
E10.3593,"Type 1 diabetes mellitus with proliferative diabetic retinopathy without macular edema, bilateral"
E10.3599,"Type 1 diabetes mellitus with proliferative diabetic retinopathy without macular edema, unspecified eye"
E10.36,Type 1 diabetes mellitus with diabetic cataract
E10.37X1,"Type 1 diabetes mellitus with diabetic macular edema, resolved following treatment, right eye"
E10.37X2,"Type 1 diabetes mellitus with diabetic macular edema, resolved following treatment, left eye"
E10.37X3,"Type 1 diabetes mellitus with diabetic macular edema, resolved following treatment, bilateral"
E10.37X9,"Type 1 diabetes mellitus with diabetic macular edema, resolved following treatment, unspecified eye"
E10.39,Type 1 diabetes mellitus with other diabetic ophthalmic complication
E10.40,"Type 1 diabetes mellitus with diabetic neuropathy, unspecified"
E10.41,Type 1 diabetes mellitus with diabetic mononeuropathy
E10.42,Type 1 diabetes mellitus with diabetic polyneuropathy
E10.43,Type 1 diabetes mellitus with diabetic autonomic (poly)neuropathy
E10.44,Type 1 diabetes mellitus with diabetic amyotrophy
E10.49,Type 1 diabetes mellitus with other diabetic neurological complication
E10.51,Type 1 diabetes mellitus with diabetic peripheral angiopathy without gangrene
E10.52,Type 1 diabetes mellitus with diabetic peripheral angiopathy with gangrene
E10.59,Type 1 diabetes mellitus with other circulatory complications
E10.610,Type 1 diabetes mellitus with diabetic neuropathic arthropathy
E10.618,Type 1 diabetes mellitus with other diabetic arthropathy
E10.620,Type 1 diabetes mellitus with diabetic dermatitis
E10.621,Type 1 diabetes mellitus with foot ulcer
E10.622,Type 1 diabetes mellitus with other skin ulcer
E10.628,Type 1 diabetes mellitus with other skin complications
E10.630,Type 1 diabetes mellitus with periodontal disease
E10.638,Type 1 diabetes mellitus with other oral complications
E10.641,Type 1 diabetes mellitus with hypoglycemia with coma
E10.649,Type 1 diabetes mellitus with hypoglycemia without coma
E10.65,Type 1 diabetes mellitus with hyperglycemia
E10.69,Type 1 diabetes mellitus with other specified complication
E10.8,Type 1 diabetes mellitus with unspecified complications
E10.9,Type 1 diabetes mellitus without complications
E10.A0,"Type 1 diabetes mellitus, presymptomatic, unspecified"
E10.A1,"Type 1 diabetes mellitus, presymptomatic, Stage 1"
E10.A2,"Type 1 diabetes mellitus, presymptomatic, Stage 2"
E11.00,Type 2 diabetes mellitus with hyperosmolarity without nonketotic hyperglycemic-hyperosmolar coma (NKHHC)
E11.01,Type 2 diabetes mellitus with hyperosmolarity with coma
E11.10,Type 2 diabetes mellitus with ketoacidosis without coma
E11.11,Type 2 diabetes mellitus with ketoacidosis with coma
E11.21,Type 2 diabetes mellitus with diabetic nephropathy
E11.22,Type 2 diabetes mellitus with diabetic chronic kidney disease
E11.29,Type 2 diabetes mellitus with other diabetic kidney complication
E11.311,Type 2 diabetes mellitus with unspecified diabetic retinopathy with macular edema
E11.319,Type 2 diabetes mellitus with unspecified diabetic retinopathy without macular edema
E11.3211,"Type 2 diabetes mellitus with mild nonproliferative diabetic retinopathy with macular edema, right eye"
E11.3212,"Type 2 diabetes mellitus with mild nonproliferative diabetic retinopathy with macular edema, left eye"
E11.3213,"Type 2 diabetes mellitus with mild nonproliferative diabetic retinopathy with macular edema, bilateral"
E11.3219,"Type 2 diabetes mellitus with mild nonproliferative diabetic retinopathy with macular edema, unspecified eye"
E11.3291,"Type 2 diabetes mellitus with mild nonproliferative diabetic retinopathy without macular edema, right eye"
E11.3292,"Type 2 diabetes mellitus with mild nonproliferative diabetic retinopathy without macular edema, left eye"
E11.3293,"Type 2 diabetes mellitus with mild nonproliferative diabetic retinopathy without macular edema, bilateral"
E11.3299,"Type 2 diabetes mellitus with mild nonproliferative diabetic retinopathy without macular edema, unspecified eye"
E11.3311,"Type 2 diabetes mellitus with moderate nonproliferative diabetic retinopathy with macular edema, right eye"
E11.3312,"Type 2 diabetes mellitus with moderate nonproliferative diabetic retinopathy with macular edema, left eye"
E11.3313,"Type 2 diabetes mellitus with moderate nonproliferative diabetic retinopathy with macular edema, bilateral"
E11.3319,"Type 2 diabetes mellitus with moderate nonproliferative diabetic retinopathy with macular edema, unspecified eye"
E11.3391,"Type 2 diabetes mellitus with moderate nonproliferative diabetic retinopathy without macular edema, right eye"
E11.3392,"Type 2 diabetes mellitus with moderate nonproliferative diabetic retinopathy without macular edema, left eye"
E11.3393,"Type 2 diabetes mellitus with moderate nonproliferative diabetic retinopathy without macular edema, bilateral"
E11.3399,"Type 2 diabetes mellitus with moderate nonproliferative diabetic retinopathy without macular edema, unspecified eye"
E11.3411,"Type 2 diabetes mellitus with severe nonproliferative diabetic retinopathy with macular edema, right eye"
E11.3412,"Type 2 diabetes mellitus with severe nonproliferative diabetic retinopathy with macular edema, left eye"
E11.3413,"Type 2 diabetes mellitus with severe nonproliferative diabetic retinopathy with macular edema, bilateral"
E11.3419,"Type 2 diabetes mellitus with severe nonproliferative diabetic retinopathy with macular edema, unspecified eye"
E11.3491,"Type 2 diabetes mellitus with severe nonproliferative diabetic retinopathy without macular edema, right eye"
E11.3492,"Type 2 diabetes mellitus with severe nonproliferative diabetic retinopathy without macular edema, left eye"
E11.3493,"Type 2 diabetes mellitus with severe nonproliferative diabetic retinopathy without macular edema, bilateral"
E11.3499,"Type 2 diabetes mellitus with severe nonproliferative diabetic retinopathy without macular edema, unspecified eye"
E11.3511,"Type 2 diabetes mellitus with proliferative diabetic retinopathy with macular edema, right eye"
E11.3512,"Type 2 diabetes mellitus with proliferative diabetic retinopathy with macular edema, left eye"
E11.3513,"Type 2 diabetes mellitus with proliferative diabetic retinopathy with macular edema, bilateral"
E11.3519,"Type 2 diabetes mellitus with proliferative diabetic retinopathy with macular edema, unspecified eye"
E11.3521,"Type 2 diabetes mellitus with proliferative diabetic retinopathy with traction retinal detachment involving the macula, right eye"
E11.3522,"Type 2 diabetes mellitus with proliferative diabetic retinopathy with traction retinal detachment involving the macula, left eye"
E11.3523,"Type 2 diabetes mellitus with proliferative diabetic retinopathy with traction retinal detachment involving the macula, bilateral"
E11.3529,"Type 2 diabetes mellitus with proliferative diabetic retinopathy with traction retinal detachment involving the macula, unspecified eye"
E11.3531,"Type 2 diabetes mellitus with proliferative diabetic retinopathy with traction retinal detachment not involving the macula, right eye"
E11.3532,"Type 2 diabetes mellitus with proliferative diabetic retinopathy with traction retinal detachment not involving the macula, left eye"
E11.3533,"Type 2 diabetes mellitus with proliferative diabetic retinopathy with traction retinal detachment not involving the macula, bilateral"
E11.3539,"Type 2 diabetes mellitus with proliferative diabetic retinopathy with traction retinal detachment not involving the macula, unspecified eye"
E11.3541,"Type 2 diabetes mellitus with proliferative diabetic retinopathy with combined traction retinal detachment and rhegmatogenous retinal detachment, right eye"
E11.3542,"Type 2 diabetes mellitus with proliferative diabetic retinopathy with combined traction retinal detachment and rhegmatogenous retinal detachment, left eye"
E11.3543,"Type 2 diabetes mellitus with proliferative diabetic retinopathy with combined traction retinal detachment and rhegmatogenous retinal detachment, bilateral"
E11.3549,"Type 2 diabetes mellitus with proliferative diabetic retinopathy with combined traction retinal detachment and rhegmatogenous retinal detachment, unspecified eye"
E11.3551,"Type 2 diabetes mellitus with stable proliferative diabetic retinopathy, right eye"
E11.3552,"Type 2 diabetes mellitus with stable proliferative diabetic retinopathy, left eye"
E11.3553,"Type 2 diabetes mellitus with stable proliferative diabetic retinopathy, bilateral"
E11.3559,"Type 2 diabetes mellitus with stable proliferative diabetic retinopathy, unspecified eye"
E11.3591,"Type 2 diabetes mellitus with proliferative diabetic retinopathy without macular edema, right eye"
E11.3592,"Type 2 diabetes mellitus with proliferative diabetic retinopathy without macular edema, left eye"
E11.3593,"Type 2 diabetes mellitus with proliferative diabetic retinopathy without macular edema, bilateral"
E11.3599,"Type 2 diabetes mellitus with proliferative diabetic retinopathy without macular edema, unspecified eye"
E11.36,Type 2 diabetes mellitus with diabetic cataract
E11.37X1,"Type 2 diabetes mellitus with diabetic macular edema, resolved following treatment, right eye"
E11.37X2,"Type 2 diabetes mellitus with diabetic macular edema, resolved following treatment, left eye"
E11.37X3,"Type 2 diabetes mellitus with diabetic macular edema, resolved following treatment, bilateral"
E11.37X9,"Type 2 diabetes mellitus with diabetic macular edema, resolved following treatment, unspecified eye"
E11.39,Type 2 diabetes mellitus with other diabetic ophthalmic complication
E11.40,"Type 2 diabetes mellitus with diabetic neuropathy, unspecified"
E11.41,Type 2 diabetes mellitus with diabetic mononeuropathy
E11.42,Type 2 diabetes mellitus with diabetic polyneuropathy
E11.43,Type 2 diabetes mellitus with diabetic autonomic (poly)neuropathy
E11.44,Type 2 diabetes mellitus with diabetic amyotrophy
E11.49,Type 2 diabetes mellitus with other diabetic neurological complication
E11.51,Type 2 diabetes mellitus with diabetic peripheral angiopathy without gangrene
E11.52,Type 2 diabetes mellitus with diabetic peripheral angiopathy with gangrene
E11.59,Type 2 diabetes mellitus with other circulatory complications
E11.610,Type 2 diabetes mellitus with diabetic neuropathic arthropathy
E11.618,Type 2 diabetes mellitus with other diabetic arthropathy
E11.620,Type 2 diabetes mellitus with diabetic dermatitis
E11.621,Type 2 diabetes mellitus with foot ulcer
E11.622,Type 2 diabetes mellitus with other skin ulcer
E11.628,Type 2 diabetes mellitus with other skin complications
E11.630,Type 2 diabetes mellitus with periodontal disease
E11.638,Type 2 diabetes mellitus with other oral complications
E11.641,Type 2 diabetes mellitus with hypoglycemia with coma
E11.649,Type 2 diabetes mellitus with hypoglycemia without coma
E11.65,Type 2 diabetes mellitus with hyperglycemia
E11.69,Type 2 diabetes mellitus with other specified complication
E11.8,Type 2 diabetes mellitus with unspecified complications
E11.9,Type 2 diabetes mellitus without complications
E11.A,Type 2 diabetes mellitus without complications in remission
E13.00,Other specified diabetes mellitus with hyperosmolarity without nonketotic hyperglycemic-hyperosmolar coma (NKHHC)
E13.01,Other specified diabetes mellitus with hyperosmolarity with coma
E13.10,Other specified diabetes mellitus with ketoacidosis without coma
E13.11,Other specified diabetes mellitus with ketoacidosis with coma
E13.21,Other specified diabetes mellitus with diabetic nephropathy
E13.22,Other specified diabetes mellitus with diabetic chronic kidney disease
E13.29,Other specified diabetes mellitus with other diabetic kidney complication
E13.311,Other specified diabetes mellitus with unspecified diabetic retinopathy with macular edema
E13.319,Other specified diabetes mellitus with unspecified diabetic retinopathy without macular edema
E13.3211,"Other specified diabetes mellitus with mild nonproliferative diabetic retinopathy with macular edema, right eye"
E13.3212,"Other specified diabetes mellitus with mild nonproliferative diabetic retinopathy with macular edema, left eye"
E13.3213,"Other specified diabetes mellitus with mild nonproliferative diabetic retinopathy with macular edema, bilateral"
E13.3219,"Other specified diabetes mellitus with mild nonproliferative diabetic retinopathy with macular edema, unspecified eye"
E13.3291,"Other specified diabetes mellitus with mild nonproliferative diabetic retinopathy without macular edema, right eye"
E13.3292,"Other specified diabetes mellitus with mild nonproliferative diabetic retinopathy without macular edema, left eye"
E13.3293,"Other specified diabetes mellitus with mild nonproliferative diabetic retinopathy without macular edema, bilateral"
E13.3299,"Other specified diabetes mellitus with mild nonproliferative diabetic retinopathy without macular edema, unspecified eye"
E13.3311,"Other specified diabetes mellitus with moderate nonproliferative diabetic retinopathy with macular edema, right eye"
E13.3312,"Other specified diabetes mellitus with moderate nonproliferative diabetic retinopathy with macular edema, left eye"
E13.3313,"Other specified diabetes mellitus with moderate nonproliferative diabetic retinopathy with macular edema, bilateral"
E13.3319,"Other specified diabetes mellitus with moderate nonproliferative diabetic retinopathy with macular edema, unspecified eye"
E13.3391,"Other specified diabetes mellitus with moderate nonproliferative diabetic retinopathy without macular edema, right eye"
E13.3392,"Other specified diabetes mellitus with moderate nonproliferative diabetic retinopathy without macular edema, left eye"
E13.3393,"Other specified diabetes mellitus with moderate nonproliferative diabetic retinopathy without macular edema, bilateral"
E13.3399,"Other specified diabetes mellitus with moderate nonproliferative diabetic retinopathy without macular edema, unspecified eye"
E13.3411,"Other specified diabetes mellitus with severe nonproliferative diabetic retinopathy with macular edema, right eye"
E13.3412,"Other specified diabetes mellitus with severe nonproliferative diabetic retinopathy with macular edema, left eye"
E13.3413,"Other specified diabetes mellitus with severe nonproliferative diabetic retinopathy with macular edema, bilateral"
E13.3419,"Other specified diabetes mellitus with severe nonproliferative diabetic retinopathy with macular edema, unspecified eye"
E13.3491,"Other specified diabetes mellitus with severe nonproliferative diabetic retinopathy without macular edema, right eye"
E13.3492,"Other specified diabetes mellitus with severe nonproliferative diabetic retinopathy without macular edema, left eye"
E13.3493,"Other specified diabetes mellitus with severe nonproliferative diabetic retinopathy without macular edema, bilateral"
E13.3499,"Other specified diabetes mellitus with severe nonproliferative diabetic retinopathy without macular edema, unspecified eye"
E13.3511,"Other specified diabetes mellitus with proliferative diabetic retinopathy with macular edema, right eye"
E13.3512,"Other specified diabetes mellitus with proliferative diabetic retinopathy with macular edema, left eye"
E13.3513,"Other specified diabetes mellitus with proliferative diabetic retinopathy with macular edema, bilateral"
E13.3519,"Other specified diabetes mellitus with proliferative diabetic retinopathy with macular edema, unspecified eye"
E13.3521,"Other specified diabetes mellitus with proliferative diabetic retinopathy with traction retinal detachment involving the macula, right eye"
E13.3522,"Other specified diabetes mellitus with proliferative diabetic retinopathy with traction retinal detachment involving the macula, left eye"
E13.3523,"Other specified diabetes mellitus with proliferative diabetic retinopathy with traction retinal detachment involving the macula, bilateral"
E13.3529,"Other specified diabetes mellitus with proliferative diabetic retinopathy with traction retinal detachment involving the macula, unspecified eye"
E13.3531,"Other specified diabetes mellitus with proliferative diabetic retinopathy with traction retinal detachment not involving the macula, right eye"
E13.3532,"Other specified diabetes mellitus with proliferative diabetic retinopathy with traction retinal detachment not involving the macula, left eye"
E13.3533,"Other specified diabetes mellitus with proliferative diabetic retinopathy with traction retinal detachment not involving the macula, bilateral"
E13.3539,"Other specified diabetes mellitus with proliferative diabetic retinopathy with traction retinal detachment not involving the macula, unspecified eye"
E13.3541,"Other specified diabetes mellitus with proliferative diabetic retinopathy with combined traction retinal detachment and rhegmatogenous retinal detachment, right eye"
E13.3542,"Other specified diabetes mellitus with proliferative diabetic retinopathy with combined traction retinal detachment and rhegmatogenous retinal detachment, left eye"
E13.3543,"Other specified diabetes mellitus with proliferative diabetic retinopathy with combined traction retinal detachment and rhegmatogenous retinal detachment, bilateral"
E13.3549,"Other specified diabetes mellitus with proliferative diabetic retinopathy with combined traction retinal detachment and rhegmatogenous retinal detachment, unspecified eye"
E13.3551,"Other specified diabetes mellitus with stable proliferative diabetic retinopathy, right eye"
E13.3552,"Other specified diabetes mellitus with stable proliferative diabetic retinopathy, left eye"
E13.3553,"Other specified diabetes mellitus with stable proliferative diabetic retinopathy, bilateral"
E13.3559,"Other specified diabetes mellitus with stable proliferative diabetic retinopathy, unspecified eye"
E13.3591,"Other specified diabetes mellitus with proliferative diabetic retinopathy without macular edema, right eye"
E13.3592,"Other specified diabetes mellitus with proliferative diabetic retinopathy without macular edema, left eye"
E13.3593,"Other specified diabetes mellitus with proliferative diabetic retinopathy without macular edema, bilateral"
E13.3599,"Other specified diabetes mellitus with proliferative diabetic retinopathy without macular edema, unspecified eye"
E13.36,Other specified diabetes mellitus with diabetic cataract
E13.37X1,"Other specified diabetes mellitus with diabetic macular edema, resolved following treatment, right eye"
E13.37X2,"Other specified diabetes mellitus with diabetic macular edema, resolved following treatment, left eye"
E13.37X3,"Other specified diabetes mellitus with diabetic macular edema, resolved following treatment, bilateral"
E13.37X9,"Other specified diabetes mellitus with diabetic macular edema, resolved following treatment, unspecified eye"
E13.39,Other specified diabetes mellitus with other diabetic ophthalmic complication
E13.40,"Other specified diabetes mellitus with diabetic neuropathy, unspecified"
E13.41,Other specified diabetes mellitus with diabetic mononeuropathy
E13.42,Other specified diabetes mellitus with diabetic polyneuropathy
E13.43,Other specified diabetes mellitus with diabetic autonomic (poly)neuropathy
E13.44,Other specified diabetes mellitus with diabetic amyotrophy
E13.49,Other specified diabetes mellitus with other diabetic neurological complication
E13.51,Other specified diabetes mellitus with diabetic peripheral angiopathy without gangrene
E13.52,Other specified diabetes mellitus with diabetic peripheral angiopathy with gangrene
E13.59,Other specified diabetes mellitus with other circulatory complications
E13.610,Other specified diabetes mellitus with diabetic neuropathic arthropathy
E13.618,Other specified diabetes mellitus with other diabetic arthropathy
E13.620,Other specified diabetes mellitus with diabetic dermatitis
E13.621,Other specified diabetes mellitus with foot ulcer
E13.622,Other specified diabetes mellitus with other skin ulcer
E13.628,Other specified diabetes mellitus with other skin complications
E13.630,Other specified diabetes mellitus with periodontal disease
E13.638,Other specified diabetes mellitus with other oral complications
E13.641,Other specified diabetes mellitus with hypoglycemia with coma
E13.649,Other specified diabetes mellitus with hypoglycemia without coma
E13.65,Other specified diabetes mellitus with hyperglycemia
E13.69,Other specified diabetes mellitus with other specified complication
E13.8,Other specified diabetes mellitus with unspecified complications
E13.9,Other specified diabetes mellitus without complications
E15,Nondiabetic hypoglycemic coma
E16.0,Drug-induced hypoglycemia without coma
E16.1,Other hypoglycemia
E16.2,"Hypoglycemia, unspecified"
E16.3,Increased secretion of glucagon
E16.4,Increased secretion of gastrin
E16.8,Other specified disorders of pancreatic internal secretion
E16.9,"Disorder of pancreatic internal secretion, unspecified"
E16.A1,Hypoglycemia level 1
E16.A2,Hypoglycemia level 2
E16.A3,Hypoglycemia level 3
E20.0,Idiopathic hypoparathyroidism
E20.1,Pseudohypoparathyroidism
E20.810,Autosomal dominant hypocalcemia
E20.811,Secondary hypoparathyroidism in diseases classified elsewhere
E20.812,Autoimmune hypoparathyroidism
E20.818,Other specified hypoparathyroidism due to impaired parathyroid hormone secretion
E20.819,"Hypoparathyroidism due to impaired parathyroid hormone secretion, unspecified"
E20.89,Other specified hypoparathyroidism
E20.9,"Hypoparathyroidism, unspecified"
F01.50,"Vascular dementia, unspecified severity, without behavioral disturbance, psychotic disturbance, mood disturbance, and anxiety"
F01.511,"Vascular dementia, unspecified severity, with agitation"
F01.518,"Vascular dementia, unspecified severity, with other behavioral disturbance"
F01.52,"Vascular dementia, unspecified severity, with psychotic disturbance"
F01.53,"Vascular dementia, unspecified severity, with mood disturbance"
F01.54,"Vascular dementia, unspecified severity, with anxiety"
F01.A0,"Vascular dementia, mild, without behavioral disturbance, psychotic disturbance, mood disturbance, and anxiety"
F01.A11,"Vascular dementia, mild, with agitation"
F01.A18,"Vascular dementia, mild, with other behavioral disturbance"
F01.A2,"Vascular dementia, mild, with psychotic disturbance"
F01.A3,"Vascular dementia, mild, with mood disturbance"
F01.A4,"Vascular dementia, mild, with anxiety"
F01.B0,"Vascular dementia, moderate, without behavioral disturbance, psychotic disturbance, mood disturbance, and anxiety"
F01.B11,"Vascular dementia, moderate, with agitation"
F01.B18,"Vascular dementia, moderate, with other behavioral disturbance"
F01.B2,"Vascular dementia, moderate, with psychotic disturbance"
F01.B3,"Vascular dementia, moderate, with mood disturbance"
F01.B4,"Vascular dementia, moderate, with anxiety"
F01.C0,"Vascular dementia, severe, without behavioral disturbance, psychotic disturbance, mood disturbance, and anxiety"
F01.C11,"Vascular dementia, severe, with agitation"
F01.C18,"Vascular dementia, severe, with other behavioral disturbance"
F01.C2,"Vascular dementia, severe, with psychotic disturbance"
F01.C3,"Vascular dementia, severe, with mood disturbance"
F01.C4,"Vascular dementia, severe, with anxiety"
F02.80,"Dementia in other diseases classified elsewhere, unspecified severity, without behavioral disturbance, psychotic disturbance, mood disturbance, and anxiety"
F02.811,"Dementia in other diseases classified elsewhere, unspecified severity, with agitation"
F02.818,"Dementia in other diseases classified elsewhere, unspecified severity, with other behavioral disturbance"
F02.82,"Dementia in other diseases classified elsewhere, unspecified severity, with psychotic disturbance"
F02.83,"Dementia in other diseases classified elsewhere, unspecified severity, with mood disturbance"
F02.84,"Dementia in other diseases classified elsewhere, unspecified severity, with anxiety"
F02.A0,"Dementia in other diseases classified elsewhere, mild, without behavioral disturbance, psychotic disturbance, mood disturbance, and anxiety"
F02.A11,"Dementia in other diseases classified elsewhere, mild, with agitation"
F02.A18,"Dementia in other diseases classified elsewhere, mild, with other behavioral disturbance"
F02.A2,"Dementia in other diseases classified elsewhere, mild, with psychotic disturbance"
F02.A3,"Dementia in other diseases classified elsewhere, mild, with mood disturbance"
F02.A4,"Dementia in other diseases classified elsewhere, mild, with anxiety"
F02.B0,"Dementia in other diseases classified elsewhere, moderate, without behavioral disturbance, psychotic disturbance, mood disturbance, and anxiety"
F02.B11,"Dementia in other diseases classified elsewhere, moderate, with agitation"
F02.B18,"Dementia in other diseases classified elsewhere, moderate, with other behavioral disturbance"
F02.B2,"Dementia in other diseases classified elsewhere, moderate, with psychotic disturbance"
F02.B3,"Dementia in other diseases classified elsewhere, moderate, with mood disturbance"
F02.B4,"Dementia in other diseases classified elsewhere, moderate, with anxiety"
F02.C0,"Dementia in other diseases classified elsewhere, severe, without behavioral disturbance, psychotic disturbance, mood disturbance, and anxiety"
F02.C11,"Dementia in other diseases classified elsewhere, severe, with agitation"
F02.C18,"Dementia in other diseases classified elsewhere, severe, with other behavioral disturbance"
F02.C2,"Dementia in other diseases classified elsewhere, severe, with psychotic disturbance"
F02.C3,"Dementia in other diseases classified elsewhere, severe, with mood disturbance"
F02.C4,"Dementia in other diseases classified elsewhere, severe, with anxiety"
F03.90,"Unspecified dementia, unspecified severity, without behavioral disturbance, psychotic disturbance, mood disturbance, and anxiety"
F03.911,"Unspecified dementia, unspecified severity, with agitation"
F03.918,"Unspecified dementia, unspecified severity, with other behavioral disturbance"
F03.92,"Unspecified dementia, unspecified severity, with psychotic disturbance"
F03.93,"Unspecified dementia, unspecified severity, with mood disturbance"
F03.94,"Unspecified dementia, unspecified severity, with anxiety"
F03.A0,"Unspecified dementia, mild, without behavioral disturbance, psychotic disturbance, mood disturbance, and anxiety"
F03.A11,"Unspecified dementia, mild, with agitation"
F03.A18,"Unspecified dementia, mild, with other behavioral disturbance"
F03.A2,"Unspecified dementia, mild, with psychotic disturbance"
F03.A3,"Unspecified dementia, mild, with mood disturbance"
F03.A4,"Unspecified dementia, mild, with anxiety"
F03.B0,"Unspecified dementia, moderate, without behavioral disturbance, psychotic disturbance, mood disturbance, and anxiety"
F03.B11,"Unspecified dementia, moderate, with agitation"
F03.B18,"Unspecified dementia, moderate, with other behavioral disturbance"
F03.B2,"Unspecified dementia, moderate, with psychotic disturbance"
F03.B3,"Unspecified dementia, moderate, with mood disturbance"
F03.B4,"Unspecified dementia, moderate, with anxiety"
F03.C0,"Unspecified dementia, severe, without behavioral disturbance, psychotic disturbance, mood disturbance, and anxiety"
F03.C11,"Unspecified dementia, severe, with agitation"
F03.C18,"Unspecified dementia, severe, with other behavioral disturbance"
F03.C2,"Unspecified dementia, severe, with psychotic disturbance"
F03.C3,"Unspecified dementia, severe, with mood disturbance"
F03.C4,"Unspecified dementia, severe, with anxiety"
F04,Amnestic disorder due to known physiological condition
F05,Delirium due to known physiological condition
F06.0,Psychotic disorder with hallucinations due to known physiological condition
F06.1,Catatonic disorder due to known physiological condition
F06.2,Psychotic disorder with delusions due to known physiological condition
F06.30,"Mood disorder due to known physiological condition, unspecified"
F06.31,Mood disorder due to known physiological condition with depressive features
F06.32,Mood disorder due to known physiological condition with major depressive-like episode
F06.33,Mood disorder due to known physiological condition with manic features
F06.34,Mood disorder due to known physiological condition with mixed features
F06.4,Anxiety disorder due to known physiological condition
F06.70,Mild neurocognitive disorder due to known physiological condition without behavioral disturbance
F06.71,Mild neurocognitive disorder due to known physiological condition with behavioral disturbance
F06.8,Other specified mental disorders due to known physiological condition
F07.0,Personality change due to known physiological condition
F07.81,Postconcussional syndrome
F07.89,Other personality and behavioral disorders due to known physiological condition
F07.9,Unspecified personality and behavioral disorder due to known physiological condition
F09,Unspecified mental disorder due to known physiological condition
F10.10,"Alcohol abuse, uncomplicated"
F10.11,"Alcohol abuse, in remission"
F10.120,"Alcohol abuse with intoxication, uncomplicated"
F10.121,Alcohol abuse with intoxication delirium
F10.129,"Alcohol abuse with intoxication, unspecified"
F10.130,"Alcohol abuse with withdrawal, uncomplicated"
F10.131,Alcohol abuse with withdrawal delirium
F10.132,Alcohol abuse with withdrawal with perceptual disturbance
F10.139,"Alcohol abuse with withdrawal, unspecified"
F10.14,Alcohol abuse with alcohol-induced mood disorder
F10.150,Alcohol abuse with alcohol-induced psychotic disorder with delusions
F10.151,Alcohol abuse with alcohol-induced psychotic disorder with hallucinations
F10.159,"Alcohol abuse with alcohol-induced psychotic disorder, unspecified"
F10.180,Alcohol abuse with alcohol-induced anxiety disorder
F10.181,Alcohol abuse with alcohol-induced sexual dysfunction
F10.182,Alcohol abuse with alcohol-induced sleep disorder
F10.188,Alcohol abuse with other alcohol-induced disorder
F10.19,Alcohol abuse with unspecified alcohol-induced disorder
F10.20,"Alcohol dependence, uncomplicated"
F10.21,"Alcohol dependence, in remission"
F10.220,"Alcohol dependence with intoxication, uncomplicated"
F10.221,Alcohol dependence with intoxication delirium
F10.229,"Alcohol dependence with intoxication, unspecified"
F10.230,"Alcohol dependence with withdrawal, uncomplicated"
F10.231,Alcohol dependence with withdrawal delirium
F10.232,Alcohol dependence with withdrawal with perceptual disturbance
F10.239,"Alcohol dependence with withdrawal, unspecified"
F10.24,Alcohol dependence with alcohol-induced mood disorder
F10.250,Alcohol dependence with alcohol-induced psychotic disorder with delusions
F10.251,Alcohol dependence with alcohol-induced psychotic disorder with hallucinations
F10.259,"Alcohol dependence with alcohol-induced psychotic disorder, unspecified"
F10.26,Alcohol dependence with alcohol-induced persisting amnestic disorder
F10.27,Alcohol dependence with alcohol-induced persisting dementia
F10.280,Alcohol dependence with alcohol-induced anxiety disorder
F10.281,Alcohol dependence with alcohol-induced sexual dysfunction
F10.282,Alcohol dependence with alcohol-induced sleep disorder
F10.288,Alcohol dependence with other alcohol-induced disorder
F10.29,Alcohol dependence with unspecified alcohol-induced disorder
F10.90,"Alcohol use, unspecified, uncomplicated"
F10.91,"Alcohol use, unspecified, in remission"
F10.920,"Alcohol use, unspecified with intoxication, uncomplicated"
F10.921,"Alcohol use, unspecified with intoxication delirium"
F10.929,"Alcohol use, unspecified with intoxication, unspecified"
F10.930,"Alcohol use, unspecified with withdrawal, uncomplicated"
F10.931,"Alcohol use, unspecified with withdrawal delirium"
F10.932,"Alcohol use, unspecified with withdrawal with perceptual disturbance"
F10.939,"Alcohol use, unspecified with withdrawal, unspecified"
F10.94,"Alcohol use, unspecified with alcohol-induced mood disorder"
F10.950,"Alcohol use, unspecified with alcohol-induced psychotic disorder with delusions"
F10.951,"Alcohol use, unspecified with alcohol-induced psychotic disorder with hallucinations"
F10.959,"Alcohol use, unspecified with alcohol-induced psychotic disorder, unspecified"
F10.96,"Alcohol use, unspecified with alcohol-induced persisting amnestic disorder"
F10.97,"Alcohol use, unspecified with alcohol-induced persisting dementia"
F10.980,"Alcohol use, unspecified with alcohol-induced anxiety disorder"
F10.981,"Alcohol use, unspecified with alcohol-induced sexual dysfunction"
F10.982,"Alcohol use, unspecified with alcohol-induced sleep disorder"
F10.988,"Alcohol use, unspecified with other alcohol-induced disorder"
F10.99,"Alcohol use, unspecified with unspecified alcohol-induced disorder"
F11.10,"Opioid abuse, uncomplicated"
F11.11,"Opioid abuse, in remission"
F11.120,"Opioid abuse with intoxication, uncomplicated"
F11.121,Opioid abuse with intoxication delirium
F11.122,Opioid abuse with intoxication with perceptual disturbance
F11.129,"Opioid abuse with intoxication, unspecified"
F11.13,Opioid abuse with withdrawal
F11.14,Opioid abuse with opioid-induced mood disorder
F11.150,Opioid abuse with opioid-induced psychotic disorder with delusions
F11.151,Opioid abuse with opioid-induced psychotic disorder with hallucinations
F11.159,"Opioid abuse with opioid-induced psychotic disorder, unspecified"
F11.181,Opioid abuse with opioid-induced sexual dysfunction
F11.182,Opioid abuse with opioid-induced sleep disorder
F11.188,Opioid abuse with other opioid-induced disorder
F11.19,Opioid abuse with unspecified opioid-induced disorder
F11.20,"Opioid dependence, uncomplicated"
F11.21,"Opioid dependence, in remission"
F11.220,"Opioid dependence with intoxication, uncomplicated"
F11.221,Opioid dependence with intoxication delirium
F11.222,Opioid dependence with intoxication with perceptual disturbance
F11.229,"Opioid dependence with intoxication, unspecified"
F11.23,Opioid dependence with withdrawal
F11.24,Opioid dependence with opioid-induced mood disorder
F11.250,Opioid dependence with opioid-induced psychotic disorder with delusions
F11.251,Opioid dependence with opioid-induced psychotic disorder with hallucinations
F11.259,"Opioid dependence with opioid-induced psychotic disorder, unspecified"
F11.281,Opioid dependence with opioid-induced sexual dysfunction
F11.282,Opioid dependence with opioid-induced sleep disorder
F11.288,Opioid dependence with other opioid-induced disorder
F11.29,Opioid dependence with unspecified opioid-induced disorder
F11.90,"Opioid use, unspecified, uncomplicated"
F11.91,"Opioid use, unspecified, in remission"
F11.920,"Opioid use, unspecified with intoxication, uncomplicated"
F11.921,"Opioid use, unspecified with intoxication delirium"
F11.922,"Opioid use, unspecified with intoxication with perceptual disturbance"
F11.929,"Opioid use, unspecified with intoxication, unspecified"
F11.93,"Opioid use, unspecified with withdrawal"
F11.94,"Opioid use, unspecified with opioid-induced mood disorder"
F11.950,"Opioid use, unspecified with opioid-induced psychotic disorder with delusions"
F11.951,"Opioid use, unspecified with opioid-induced psychotic disorder with hallucinations"
F11.959,"Opioid use, unspecified with opioid-induced psychotic disorder, unspecified"
F11.981,"Opioid use, unspecified with opioid-induced sexual dysfunction"
F11.982,"Opioid use, unspecified with opioid-induced sleep disorder"
F11.988,"Opioid use, unspecified with other opioid-induced disorder"
F11.99,"Opioid use, unspecified with unspecified opioid-induced disorder"
F12.10,"Cannabis abuse, uncomplicated"
F12.11,"Cannabis abuse, in remission"
F12.120,"Cannabis abuse with intoxication, uncomplicated"
F12.121,Cannabis abuse with intoxication delirium
F12.122,Cannabis abuse with intoxication with perceptual disturbance
F12.129,"Cannabis abuse with intoxication, unspecified"
F12.13,Cannabis abuse with withdrawal
F12.150,Cannabis abuse with psychotic disorder with delusions
F12.151,Cannabis abuse with psychotic disorder with hallucinations
F12.159,"Cannabis abuse with psychotic disorder, unspecified"
F12.180,Cannabis abuse with cannabis-induced anxiety disorder
F12.188,Cannabis abuse with other cannabis-induced disorder
F12.19,Cannabis abuse with unspecified cannabis-induced disorder
F12.20,"Cannabis dependence, uncomplicated"
F12.21,"Cannabis dependence, in remission"
F12.220,"Cannabis dependence with intoxication, uncomplicated"
F12.221,Cannabis dependence with intoxication delirium
F12.222,Cannabis dependence with intoxication with perceptual disturbance
F12.229,"Cannabis dependence with intoxication, unspecified"
F12.23,Cannabis dependence with withdrawal
F12.250,Cannabis dependence with psychotic disorder with delusions
F12.251,Cannabis dependence with psychotic disorder with hallucinations
F12.259,"Cannabis dependence with psychotic disorder, unspecified"
F12.280,Cannabis dependence with cannabis-induced anxiety disorder
F12.288,Cannabis dependence with other cannabis-induced disorder
F12.29,Cannabis dependence with unspecified cannabis-induced disorder
F12.90,"Cannabis use, unspecified, uncomplicated"
F12.91,"Cannabis use, unspecified, in remission"
F12.920,"Cannabis use, unspecified with intoxication, uncomplicated"
F12.921,"Cannabis use, unspecified with intoxication delirium"
F12.922,"Cannabis use, unspecified with intoxication with perceptual disturbance"
F12.929,"Cannabis use, unspecified with intoxication, unspecified"
F12.93,"Cannabis use, unspecified with withdrawal"
F12.950,"Cannabis use, unspecified with psychotic disorder with delusions"
F12.951,"Cannabis use, unspecified with psychotic disorder with hallucinations"
F12.959,"Cannabis use, unspecified with psychotic disorder, unspecified"
F12.980,"Cannabis use, unspecified with anxiety disorder"
F12.988,"Cannabis use, unspecified with other cannabis-induced disorder"
F12.99,"Cannabis use, unspecified with unspecified cannabis-induced disorder"
F13.10,"Sedative, hypnotic or anxiolytic abuse, uncomplicated"
F13.11,"Sedative, hypnotic or anxiolytic abuse, in remission"
F13.120,"Sedative, hypnotic or anxiolytic abuse with intoxication, uncomplicated"
F13.121,"Sedative, hypnotic or anxiolytic abuse with intoxication delirium"
F13.129,"Sedative, hypnotic or anxiolytic abuse with intoxication, unspecified"
F13.130,"Sedative, hypnotic or anxiolytic abuse with withdrawal, uncomplicated"
F13.131,"Sedative, hypnotic or anxiolytic abuse with withdrawal delirium"
F13.132,"Sedative, hypnotic or anxiolytic abuse with withdrawal with perceptual disturbance"
F13.139,"Sedative, hypnotic or anxiolytic abuse with withdrawal, unspecified"
F13.14,"Sedative, hypnotic or anxiolytic abuse with sedative, hypnotic or anxiolytic-induced mood disorder"
F13.150,"Sedative, hypnotic or anxiolytic abuse with sedative, hypnotic or anxiolytic-induced psychotic disorder with delusions"
F13.151,"Sedative, hypnotic or anxiolytic abuse with sedative, hypnotic or anxiolytic-induced psychotic disorder with hallucinations"
F13.159,"Sedative, hypnotic or anxiolytic abuse with sedative, hypnotic or anxiolytic-induced psychotic disorder, unspecified"
F13.180,"Sedative, hypnotic or anxiolytic abuse with sedative, hypnotic or anxiolytic-induced anxiety disorder"
F13.181,"Sedative, hypnotic or anxiolytic abuse with sedative, hypnotic or anxiolytic-induced sexual dysfunction"
F13.182,"Sedative, hypnotic or anxiolytic abuse with sedative, hypnotic or anxiolytic-induced sleep disorder"
F13.188,"Sedative, hypnotic or anxiolytic abuse with other sedative, hypnotic or anxiolytic-induced disorder"
F13.19,"Sedative, hypnotic or anxiolytic abuse with unspecified sedative, hypnotic or anxiolytic-induced disorder"
F13.20,"Sedative, hypnotic or anxiolytic dependence, uncomplicated"
F13.21,"Sedative, hypnotic or anxiolytic dependence, in remission"
F13.220,"Sedative, hypnotic or anxiolytic dependence with intoxication, uncomplicated"
F13.221,"Sedative, hypnotic or anxiolytic dependence with intoxication delirium"
F13.229,"Sedative, hypnotic or anxiolytic dependence with intoxication, unspecified"
F13.230,"Sedative, hypnotic or anxiolytic dependence with withdrawal, uncomplicated"
F13.231,"Sedative, hypnotic or anxiolytic dependence with withdrawal delirium"
F13.232,"Sedative, hypnotic or anxiolytic dependence with withdrawal with perceptual disturbance"
F13.239,"Sedative, hypnotic or anxiolytic dependence with withdrawal, unspecified"
F13.24,"Sedative, hypnotic or anxiolytic dependence with sedative, hypnotic or anxiolytic-induced mood disorder"
F13.250,"Sedative, hypnotic or anxiolytic dependence with sedative, hypnotic or anxiolytic-induced psychotic disorder with delusions"
F13.251,"Sedative, hypnotic or anxiolytic dependence with sedative, hypnotic or anxiolytic-induced psychotic disorder with hallucinations"
F13.259,"Sedative, hypnotic or anxiolytic dependence with sedative, hypnotic or anxiolytic-induced psychotic disorder, unspecified"
F13.26,"Sedative, hypnotic or anxiolytic dependence with sedative, hypnotic or anxiolytic-induced persisting amnestic disorder"
F13.27,"Sedative, hypnotic or anxiolytic dependence with sedative, hypnotic or anxiolytic-induced persisting dementia"
F13.280,"Sedative, hypnotic or anxiolytic dependence with sedative, hypnotic or anxiolytic-induced anxiety disorder"
F13.281,"Sedative, hypnotic or anxiolytic dependence with sedative, hypnotic or anxiolytic-induced sexual dysfunction"
F13.282,"Sedative, hypnotic or anxiolytic dependence with sedative, hypnotic or anxiolytic-induced sleep disorder"
F13.288,"Sedative, hypnotic or anxiolytic dependence with other sedative, hypnotic or anxiolytic-induced disorder"
F13.29,"Sedative, hypnotic or anxiolytic dependence with unspecified sedative, hypnotic or anxiolytic-induced disorder"
F13.90,"Sedative, hypnotic, or anxiolytic use, unspecified, uncomplicated"
F13.91,"Sedative, hypnotic or anxiolytic use, unspecified, in remission"
F13.920,"Sedative, hypnotic or anxiolytic use, unspecified with intoxication, uncomplicated"
F13.921,"Sedative, hypnotic or anxiolytic use, unspecified with intoxication delirium"
F13.929,"Sedative, hypnotic or anxiolytic use, unspecified with intoxication, unspecified"
F13.930,"Sedative, hypnotic or anxiolytic use, unspecified with withdrawal, uncomplicated"
F13.931,"Sedative, hypnotic or anxiolytic use, unspecified with withdrawal delirium"
F13.932,"Sedative, hypnotic or anxiolytic use, unspecified with withdrawal with perceptual disturbances"
F13.939,"Sedative, hypnotic or anxiolytic use, unspecified with withdrawal, unspecified"
F13.94,"Sedative, hypnotic or anxiolytic use, unspecified with sedative, hypnotic or anxiolytic-induced mood disorder"
F13.950,"Sedative, hypnotic or anxiolytic use, unspecified with sedative, hypnotic or anxiolytic-induced psychotic disorder with delusions"
F13.951,"Sedative, hypnotic or anxiolytic use, unspecified with sedative, hypnotic or anxiolytic-induced psychotic disorder with hallucinations"
F13.959,"Sedative, hypnotic or anxiolytic use, unspecified with sedative, hypnotic or anxiolytic-induced psychotic disorder, unspecified"
F13.96,"Sedative, hypnotic or anxiolytic use, unspecified with sedative, hypnotic or anxiolytic-induced persisting amnestic disorder"
F13.97,"Sedative, hypnotic or anxiolytic use, unspecified with sedative, hypnotic or anxiolytic-induced persisting dementia"
F13.980,"Sedative, hypnotic or anxiolytic use, unspecified with sedative, hypnotic or anxiolytic-induced anxiety disorder"
F13.981,"Sedative, hypnotic or anxiolytic use, unspecified with sedative, hypnotic or anxiolytic-induced sexual dysfunction"
F13.982,"Sedative, hypnotic or anxiolytic use, unspecified with sedative, hypnotic or anxiolytic-induced sleep disorder"
F13.988,"Sedative, hypnotic or anxiolytic use, unspecified with other sedative, hypnotic or anxiolytic-induced disorder"
F13.99,"Sedative, hypnotic or anxiolytic use, unspecified with unspecified sedative, hypnotic or anxiolytic-induced disorder"
F14.10,"Cocaine abuse, uncomplicated"
F14.11,"Cocaine abuse, in remission"
F14.120,"Cocaine abuse with intoxication, uncomplicated"
F14.121,Cocaine abuse with intoxication with delirium
F14.122,Cocaine abuse with intoxication with perceptual disturbance
F14.129,"Cocaine abuse with intoxication, unspecified"
F14.13,"Cocaine abuse, unspecified with withdrawal"
F14.14,Cocaine abuse with cocaine-induced mood disorder
F14.150,Cocaine abuse with cocaine-induced psychotic disorder with delusions
F14.151,Cocaine abuse with cocaine-induced psychotic disorder with hallucinations
F14.159,"Cocaine abuse with cocaine-induced psychotic disorder, unspecified"
F14.180,Cocaine abuse with cocaine-induced anxiety disorder
F14.181,Cocaine abuse with cocaine-induced sexual dysfunction
F14.182,Cocaine abuse with cocaine-induced sleep disorder
F14.188,Cocaine abuse with other cocaine-induced disorder
F14.19,Cocaine abuse with unspecified cocaine-induced disorder
F14.20,"Cocaine dependence, uncomplicated"
F14.21,"Cocaine dependence, in remission"
F14.220,"Cocaine dependence with intoxication, uncomplicated"
F14.221,Cocaine dependence with intoxication delirium
F14.222,Cocaine dependence with intoxication with perceptual disturbance
F14.229,"Cocaine dependence with intoxication, unspecified"
F14.23,Cocaine dependence with withdrawal
F14.24,Cocaine dependence with cocaine-induced mood disorder
F14.250,Cocaine dependence with cocaine-induced psychotic disorder with delusions
F14.251,Cocaine dependence with cocaine-induced psychotic disorder with hallucinations
F14.259,"Cocaine dependence with cocaine-induced psychotic disorder, unspecified"
F14.280,Cocaine dependence with cocaine-induced anxiety disorder
F14.281,Cocaine dependence with cocaine-induced sexual dysfunction
F14.282,Cocaine dependence with cocaine-induced sleep disorder
F14.288,Cocaine dependence with other cocaine-induced disorder
F14.29,Cocaine dependence with unspecified cocaine-induced disorder
F14.90,"Cocaine use, unspecified, uncomplicated"
F14.91,"Cocaine use, unspecified, in remission"
F14.920,"Cocaine use, unspecified with intoxication, uncomplicated"
F14.921,"Cocaine use, unspecified with intoxication delirium"
F14.922,"Cocaine use, unspecified with intoxication with perceptual disturbance"
F14.929,"Cocaine use, unspecified with intoxication, unspecified"
F14.93,"Cocaine use, unspecified with withdrawal"
F14.94,"Cocaine use, unspecified with cocaine-induced mood disorder"
F14.950,"Cocaine use, unspecified with cocaine-induced psychotic disorder with delusions"
F14.951,"Cocaine use, unspecified with cocaine-induced psychotic disorder with hallucinations"
F14.959,"Cocaine use, unspecified with cocaine-induced psychotic disorder, unspecified"
F14.980,"Cocaine use, unspecified with cocaine-induced anxiety disorder"
F14.981,"Cocaine use, unspecified with cocaine-induced sexual dysfunction"
F14.982,"Cocaine use, unspecified with cocaine-induced sleep disorder"
F14.988,"Cocaine use, unspecified with other cocaine-induced disorder"
F14.99,"Cocaine use, unspecified with unspecified cocaine-induced disorder"
F15.10,"Other stimulant abuse, uncomplicated"
F15.11,"Other stimulant abuse, in remission"
F15.120,"Other stimulant abuse with intoxication, uncomplicated"
F15.121,Other stimulant abuse with intoxication delirium
F15.122,Other stimulant abuse with intoxication with perceptual disturbance
F15.129,"Other stimulant abuse with intoxication, unspecified"
F15.13,Other stimulant abuse with withdrawal
F15.14,Other stimulant abuse with stimulant-induced mood disorder
F15.150,Other stimulant abuse with stimulant-induced psychotic disorder with delusions
F15.151,Other stimulant abuse with stimulant-induced psychotic disorder with hallucinations
F15.159,"Other stimulant abuse with stimulant-induced psychotic disorder, unspecified"
F15.180,Other stimulant abuse with stimulant-induced anxiety disorder
F15.181,Other stimulant abuse with stimulant-induced sexual dysfunction
F15.182,Other stimulant abuse with stimulant-induced sleep disorder
F15.188,Other stimulant abuse with other stimulant-induced disorder
F15.19,Other stimulant abuse with unspecified stimulant-induced disorder
F15.20,"Other stimulant dependence, uncomplicated"
F15.21,"Other stimulant dependence, in remission"
F15.220,"Other stimulant dependence with intoxication, uncomplicated"
F15.221,Other stimulant dependence with intoxication delirium
F15.222,Other stimulant dependence with intoxication with perceptual disturbance
F15.229,"Other stimulant dependence with intoxication, unspecified"
F15.23,Other stimulant dependence with withdrawal
F15.24,Other stimulant dependence with stimulant-induced mood disorder
F15.250,Other stimulant dependence with stimulant-induced psychotic disorder with delusions
F15.251,Other stimulant dependence with stimulant-induced psychotic disorder with hallucinations
F15.259,"Other stimulant dependence with stimulant-induced psychotic disorder, unspecified"
F15.280,Other stimulant dependence with stimulant-induced anxiety disorder
F15.281,Other stimulant dependence with stimulant-induced sexual dysfunction
F15.282,Other stimulant dependence with stimulant-induced sleep disorder
F15.288,Other stimulant dependence with other stimulant-induced disorder
F15.29,Other stimulant dependence with unspecified stimulant-induced disorder
F15.90,"Other stimulant use, unspecified, uncomplicated"
F15.91,"Other stimulant use, unspecified, in remission"
F15.920,"Other stimulant use, unspecified with intoxication, uncomplicated"
F15.921,"Other stimulant use, unspecified with intoxication delirium"
F15.922,"Other stimulant use, unspecified with intoxication with perceptual disturbance"
F15.929,"Other stimulant use, unspecified with intoxication, unspecified"
F15.93,"Other stimulant use, unspecified with withdrawal"
F15.94,"Other stimulant use, unspecified with stimulant-induced mood disorder"
F15.950,"Other stimulant use, unspecified with stimulant-induced psychotic disorder with delusions"
F15.951,"Other stimulant use, unspecified with stimulant-induced psychotic disorder with hallucinations"
F15.959,"Other stimulant use, unspecified with stimulant-induced psychotic disorder, unspecified"
F15.980,"Other stimulant use, unspecified with stimulant-induced anxiety disorder"
F15.981,"Other stimulant use, unspecified with stimulant-induced sexual dysfunction"
F15.982,"Other stimulant use, unspecified with stimulant-induced sleep disorder"
F15.988,"Other stimulant use, unspecified with other stimulant-induced disorder"
F15.99,"Other stimulant use, unspecified with unspecified stimulant-induced disorder"
F16.10,"Hallucinogen abuse, uncomplicated"
F16.11,"Hallucinogen abuse, in remission"
F16.120,"Hallucinogen abuse with intoxication, uncomplicated"
F16.121,Hallucinogen abuse with intoxication with delirium
F16.122,Hallucinogen abuse with intoxication with perceptual disturbance
F16.129,"Hallucinogen abuse with intoxication, unspecified"
F16.14,Hallucinogen abuse with hallucinogen-induced mood disorder
F16.150,Hallucinogen abuse with hallucinogen-induced psychotic disorder with delusions
F16.151,Hallucinogen abuse with hallucinogen-induced psychotic disorder with hallucinations
F16.159,"Hallucinogen abuse with hallucinogen-induced psychotic disorder, unspecified"
F16.180,Hallucinogen abuse with hallucinogen-induced anxiety disorder
F16.183,Hallucinogen abuse with hallucinogen persisting perception disorder (flashbacks)
F16.188,Hallucinogen abuse with other hallucinogen-induced disorder
F16.19,Hallucinogen abuse with unspecified hallucinogen-induced disorder
F16.20,"Hallucinogen dependence, uncomplicated"
F16.21,"Hallucinogen dependence, in remission"
F16.220,"Hallucinogen dependence with intoxication, uncomplicated"
F16.221,Hallucinogen dependence with intoxication with delirium
F16.229,"Hallucinogen dependence with intoxication, unspecified"
F16.24,Hallucinogen dependence with hallucinogen-induced mood disorder
F16.250,Hallucinogen dependence with hallucinogen-induced psychotic disorder with delusions
F16.251,Hallucinogen dependence with hallucinogen-induced psychotic disorder with hallucinations
F16.259,"Hallucinogen dependence with hallucinogen-induced psychotic disorder, unspecified"
F16.280,Hallucinogen dependence with hallucinogen-induced anxiety disorder
F16.283,Hallucinogen dependence with hallucinogen persisting perception disorder (flashbacks)
F16.288,Hallucinogen dependence with other hallucinogen-induced disorder
F16.29,Hallucinogen dependence with unspecified hallucinogen-induced disorder
F16.90,"Hallucinogen use, unspecified, uncomplicated"
F16.91,"Hallucinogen use, unspecified, in remission"
F16.920,"Hallucinogen use, unspecified with intoxication, uncomplicated"
F16.921,"Hallucinogen use, unspecified with intoxication with delirium"
F16.929,"Hallucinogen use, unspecified with intoxication, unspecified"
F16.94,"Hallucinogen use, unspecified with hallucinogen-induced mood disorder"
F16.950,"Hallucinogen use, unspecified with hallucinogen-induced psychotic disorder with delusions"
F16.951,"Hallucinogen use, unspecified with hallucinogen-induced psychotic disorder with hallucinations"
F16.959,"Hallucinogen use, unspecified with hallucinogen-induced psychotic disorder, unspecified"
F16.980,"Hallucinogen use, unspecified with hallucinogen-induced anxiety disorder"
F16.983,"Hallucinogen use, unspecified with hallucinogen persisting perception disorder (flashbacks)"
F16.988,"Hallucinogen use, unspecified with other hallucinogen-induced disorder"
F16.99,"Hallucinogen use, unspecified with unspecified hallucinogen-induced disorder"
F17.200,"Nicotine dependence, unspecified, uncomplicated"
F17.201,"Nicotine dependence, unspecified, in remission"
F17.203,"Nicotine dependence unspecified, with withdrawal"
F17.208,"Nicotine dependence, unspecified, with other nicotine-induced disorders"
F17.209,"Nicotine dependence, unspecified, with unspecified nicotine-induced disorders"
F17.210,"Nicotine dependence, cigarettes, uncomplicated"
F17.211,"Nicotine dependence, cigarettes, in remission"
F17.213,"Nicotine dependence, cigarettes, with withdrawal"
F17.218,"Nicotine dependence, cigarettes, with other nicotine-induced disorders"
F17.219,"Nicotine dependence, cigarettes, with unspecified nicotine-induced disorders"
F17.220,"Nicotine dependence, chewing tobacco, uncomplicated"
F17.221,"Nicotine dependence, chewing tobacco, in remission"
F17.223,"Nicotine dependence, chewing tobacco, with withdrawal"
F17.228,"Nicotine dependence, chewing tobacco, with other nicotine-induced disorders"
F17.229,"Nicotine dependence, chewing tobacco, with unspecified nicotine-induced disorders"
F17.290,"Nicotine dependence, other tobacco product, uncomplicated"
F17.291,"Nicotine dependence, other tobacco product, in remission"
F17.293,"Nicotine dependence, other tobacco product, with withdrawal"
F17.298,"Nicotine dependence, other tobacco product, with other nicotine-induced disorders"
F17.299,"Nicotine dependence, other tobacco product, with unspecified nicotine-induced disorders"
F18.10,"Inhalant abuse, uncomplicated"
F18.11,"Inhalant abuse, in remission"
F18.120,"Inhalant abuse with intoxication, uncomplicated"
F18.121,Inhalant abuse with intoxication delirium
F18.129,"Inhalant abuse with intoxication, unspecified"
F18.14,Inhalant abuse with inhalant-induced mood disorder
F18.150,Inhalant abuse with inhalant-induced psychotic disorder with delusions
F18.151,Inhalant abuse with inhalant-induced psychotic disorder with hallucinations
F18.159,"Inhalant abuse with inhalant-induced psychotic disorder, unspecified"
F18.17,Inhalant abuse with inhalant-induced dementia
F18.180,Inhalant abuse with inhalant-induced anxiety disorder
F18.188,Inhalant abuse with other inhalant-induced disorder
F18.19,Inhalant abuse with unspecified inhalant-induced disorder
F18.20,"Inhalant dependence, uncomplicated"
F18.21,"Inhalant dependence, in remission"
F18.220,"Inhalant dependence with intoxication, uncomplicated"
F18.221,Inhalant dependence with intoxication delirium
F18.229,"Inhalant dependence with intoxication, unspecified"
F18.24,Inhalant dependence with inhalant-induced mood disorder
F18.250,Inhalant dependence with inhalant-induced psychotic disorder with delusions
F18.251,Inhalant dependence with inhalant-induced psychotic disorder with hallucinations
F18.259,"Inhalant dependence with inhalant-induced psychotic disorder, unspecified"
F18.27,Inhalant dependence with inhalant-induced dementia
F18.280,Inhalant dependence with inhalant-induced anxiety disorder
F18.288,Inhalant dependence with other inhalant-induced disorder
F18.29,Inhalant dependence with unspecified inhalant-induced disorder
F18.90,"Inhalant use, unspecified, uncomplicated"
F18.91,"Inhalant use, unspecified, in remission"
F18.920,"Inhalant use, unspecified with intoxication, uncomplicated"
F18.921,"Inhalant use, unspecified with intoxication with delirium"
F18.929,"Inhalant use, unspecified with intoxication, unspecified"
F18.94,"Inhalant use, unspecified with inhalant-induced mood disorder"
F18.950,"Inhalant use, unspecified with inhalant-induced psychotic disorder with delusions"
F18.951,"Inhalant use, unspecified with inhalant-induced psychotic disorder with hallucinations"
F18.959,"Inhalant use, unspecified with inhalant-induced psychotic disorder, unspecified"
F18.97,"Inhalant use, unspecified with inhalant-induced persisting dementia"
F18.980,"Inhalant use, unspecified with inhalant-induced anxiety disorder"
F18.988,"Inhalant use, unspecified with other inhalant-induced disorder"
F18.99,"Inhalant use, unspecified with unspecified inhalant-induced disorder"
F19.10,"Other psychoactive substance abuse, uncomplicated"
F19.11,"Other psychoactive substance abuse, in remission"
F19.120,"Other psychoactive substance abuse with intoxication, uncomplicated"
F19.121,Other psychoactive substance abuse with intoxication delirium
F19.122,Other psychoactive substance abuse with intoxication with perceptual disturbances
F19.129,"Other psychoactive substance abuse with intoxication, unspecified"
F19.130,"Other psychoactive substance abuse with withdrawal, uncomplicated"
F19.131,Other psychoactive substance abuse with withdrawal delirium
F19.132,Other psychoactive substance abuse with withdrawal with perceptual disturbance
F19.139,"Other psychoactive substance abuse with withdrawal, unspecified"
F19.14,Other psychoactive substance abuse with psychoactive substance-induced mood disorder
F19.150,Other psychoactive substance abuse with psychoactive substance-induced psychotic disorder with delusions
F19.151,Other psychoactive substance abuse with psychoactive substance-induced psychotic disorder with hallucinations
F19.159,"Other psychoactive substance abuse with psychoactive substance-induced psychotic disorder, unspecified"
G00.0,Hemophilus meningitis
G00.1,Pneumococcal meningitis
G00.2,Streptococcal meningitis
G00.3,Staphylococcal meningitis
G00.8,Other bacterial meningitis
G00.9,"Bacterial meningitis, unspecified"
G01,Meningitis in bacterial diseases classified elsewhere
G02,Meningitis in other infectious and parasitic diseases classified elsewhere
G03.0,Nonpyogenic meningitis
G03.1,Chronic meningitis
G03.2,Benign recurrent meningitis [Mollaret]
G03.8,Meningitis due to other specified causes
G03.9,"Meningitis, unspecified"
G04.00,"Acute disseminated encephalitis and encephalomyelitis, unspecified"
G04.01,Postinfectious acute disseminated encephalitis and encephalomyelitis (postinfectious ADEM)
G04.02,"Postimmunization acute disseminated encephalitis, myelitis and encephalomyelitis"
G04.1,Tropical spastic paraplegia
G04.2,"Bacterial meningoencephalitis and meningomyelitis, not elsewhere classified"
G04.30,"Acute necrotizing hemorrhagic encephalopathy, unspecified"
G04.31,Postinfectious acute necrotizing hemorrhagic encephalopathy
G04.32,Postimmunization acute necrotizing hemorrhagic encephalopathy
G04.39,Other acute necrotizing hemorrhagic encephalopathy
G04.81,Other encephalitis and encephalomyelitis
G04.82,Acute flaccid myelitis
G04.89,Other myelitis
G04.90,"Encephalitis and encephalomyelitis, unspecified"
G04.91,"Myelitis, unspecified"
G05.3,Encephalitis and encephalomyelitis in diseases classified elsewhere
G05.4,Myelitis in diseases classified elsewhere
G06.0,Intracranial abscess and granuloma
G06.1,Intraspinal abscess and granuloma
G06.2,"Extradural and subdural abscess, unspecified"
G07,Intracranial and intraspinal abscess and granuloma in diseases classified elsewhere
G08,Intracranial and intraspinal phlebitis and thrombophlebitis
G09,Sequelae of inflammatory diseases of central nervous system
G10,Huntington's disease
G11.0,Congenital nonprogressive ataxia
G11.10,"Early-onset cerebellar ataxia, unspecified"
G11.11,Friedreich ataxia
G11.19,Other early-onset cerebellar ataxia
G11.2,Late-onset cerebellar ataxia
G11.3,Cerebellar ataxia with defective DNA repair
G11.4,Hereditary spastic paraplegia
G11.5,Hypomyelination - hypogonadotropic hypogonadism - hypodontia
G11.6,Leukodystrophy with vanishing white matter disease
G11.8,Other hereditary ataxias
G11.9,"Hereditary ataxia, unspecified"
G12.0,"Infantile spinal muscular atrophy, type I [Werdnig-Hoffman]"
G12.1,Other inherited spinal muscular atrophy
G12.20,"Motor neuron disease, unspecified"
G12.21,Amyotrophic lateral sclerosis
G12.22,Progressive bulbar palsy
G12.23,Primary lateral sclerosis
G12.24,Familial motor neuron disease
G12.25,Progressive spinal muscle atrophy
G12.29,Other motor neuron disease
G12.8,Other spinal muscular atrophies and related syndromes
G12.9,"Spinal muscular atrophy, unspecified"
G13.0,Paraneoplastic neuromyopathy and neuropathy
G13.1,Other systemic atrophy primarily affecting central nervous system in neoplastic disease
G13.2,Systemic atrophy primarily affecting the central nervous system in myxedema
G13.8,Systemic atrophy primarily affecting central nervous system in other diseases classified elsewhere
G14,Postpolio syndrome
G20.A1,"Parkinson's disease without dyskinesia, without mention of fluctuations"
G20.A2,"Parkinson's disease without dyskinesia, with fluctuations"
G20.B1,"Parkinson's disease with dyskinesia, without mention of fluctuations"
G20.B2,"Parkinson's disease with dyskinesia, with fluctuations"
G20.C,"Parkinsonism, unspecified"
G21.0,Malignant neuroleptic syndrome
G21.11,Neuroleptic induced parkinsonism
G21.19,Other drug induced secondary parkinsonism
G21.2,Secondary parkinsonism due to other external agents
G21.3,Postencephalitic parkinsonism
G21.4,Vascular parkinsonism
G21.8,Other secondary parkinsonism
G21.9,"Secondary parkinsonism, unspecified"
G23.0,Hallervorden-Spatz disease
G23.1,Progressive supranuclear ophthalmoplegia [Steele-Richardson-Olszewski]
G23.2,Striatonigral degeneration
G23.3,Hypomyelination with atrophy of the basal ganglia and cerebellum
G23.8,Other specified degenerative diseases of basal ganglia
G23.9,"Degenerative disease of basal ganglia, unspecified"
G24.01,Drug induced subacute dyskinesia
G24.02,Drug induced acute dystonia
G24.09,Other drug induced dystonia
G24.1,Genetic torsion dystonia
G24.2,Idiopathic nonfamilial dystonia
G24.3,Spasmodic torticollis
G24.4,Idiopathic orofacial dystonia
G24.5,Blepharospasm
G24.8,Other dystonia
G24.9,"Dystonia, unspecified"
G25.0,Essential tremor
G25.1,Drug-induced tremor
G25.2,Other specified forms of tremor
G25.3,Myoclonus
G25.4,Drug-induced chorea
G25.5,Other chorea
G25.61,Drug induced tics
G25.69,Other tics of organic origin
G25.70,"Drug induced movement disorder, unspecified"
G25.71,Drug induced akathisia
G25.79,Other drug induced movement disorders
G25.81,Restless legs syndrome
G25.82,Stiff-man syndrome
G25.83,Benign shuddering attacks
G25.89,Other specified extrapyramidal and movement disorders
G25.9,"Extrapyramidal and movement disorder, unspecified"
G26,Extrapyramidal and movement disorders in diseases classified elsewhere
G30.0,Alzheimer's disease with early onset
G30.1,Alzheimer's disease with late onset
G30.8,Other Alzheimer's disease
G30.9,"Alzheimer's disease, unspecified"
G31.01,Pick's disease
G31.09,Other frontotemporal neurocognitive disorder
G31.1,"Senile degeneration of brain, not elsewhere classified"
G31.2,Degeneration of nervous system due to alcohol
G31.80,"Leukodystrophy, unspecified"
G31.81,Alpers disease
G31.82,Leigh's disease
G31.83,Neurocognitive disorder with Lewy bodies
G31.84,Mild cognitive impairment of uncertain or unknown etiology
G31.85,Corticobasal degeneration
G31.86,Alexander disease
G31.87,Primary progressive apraxia of speech
G31.89,Other specified degenerative diseases of nervous system
G31.9,"Degenerative disease of nervous system, unspecified"
G32.0,Subacute combined degeneration of spinal cord in diseases classified elsewhere
G32.81,Cerebellar ataxia in diseases classified elsewhere
G32.89,Other specified degenerative disorders of nervous system in diseases classified elsewhere
G35.A,Relapsing-remitting multiple sclerosis
G35.B0,"Primary progressive multiple sclerosis, unspecified"
G35.B1,Active primary progressive multiple sclerosis
G35.B2,Non-active primary progressive multiple sclerosis
G35.C0,"Secondary progressive multiple sclerosis, unspecified"
G35.C1,Active secondary progressive multiple sclerosis
G35.C2,Non-active secondary progressive multiple sclerosis
G35.D,"Multiple sclerosis, unspecified"
G36.0,Neuromyelitis optica [Devic]
G36.1,Acute and subacute hemorrhagic leukoencephalitis [Hurst]
G36.8,Other specified acute disseminated demyelination
G36.9,"Acute disseminated demyelination, unspecified"
G37.0,Diffuse sclerosis of central nervous system
G37.1,Central demyelination of corpus callosum
G37.2,Central pontine myelinolysis
G37.3,Acute transverse myelitis in demyelinating disease of central nervous system
G37.4,Subacute necrotizing myelitis of central nervous system
G37.5,Concentric sclerosis [Balo] of central nervous system
G37.81,Myelin oligodendrocyte glycoprotein antibody disease
G37.89,Other specified demyelinating diseases of central nervous system
G37.9,"Demyelinating disease of central nervous system, unspecified"
G40.001,"Localization-related (focal) (partial) idiopathic epilepsy and epileptic syndromes with seizures of localized onset, not intractable, with status epilepticus"
G40.009,"Localization-related (focal) (partial) idiopathic epilepsy and epileptic syndromes with seizures of localized onset, not intractable, without status epilepticus"
G40.011,"Localization-related (focal) (partial) idiopathic epilepsy and epileptic syndromes with seizures of localized onset, intractable, with status epilepticus"
G40.019,"Localization-related (focal) (partial) idiopathic epilepsy and epileptic syndromes with seizures of localized onset, intractable, without status epilepticus"
G40.101,"Localization-related (focal) (partial) symptomatic epilepsy and epileptic syndromes with simple partial seizures, not intractable, with status epilepticus"
G40.109,"Localization-related (focal) (partial) symptomatic epilepsy and epileptic syndromes with simple partial seizures, not intractable, without status epilepticus"
G40.111,"Localization-related (focal) (partial) symptomatic epilepsy and epileptic syndromes with simple partial seizures, intractable, with status epilepticus"
G40.119,"Localization-related (focal) (partial) symptomatic epilepsy and epileptic syndromes with simple partial seizures, intractable, without status epilepticus"
G40.201,"Localization-related (focal) (partial) symptomatic epilepsy and epileptic syndromes with complex partial seizures, not intractable, with status epilepticus"
G40.209,"Localization-related (focal) (partial) symptomatic epilepsy and epileptic syndromes with complex partial seizures, not intractable, without status epilepticus"
G40.211,"Localization-related (focal) (partial) symptomatic epilepsy and epileptic syndromes with complex partial seizures, intractable, with status epilepticus"
G40.219,"Localization-related (focal) (partial) symptomatic epilepsy and epileptic syndromes with complex partial seizures, intractable, without status epilepticus"
G40.301,"Generalized idiopathic epilepsy and epileptic syndromes, not intractable, with status epilepticus"
G40.309,"Generalized idiopathic epilepsy and epileptic syndromes, not intractable, without status epilepticus"
G40.311,"Generalized idiopathic epilepsy and epileptic syndromes, intractable, with status epilepticus"
G40.319,"Generalized idiopathic epilepsy and epileptic syndromes, intractable, without status epilepticus"
G40.A01,"Absence epileptic syndrome, not intractable, with status epilepticus"
G40.A09,"Absence epileptic syndrome, not intractable, without status epilepticus"
G40.A11,"Absence epileptic syndrome, intractable, with status epilepticus"
G40.A19,"Absence epileptic syndrome, intractable, without status epilepticus"
G40.B01,"Juvenile myoclonic epilepsy, not intractable, with status epilepticus"
G40.B09,"Juvenile myoclonic epilepsy, not intractable, without status epilepticus"
G40.B11,"Juvenile myoclonic epilepsy, intractable, with status epilepticus"
G40.B19,"Juvenile myoclonic epilepsy, intractable, without status epilepticus"
G40.C01,"Lafora progressive myoclonus epilepsy, not intractable, with status epilepticus"
G40.C09,"Lafora progressive myoclonus epilepsy, not intractable, without status epilepticus"
G40.C11,"Lafora progressive myoclonus epilepsy, intractable, with status epilepticus"
G40.C19,"Lafora progressive myoclonus epilepsy, intractable, without status epilepticus"
G40.401,"Other generalized epilepsy and epileptic syndromes, not intractable, with status epilepticus"
G40.409,"Other generalized epilepsy and epileptic syndromes, not intractable, without status epilepticus"
G40.411,"Other generalized epilepsy and epileptic syndromes, intractable, with status epilepticus"
G40.419,"Other generalized epilepsy and epileptic syndromes, intractable, without status epilepticus"
G40.42,Cyclin-Dependent Kinase-Like 5 Deficiency Disorder
G40.501,"Epileptic seizures related to external causes, not intractable, with status epilepticus"
G40.509,"Epileptic seizures related to external causes, not intractable, without status epilepticus"
G40.801,"Other epilepsy, not intractable, with status epilepticus"
G40.802,"Other epilepsy, not intractable, without status epilepticus"
G40.803,"Other epilepsy, intractable, with status epilepticus"
G40.804,"Other epilepsy, intractable, without status epilepticus"
G40.811,"Lennox-Gastaut syndrome, not intractable, with status epilepticus"
G40.812,"Lennox-Gastaut syndrome, not intractable, without status epilepticus"
G40.813,"Lennox-Gastaut syndrome, intractable, with status epilepticus"
G40.814,"Lennox-Gastaut syndrome, intractable, without status epilepticus"
G40.821,"Epileptic spasms, not intractable, with status epilepticus"
G40.822,"Epileptic spasms, not intractable, without status epilepticus"
G40.823,"Epileptic spasms, intractable, with status epilepticus"
G40.824,"Epileptic spasms, intractable, without status epilepticus"
G40.833,"Dravet syndrome, intractable, with status epilepticus"
G40.834,"Dravet syndrome, intractable, without status epilepticus"
G40.841,"KCNQ2-related epilepsy, not intractable, with status epilepticus"
G40.842,"KCNQ2-related epilepsy, not intractable, without status epilepticus"
G40.843,"KCNQ2-related epilepsy, intractable, with status epilepticus"
G40.844,"KCNQ2-related epilepsy, intractable, without status epilepticus"
G40.89,Other seizures
G40.901,"Epilepsy, unspecified, not intractable, with status epilepticus"
G40.909,"Epilepsy, unspecified, not intractable, without status epilepticus"
G40.911,"Epilepsy, unspecified, intractable, with status epilepticus"
G40.919,"Epilepsy, unspecified, intractable, without status epilepticus"
G43.001,"Migraine without aura, not intractable, with status migrainosus"
G43.009,"Migraine without aura, not intractable, without status migrainosus"
G43.011,"Migraine without aura, intractable, with status migrainosus"
G43.019,"Migraine without aura, intractable, without status migrainosus"
G43.101,"Migraine with aura, not intractable, with status migrainosus"
G43.109,"Migraine with aura, not intractable, without status migrainosus"
G43.111,"Migraine with aura, intractable, with status migrainosus"
G43.119,"Migraine with aura, intractable, without status migrainosus"
G43.401,"Hemiplegic migraine, not intractable, with status migrainosus"
G43.409,"Hemiplegic migraine, not intractable, without status migrainosus"
G43.411,"Hemiplegic migraine, intractable, with status migrainosus"
G43.419,"Hemiplegic migraine, intractable, without status migrainosus"
G43.501,"Persistent migraine aura without cerebral infarction, not intractable, with status migrainosus"
G43.509,"Persistent migraine aura without cerebral infarction, not intractable, without status migrainosus"
G43.511,"Persistent migraine aura without cerebral infarction, intractable, with status migrainosus"
G43.519,"Persistent migraine aura without cerebral infarction, intractable, without status migrainosus"
G43.601,"Persistent migraine aura with cerebral infarction, not intractable, with status migrainosus"
G43.609,"Persistent migraine aura with cerebral infarction, not intractable, without status migrainosus"
G43.611,"Persistent migraine aura with cerebral infarction, intractable, with status migrainosus"
G43.619,"Persistent migraine aura with cerebral infarction, intractable, without status migrainosus"
G43.701,"Chronic migraine without aura, not intractable, with status migrainosus"
G43.709,"Chronic migraine without aura, not intractable, without status migrainosus"
G43.711,"Chronic migraine without aura, intractable, with status migrainosus"
G43.719,"Chronic migraine without aura, intractable, without status migrainosus"
G43.A0,"Cyclical vomiting, in migraine, not intractable"
G43.A1,"Cyclical vomiting, in migraine, intractable"
G43.B0,"Ophthalmoplegic migraine, not intractable"
G43.B1,"Ophthalmoplegic migraine, intractable"
G43.C0,"Periodic headache syndromes in child or adult, not intractable"
G43.C1,"Periodic headache syndromes in child or adult, intractable"
G43.D0,"Abdominal migraine, not intractable"
G43.D1,"Abdominal migraine, intractable"
G43.801,"Other migraine, not intractable, with status migrainosus"
G43.809,"Other migraine, not intractable, without status migrainosus"
G43.811,"Other migraine, intractable, with status migrainosus"
G43.819,"Other migraine, intractable, without status migrainosus"
G43.821,"Menstrual migraine, not intractable, with status migrainosus"
G43.829,"Menstrual migraine, not intractable, without status migrainosus"
G43.831,"Menstrual migraine, intractable, with status migrainosus"
G43.839,"Menstrual migraine, intractable, without status migrainosus"
G43.901,"Migraine, unspecified, not intractable, with status migrainosus"
G43.909,"Migraine, unspecified, not intractable, without status migrainosus"
G43.911,"Migraine, unspecified, intractable, with status migrainosus"
G43.919,"Migraine, unspecified, intractable, without status migrainosus"
G43.E01,"Chronic migraine with aura, not intractable, with status migrainosus"
G43.E09,"Chronic migraine with aura, not intractable, without status migrainosus"
G43.E11,"Chronic migraine with aura, intractable, with status migrainosus"
G43.E19,"Chronic migraine with aura, intractable, without status migrainosus"
G44.001,"Cluster headache syndrome, unspecified, intractable"
G44.009,"Cluster headache syndrome, unspecified, not intractable"
G44.011,"Episodic cluster headache, intractable"
G44.019,"Episodic cluster headache, not intractable"
G44.021,"Chronic cluster headache, intractable"
G44.029,"Chronic cluster headache, not intractable"
G44.031,"Episodic paroxysmal hemicrania, intractable"
G44.039,"Episodic paroxysmal hemicrania, not intractable"
G44.041,"Chronic paroxysmal hemicrania, intractable"
G44.049,"Chronic paroxysmal hemicrania, not intractable"
G44.051,"Short lasting unilateral neuralgiform headache with conjunctival injection and tearing (SUNCT), intractable"
G44.059,"Short lasting unilateral neuralgiform headache with conjunctival injection and tearing (SUNCT), not intractable"
G44.091,"Other trigeminal autonomic cephalgias (TAC), intractable"
G44.099,"Other trigeminal autonomic cephalgias (TAC), not intractable"
G44.1,"Vascular headache, not elsewhere classified"
G44.201,"Tension-type headache, unspecified, intractable"
G44.209,"Tension-type headache, unspecified, not intractable"
G44.211,"Episodic tension-type headache, intractable"
G44.219,"Episodic tension-type headache, not intractable"
G44.221,"Chronic tension-type headache, intractable"
G44.229,"Chronic tension-type headache, not intractable"
G44.301,"Post-traumatic headache, unspecified, intractable"
G44.309,"Post-traumatic headache, unspecified, not intractable"
G44.311,"Acute post-traumatic headache, intractable"
G44.319,"Acute post-traumatic headache, not intractable"
G44.321,"Chronic post-traumatic headache, intractable"
G44.329,"Chronic post-traumatic headache, not intractable"
G44.40,"Drug-induced headache, not elsewhere classified, not intractable"
G44.41,"Drug-induced headache, not elsewhere classified, intractable"
G44.51,Hemicrania continua
G44.52,New daily persistent headache (NDPH)
G44.53,Primary thunderclap headache
G44.59,Other complicated headache syndrome
G44.81,Hypnic headache
G44.82,Headache associated with sexual activity
G44.83,Primary cough headache
G44.84,Primary exertional headache
G44.85,Primary stabbing headache
G44.86,Cervicogenic headache
G44.89,Other headache syndrome
G45.0,Vertebro-basilar artery syndrome
G45.1,Carotid artery syndrome (hemispheric)
G45.2,Multiple and bilateral precerebral artery syndromes
G45.3,Amaurosis fugax
G45.4,Transient global amnesia
G45.8,Other transient cerebral ischemic attacks and related syndromes
G45.9,"Transient cerebral ischemic attack, unspecified"
G46.0,Middle cerebral artery syndrome
G46.1,Anterior cerebral artery syndrome
G46.2,Posterior cerebral artery syndrome
G46.3,Brain stem stroke syndrome
G46.4,Cerebellar stroke syndrome
G46.5,Pure motor lacunar syndrome
G46.6,Pure sensory lacunar syndrome
G46.7,Other lacunar syndromes
G46.8,Other vascular syndromes of brain in cerebrovascular diseases
G47.00,"Insomnia, unspecified"
G47.01,Insomnia due to medical condition
G47.09,Other insomnia
G47.10,"Hypersomnia, unspecified"
G47.11,Idiopathic hypersomnia with long sleep time
G47.12,Idiopathic hypersomnia without long sleep time
G47.13,Recurrent hypersomnia
G47.14,Hypersomnia due to medical condition
G47.19,Other hypersomnia
G47.20,"Circadian rhythm sleep disorder, unspecified type"
G47.21,"Circadian rhythm sleep disorder, delayed sleep phase type"
G47.22,"Circadian rhythm sleep disorder, advanced sleep phase type"
G47.23,"Circadian rhythm sleep disorder, irregular sleep wake type"
G47.24,"Circadian rhythm sleep disorder, free running type"
G47.25,"Circadian rhythm sleep disorder, jet lag type"
G47.26,"Circadian rhythm sleep disorder, shift work type"
G47.27,Circadian rhythm sleep disorder in conditions classified elsewhere
G47.29,Other circadian rhythm sleep disorder
G47.30,"Sleep apnea, unspecified"
G47.31,Primary central sleep apnea
G47.32,High altitude periodic breathing
G47.33,Obstructive sleep apnea (adult) (pediatric)
G47.34,Idiopathic sleep related nonobstructive alveolar hypoventilation
G47.35,Congenital central alveolar hypoventilation syndrome
G47.36,Sleep related hypoventilation in conditions classified elsewhere
G47.37,Central sleep apnea in conditions classified elsewhere
G47.39,Other sleep apnea
G47.411,Narcolepsy with cataplexy
G47.419,Narcolepsy without cataplexy
G47.421,Narcolepsy in conditions classified elsewhere with cataplexy
G47.429,Narcolepsy in conditions classified elsewhere without cataplexy
G47.50,"Parasomnia, unspecified"
G47.51,Confusional arousals
G47.52,REM sleep behavior disorder
G47.53,Recurrent isolated sleep paralysis
G47.54,Parasomnia in conditions classified elsewhere
G47.59,Other parasomnia
G47.61,Periodic limb movement disorder
G47.62,Sleep related leg cramps
G47.63,Sleep related bruxism
G47.69,Other sleep related movement disorders
G47.8,Other sleep disorders
G47.9,"Sleep disorder, unspecified"
G50.0,Trigeminal neuralgia
G50.1,Atypical facial pain
G50.8,Other disorders of trigeminal nerve
G50.9,"Disorder of trigeminal nerve, unspecified"
G51.0,Bell's palsy
G51.1,Geniculate ganglionitis
G51.2,Melkersson's syndrome
G51.31,"Clonic hemifacial spasm, right"
G51.32,"Clonic hemifacial spasm, left"
G51.33,"Clonic hemifacial spasm, bilateral"
G51.39,"Clonic hemifacial spasm, unspecified"
G51.4,Facial myokymia
G51.8,Other disorders of facial nerve
G51.9,"Disorder of facial nerve, unspecified"
G52.0,Disorders of olfactory nerve
G52.1,Disorders of glossopharyngeal nerve
G52.2,Disorders of vagus nerve
G52.3,Disorders of hypoglossal nerve
G52.7,Disorders of multiple cranial nerves
G52.8,Disorders of other specified cranial nerves
G52.9,"Cranial nerve disorder, unspecified"
G53,Cranial nerve disorders in diseases classified elsewhere
G54.0,Brachial plexus disorders
G54.1,Lumbosacral plexus disorders
G54.2,"Cervical root disorders, not elsewhere classified"
G54.3,"Thoracic root disorders, not elsewhere classified"
G54.4,"Lumbosacral root disorders, not elsewhere classified"
G54.5,Neuralgic amyotrophy
G54.6,Phantom limb syndrome with pain
G54.7,Phantom limb syndrome without pain
G54.8,Other nerve root and plexus disorders
G54.9,"Nerve root and plexus disorder, unspecified"
G55,Nerve root and plexus compressions in diseases classified elsewhere
G56.00,"Carpal tunnel syndrome, unspecified upper limb"
G56.01,"Carpal tunnel syndrome, right upper limb"
G56.02,"Carpal tunnel syndrome, left upper limb"
G56.03,"Carpal tunnel syndrome, bilateral upper limbs"
G56.10,"Other lesions of median nerve, unspecified upper limb"
G56.11,"Other lesions of median nerve, right upper limb"
G56.12,"Other lesions of median nerve, left upper limb"
G56.13,"Other lesions of median nerve, bilateral upper limbs"
G56.20,"Lesion of ulnar nerve, unspecified upper limb"
G56.21,"Lesion of ulnar nerve, right upper limb"
G56.22,"Lesion of ulnar nerve, left upper limb"
G56.23,"Lesion of ulnar nerve, bilateral upper limbs"
G56.30,"Lesion of radial nerve, unspecified upper limb"
G56.31,"Lesion of radial nerve, right upper limb"
G56.32,"Lesion of radial nerve, left upper limb"
G56.33,"Lesion of radial nerve, bilateral upper limbs"
G56.40,Causalgia of unspecified upper limb
G56.41,Causalgia of right upper limb
G56.42,Causalgia of left upper limb
G56.43,Causalgia of bilateral upper limbs
G56.80,Other specified mononeuropathies of unspecified upper limb
G56.81,Other specified mononeuropathies of right upper limb
G56.82,Other specified mononeuropathies of left upper limb
G56.83,Other specified mononeuropathies of bilateral upper limbs
G56.90,Unspecified mononeuropathy of unspecified upper limb
G56.91,Unspecified mononeuropathy of right upper limb
G56.92,Unspecified mononeuropathy of left upper limb
G56.93,Unspecified mononeuropathy of bilateral upper limbs
G57.00,"Lesion of sciatic nerve, unspecified lower limb"
G57.01,"Lesion of sciatic nerve, right lower limb"
G57.02,"Lesion of sciatic nerve, left lower limb"
G57.03,"Lesion of sciatic nerve, bilateral lower limbs"
G57.10,"Meralgia paresthetica, unspecified lower limb"
G57.11,"Meralgia paresthetica, right lower limb"
G57.12,"Meralgia paresthetica, left lower limb"
G57.13,"Meralgia paresthetica, bilateral lower limbs"
G57.20,"Lesion of femoral nerve, unspecified lower limb"
G57.21,"Lesion of femoral nerve, right lower limb"
G57.22,"Lesion of femoral nerve, left lower limb"
G57.23,"Lesion of femoral nerve, bilateral lower limbs"
G57.30,"Lesion of lateral popliteal nerve, unspecified lower limb"
G57.31,"Lesion of lateral popliteal nerve, right lower limb"
G57.32,"Lesion of lateral popliteal nerve, left lower limb"
G57.33,"Lesion of lateral popliteal nerve, bilateral lower limbs"
G57.40,"Lesion of medial popliteal nerve, unspecified lower limb"
G57.41,"Lesion of medial popliteal nerve, right lower limb"
G57.42,"Lesion of medial popliteal nerve, left lower limb"
G57.43,"Lesion of medial popliteal nerve, bilateral lower limbs"
G57.50,"Tarsal tunnel syndrome, unspecified lower limb"
G57.51,"Tarsal tunnel syndrome, right lower limb"
G57.52,"Tarsal tunnel syndrome, left lower limb"
G57.53,"Tarsal tunnel syndrome, bilateral lower limbs"
G57.60,"Lesion of plantar nerve, unspecified lower limb"
G57.61,"Lesion of plantar nerve, right lower limb"
G57.62,"Lesion of plantar nerve, left lower limb"
G57.63,"Lesion of plantar nerve, bilateral lower limbs"
G57.70,Causalgia of unspecified lower limb
G57.71,Causalgia of right lower limb
G57.72,Causalgia of left lower limb
G57.73,Causalgia of bilateral lower limbs
G57.80,Other specified mononeuropathies of unspecified lower limb
G57.81,Other specified mononeuropathies of right lower limb
G57.82,Other specified mononeuropathies of left lower limb
G57.83,Other specified mononeuropathies of bilateral lower limbs
G57.90,Unspecified mononeuropathy of unspecified lower limb
G57.91,Unspecified mononeuropathy of right lower limb
G57.92,Unspecified mononeuropathy of left lower limb
G57.93,Unspecified mononeuropathy of bilateral lower limbs
G58.0,Intercostal neuropathy
G58.7,Mononeuritis multiplex
G58.8,Other specified mononeuropathies
G58.9,"Mononeuropathy, unspecified"
G59,Mononeuropathy in diseases classified elsewhere
G60.0,Hereditary motor and sensory neuropathy
G60.1,Refsum's disease
G60.2,Neuropathy in association with hereditary ataxia
G60.3,Idiopathic progressive neuropathy
G60.8,Other hereditary and idiopathic neuropathies
G60.9,"Hereditary and idiopathic neuropathy, unspecified"
G61.0,Guillain-Barre syndrome
G61.1,Serum neuropathy
G61.81,Chronic inflammatory demyelinating polyneuritis
G61.82,Multifocal motor neuropathy
G61.89,Other inflammatory polyneuropathies
G61.9,"Inflammatory polyneuropathy, unspecified"
G62.0,Drug-induced polyneuropathy
G62.1,Alcoholic polyneuropathy
G62.2,Polyneuropathy due to other toxic agents
G62.81,Critical illness polyneuropathy
G62.82,Radiation-induced polyneuropathy
G62.89,Other specified polyneuropathies
G62.9,"Polyneuropathy, unspecified"
G63,Polyneuropathy in diseases classified elsewhere
G64,Other disorders of peripheral nervous system
G65.0,Sequelae of Guillain-Barre syndrome
G65.1,Sequelae of other inflammatory polyneuropathy
G65.2,Sequelae of toxic polyneuropathy
G70.00,Myasthenia gravis without (acute) exacerbation
G70.01,Myasthenia gravis with (acute) exacerbation
G70.1,Toxic myoneural disorders
G70.2,Congenital and developmental myasthenia
G70.80,"Lambert-Eaton syndrome, unspecified"
G70.81,Lambert-Eaton syndrome in disease classified elsewhere
G70.89,Other specified myoneural disorders
G70.9,"Myoneural disorder, unspecified"
G71.00,"Muscular dystrophy, unspecified"
G71.01,Duchenne or Becker muscular dystrophy
G71.02,Facioscapulohumeral muscular dystrophy
G71.031,Autosomal dominant limb girdle muscular dystrophy
G71.032,Autosomal recessive limb girdle muscular dystrophy due to calpain-3 dysfunction
G71.033,Limb girdle muscular dystrophy due to dysferlin dysfunction
H00.011,Hordeolum externum right upper eyelid
H00.012,Hordeolum externum right lower eyelid
H00.013,"Hordeolum externum right eye, unspecified eyelid"
H00.014,Hordeolum externum left upper eyelid
H00.015,Hordeolum externum left lower eyelid
H00.016,"Hordeolum externum left eye, unspecified eyelid"
H00.019,"Hordeolum externum unspecified eye, unspecified eyelid"
H00.021,Hordeolum internum right upper eyelid
H00.022,Hordeolum internum right lower eyelid
H00.023,"Hordeolum internum right eye, unspecified eyelid"
H00.024,Hordeolum internum left upper eyelid
H00.025,Hordeolum internum left lower eyelid
H00.026,"Hordeolum internum left eye, unspecified eyelid"
H00.029,"Hordeolum internum unspecified eye, unspecified eyelid"
H00.031,Abscess of right upper eyelid
H00.032,Abscess of right lower eyelid
H00.033,"Abscess of eyelid right eye, unspecified eyelid"
H00.034,Abscess of left upper eyelid
H00.035,Abscess of left lower eyelid
H00.036,"Abscess of eyelid left eye, unspecified eyelid"
H00.039,"Abscess of eyelid unspecified eye, unspecified eyelid"
H00.11,Chalazion right upper eyelid
H00.12,Chalazion right lower eyelid
H00.13,"Chalazion right eye, unspecified eyelid"
H00.14,Chalazion left upper eyelid
H00.15,Chalazion left lower eyelid
H00.16,"Chalazion left eye, unspecified eyelid"
H00.19,"Chalazion unspecified eye, unspecified eyelid"
H01.001,Unspecified blepharitis right upper eyelid
H01.002,Unspecified blepharitis right lower eyelid
H01.003,"Unspecified blepharitis right eye, unspecified eyelid"
H01.004,Unspecified blepharitis left upper eyelid
H01.005,Unspecified blepharitis left lower eyelid
H01.006,"Unspecified blepharitis left eye, unspecified eyelid"
H01.009,"Unspecified blepharitis unspecified eye, unspecified eyelid"
H01.00A,"Unspecified blepharitis right eye, upper and lower eyelids"
H01.00B,"Unspecified blepharitis left eye, upper and lower eyelids"
H01.011,Ulcerative blepharitis right upper eyelid
H01.012,Ulcerative blepharitis right lower eyelid
H01.013,"Ulcerative blepharitis right eye, unspecified eyelid"
H01.014,Ulcerative blepharitis left upper eyelid
H01.015,Ulcerative blepharitis left lower eyelid
H01.016,"Ulcerative blepharitis left eye, unspecified eyelid"
H01.019,"Ulcerative blepharitis unspecified eye, unspecified eyelid"
H01.01A,"Ulcerative blepharitis right eye, upper and lower eyelids"
H01.01B,"Ulcerative blepharitis left eye, upper and lower eyelids"
H01.021,Squamous blepharitis right upper eyelid
H01.022,Squamous blepharitis right lower eyelid
H01.023,"Squamous blepharitis right eye, unspecified eyelid"
H01.024,Squamous blepharitis left upper eyelid
H01.025,Squamous blepharitis left lower eyelid
H01.026,"Squamous blepharitis left eye, unspecified eyelid"
H01.029,"Squamous blepharitis unspecified eye, unspecified eyelid"
H01.02A,"Squamous blepharitis right eye, upper and lower eyelids"
H01.02B,"Squamous blepharitis left eye, upper and lower eyelids"
H01.111,Allergic dermatitis of right upper eyelid
H01.112,Allergic dermatitis of right lower eyelid
H01.113,"Allergic dermatitis of right eye, unspecified eyelid"
H01.114,Allergic dermatitis of left upper eyelid
H01.115,Allergic dermatitis of left lower eyelid
H01.116,"Allergic dermatitis of left eye, unspecified eyelid"
H01.119,"Allergic dermatitis of unspecified eye, unspecified eyelid"
H01.121,Discoid lupus erythematosus of right upper eyelid
H01.122,Discoid lupus erythematosus of right lower eyelid
H01.123,"Discoid lupus erythematosus of right eye, unspecified eyelid"
H01.124,Discoid lupus erythematosus of left upper eyelid
H01.125,Discoid lupus erythematosus of left lower eyelid
H01.126,"Discoid lupus erythematosus of left eye, unspecified eyelid"
H01.129,"Discoid lupus erythematosus of unspecified eye, unspecified eyelid"
H01.131,Eczematous dermatitis of right upper eyelid
H01.132,Eczematous dermatitis of right lower eyelid
H01.133,"Eczematous dermatitis of right eye, unspecified eyelid"
H01.134,Eczematous dermatitis of left upper eyelid
H01.135,Eczematous dermatitis of left lower eyelid
H01.136,"Eczematous dermatitis of left eye, unspecified eyelid"
H01.139,"Eczematous dermatitis of unspecified eye, unspecified eyelid"
H01.141,Xeroderma of right upper eyelid
H01.142,Xeroderma of right lower eyelid
H01.143,"Xeroderma of right eye, unspecified eyelid"
H01.144,Xeroderma of left upper eyelid
H01.145,Xeroderma of left lower eyelid
H01.146,"Xeroderma of left eye, unspecified eyelid"
H01.149,"Xeroderma of unspecified eye, unspecified eyelid"
H01.81,Other specified inflammation of right upper eyelid
H01.82,Other specified inflammation of right lower eyelid
H01.83,"Other specified inflammation of right eye, unspecified eyelid"
H01.84,Other specified inflammation of left upper eyelid
H01.85,Other specified inflammation of left lower eyelid
H01.86,"Other specified inflammation of left eye, unspecified eyelid"
H01.89,"Other specified inflammation of unspecified eye, unspecified eyelid"
H01.8A,"Other specified inflammation of right eye, upper and lower eyelids"
H01.8B,"Other specified inflammation of left eye, upper and lower eyelids"
H01.9,Unspecified inflammation of eyelid
H02.001,Unspecified entropion of right upper eyelid
H02.002,Unspecified entropion of right lower eyelid
H02.003,"Unspecified entropion of right eye, unspecified eyelid"
H02.004,Unspecified entropion of left upper eyelid
H02.005,Unspecified entropion of left lower eyelid
H02.006,"Unspecified entropion of left eye, unspecified eyelid"
H02.009,"Unspecified entropion of unspecified eye, unspecified eyelid"
H02.011,Cicatricial entropion of right upper eyelid
H02.012,Cicatricial entropion of right lower eyelid
H02.013,"Cicatricial entropion of right eye, unspecified eyelid"
H02.014,Cicatricial entropion of left upper eyelid
H02.015,Cicatricial entropion of left lower eyelid
H02.016,"Cicatricial entropion of left eye, unspecified eyelid"
H02.019,"Cicatricial entropion of unspecified eye, unspecified eyelid"
H02.021,Mechanical entropion of right upper eyelid
H02.022,Mechanical entropion of right lower eyelid
H02.023,"Mechanical entropion of right eye, unspecified eyelid"
H02.024,Mechanical entropion of left upper eyelid
H02.025,Mechanical entropion of left lower eyelid
H02.026,"Mechanical entropion of left eye, unspecified eyelid"
H02.029,"Mechanical entropion of unspecified eye, unspecified eyelid"
H02.031,Senile entropion of right upper eyelid
H02.032,Senile entropion of right lower eyelid
H02.033,"Senile entropion of right eye, unspecified eyelid"
H02.034,Senile entropion of left upper eyelid
H02.035,Senile entropion of left lower eyelid
H02.036,"Senile entropion of left eye, unspecified eyelid"
H02.039,"Senile entropion of unspecified eye, unspecified eyelid"
H02.041,Spastic entropion of right upper eyelid
H02.042,Spastic entropion of right lower eyelid
H02.043,"Spastic entropion of right eye, unspecified eyelid"
H02.044,Spastic entropion of left upper eyelid
H02.045,Spastic entropion of left lower eyelid
H02.046,"Spastic entropion of left eye, unspecified eyelid"
H02.049,"Spastic entropion of unspecified eye, unspecified eyelid"
H02.051,Trichiasis without entropion right upper eyelid
H02.052,Trichiasis without entropion right lower eyelid
H02.053,"Trichiasis without entropion right eye, unspecified eyelid"
H02.054,Trichiasis without entropion left upper eyelid
H02.055,Trichiasis without entropion left lower eyelid
H02.056,"Trichiasis without entropion left eye, unspecified eyelid"
H02.059,"Trichiasis without entropion unspecified eye, unspecified eyelid"
H02.101,Unspecified ectropion of right upper eyelid
H02.102,Unspecified ectropion of right lower eyelid
H02.103,"Unspecified ectropion of right eye, unspecified eyelid"
H02.104,Unspecified ectropion of left upper eyelid
H02.105,Unspecified ectropion of left lower eyelid
H02.106,"Unspecified ectropion of left eye, unspecified eyelid"
H02.109,"Unspecified ectropion of unspecified eye, unspecified eyelid"
H02.111,Cicatricial ectropion of right upper eyelid
H02.112,Cicatricial ectropion of right lower eyelid
H02.113,"Cicatricial ectropion of right eye, unspecified eyelid"
H02.114,Cicatricial ectropion of left upper eyelid
H02.115,Cicatricial ectropion of left lower eyelid
H02.116,"Cicatricial ectropion of left eye, unspecified eyelid"
H02.119,"Cicatricial ectropion of unspecified eye, unspecified eyelid"
H02.121,Mechanical ectropion of right upper eyelid
H02.122,Mechanical ectropion of right lower eyelid
H02.123,"Mechanical ectropion of right eye, unspecified eyelid"
H02.124,Mechanical ectropion of left upper eyelid
H02.125,Mechanical ectropion of left lower eyelid
H02.126,"Mechanical ectropion of left eye, unspecified eyelid"
H02.129,"Mechanical ectropion of unspecified eye, unspecified eyelid"
H02.131,Senile ectropion of right upper eyelid
H02.132,Senile ectropion of right lower eyelid
H02.133,"Senile ectropion of right eye, unspecified eyelid"
H02.134,Senile ectropion of left upper eyelid
H02.135,Senile ectropion of left lower eyelid
H02.136,"Senile ectropion of left eye, unspecified eyelid"
H02.139,"Senile ectropion of unspecified eye, unspecified eyelid"
H02.141,Spastic ectropion of right upper eyelid
H02.142,Spastic ectropion of right lower eyelid
H02.143,"Spastic ectropion of right eye, unspecified eyelid"
H02.144,Spastic ectropion of left upper eyelid
H02.145,Spastic ectropion of left lower eyelid
H02.146,"Spastic ectropion of left eye, unspecified eyelid"
H02.149,"Spastic ectropion of unspecified eye, unspecified eyelid"
H02.151,Paralytic ectropion of right upper eyelid
H02.152,Paralytic ectropion of right lower eyelid
H02.153,"Paralytic ectropion of right eye, unspecified eyelid"
H02.154,Paralytic ectropion of left upper eyelid
H02.155,Paralytic ectropion of left lower eyelid
H02.156,"Paralytic ectropion of left eye, unspecified eyelid"
H02.159,"Paralytic ectropion of unspecified eye, unspecified eyelid"
H02.201,Unspecified lagophthalmos right upper eyelid
H02.202,Unspecified lagophthalmos right lower eyelid
H02.203,"Unspecified lagophthalmos right eye, unspecified eyelid"
H02.204,Unspecified lagophthalmos left upper eyelid
H02.205,Unspecified lagophthalmos left lower eyelid
H02.206,"Unspecified lagophthalmos left eye, unspecified eyelid"
H02.209,"Unspecified lagophthalmos unspecified eye, unspecified eyelid"
H02.20A,"Unspecified lagophthalmos right eye, upper and lower eyelids"
H02.20B,"Unspecified lagophthalmos left eye, upper and lower eyelids"
H02.20C,"Unspecified lagophthalmos, bilateral, upper and lower eyelids"
H02.211,Cicatricial lagophthalmos right upper eyelid
H02.212,Cicatricial lagophthalmos right lower eyelid
H02.213,"Cicatricial lagophthalmos right eye, unspecified eyelid"
H02.214,Cicatricial lagophthalmos left upper eyelid
H02.215,Cicatricial lagophthalmos left lower eyelid
H02.216,"Cicatricial lagophthalmos left eye, unspecified eyelid"
H02.219,"Cicatricial lagophthalmos unspecified eye, unspecified eyelid"
H02.21A,"Cicatricial lagophthalmos right eye, upper and lower eyelids"
H02.21B,"Cicatricial lagophthalmos left eye, upper and lower eyelids"
H02.21C,"Cicatricial lagophthalmos, bilateral, upper and lower eyelids"
H02.221,Mechanical lagophthalmos right upper eyelid
H02.222,Mechanical lagophthalmos right lower eyelid
H02.223,"Mechanical lagophthalmos right eye, unspecified eyelid"
H02.224,Mechanical lagophthalmos left upper eyelid
H02.225,Mechanical lagophthalmos left lower eyelid
H02.226,"Mechanical lagophthalmos left eye, unspecified eyelid"
H02.229,"Mechanical lagophthalmos unspecified eye, unspecified eyelid"
H02.22A,"Mechanical lagophthalmos right eye, upper and lower eyelids"
H02.22B,"Mechanical lagophthalmos left eye, upper and lower eyelids"
H02.22C,"Mechanical lagophthalmos, bilateral, upper and lower eyelids"
H02.231,Paralytic lagophthalmos right upper eyelid
H02.232,Paralytic lagophthalmos right lower eyelid
H02.233,"Paralytic lagophthalmos right eye, unspecified eyelid"
H02.234,Paralytic lagophthalmos left upper eyelid
H02.235,Paralytic lagophthalmos left lower eyelid
H02.236,"Paralytic lagophthalmos left eye, unspecified eyelid"
H02.239,"Paralytic lagophthalmos unspecified eye, unspecified eyelid"
H02.23A,"Paralytic lagophthalmos right eye, upper and lower eyelids"
H02.23B,"Paralytic lagophthalmos left eye, upper and lower eyelids"
H02.23C,"Paralytic lagophthalmos, bilateral, upper and lower eyelids"
H02.30,"Blepharochalasis unspecified eye, unspecified eyelid"
H02.31,Blepharochalasis right upper eyelid
H02.32,Blepharochalasis right lower eyelid
H02.33,"Blepharochalasis right eye, unspecified eyelid"
H02.34,Blepharochalasis left upper eyelid
H02.35,Blepharochalasis left lower eyelid
H02.36,"Blepharochalasis left eye, unspecified eyelid"
H02.401,Unspecified ptosis of right eyelid
H02.402,Unspecified ptosis of left eyelid
H02.403,Unspecified ptosis of bilateral eyelids
H02.409,Unspecified ptosis of unspecified eyelid
H02.411,Mechanical ptosis of right eyelid
H02.412,Mechanical ptosis of left eyelid
H02.413,Mechanical ptosis of bilateral eyelids
H02.419,Mechanical ptosis of unspecified eyelid
H02.421,Myogenic ptosis of right eyelid
H02.422,Myogenic ptosis of left eyelid
H02.423,Myogenic ptosis of bilateral eyelids
H02.429,Myogenic ptosis of unspecified eyelid
H02.431,Paralytic ptosis of right eyelid
H02.432,Paralytic ptosis of left eyelid
H02.433,Paralytic ptosis of bilateral eyelids
H02.439,Paralytic ptosis unspecified eyelid
H02.511,Abnormal innervation syndrome right upper eyelid
H02.512,Abnormal innervation syndrome right lower eyelid
H02.513,"Abnormal innervation syndrome right eye, unspecified eyelid"
H02.514,Abnormal innervation syndrome left upper eyelid
H02.515,Abnormal innervation syndrome left lower eyelid
H02.516,"Abnormal innervation syndrome left eye, unspecified eyelid"
H02.519,"Abnormal innervation syndrome unspecified eye, unspecified eyelid"
H02.521,Blepharophimosis right upper eyelid
H02.522,Blepharophimosis right lower eyelid
H02.523,"Blepharophimosis right eye, unspecified eyelid"
H02.524,Blepharophimosis left upper eyelid
H02.525,Blepharophimosis left lower eyelid
H02.526,"Blepharophimosis left eye, unspecified eyelid"
H02.529,"Blepharophimosis unspecified eye, unspecified lid"
H02.531,Eyelid retraction right upper eyelid
H02.532,Eyelid retraction right lower eyelid
H02.533,"Eyelid retraction right eye, unspecified eyelid"
H02.534,Eyelid retraction left upper eyelid
H02.535,Eyelid retraction left lower eyelid
H02.536,"Eyelid retraction left eye, unspecified eyelid"
H02.539,"Eyelid retraction unspecified eye, unspecified lid"
H02.59,Other disorders affecting eyelid function
H02.60,"Xanthelasma of unspecified eye, unspecified eyelid"
H02.61,Xanthelasma of right upper eyelid
H02.62,Xanthelasma of right lower eyelid
H02.63,"Xanthelasma of right eye, unspecified eyelid"
H02.64,Xanthelasma of left upper eyelid
H02.65,Xanthelasma of left lower eyelid
H02.66,"Xanthelasma of left eye, unspecified eyelid"
H02.70,Unspecified degenerative disorders of eyelid and periocular area
H02.711,Chloasma of right upper eyelid and periocular area
H02.712,Chloasma of right lower eyelid and periocular area
H02.713,"Chloasma of right eye, unspecified eyelid and periocular area"
H02.714,Chloasma of left upper eyelid and periocular area
H02.715,Chloasma of left lower eyelid and periocular area
H02.716,"Chloasma of left eye, unspecified eyelid and periocular area"
H02.719,"Chloasma of unspecified eye, unspecified eyelid and periocular area"
H02.721,Madarosis of right upper eyelid and periocular area
H02.722,Madarosis of right lower eyelid and periocular area
H02.723,"Madarosis of right eye, unspecified eyelid and periocular area"
H02.724,Madarosis of left upper eyelid and periocular area
H02.725,Madarosis of left lower eyelid and periocular area
H02.726,"Madarosis of left eye, unspecified eyelid and periocular area"
H02.729,"Madarosis of unspecified eye, unspecified eyelid and periocular area"
H02.731,Vitiligo of right upper eyelid and periocular area
H02.732,Vitiligo of right lower eyelid and periocular area
H02.733,"Vitiligo of right eye, unspecified eyelid and periocular area"
H02.734,Vitiligo of left upper eyelid and periocular area
H02.735,Vitiligo of left lower eyelid and periocular area
H02.736,"Vitiligo of left eye, unspecified eyelid and periocular area"
H02.739,"Vitiligo of unspecified eye, unspecified eyelid and periocular area"
H02.79,Other degenerative disorders of eyelid and periocular area
H02.811,Retained foreign body in right upper eyelid
H02.812,Retained foreign body in right lower eyelid
H02.813,"Retained foreign body in right eye, unspecified eyelid"
H02.814,Retained foreign body in left upper eyelid
H02.815,Retained foreign body in left lower eyelid
H02.816,"Retained foreign body in left eye, unspecified eyelid"
H02.819,"Retained foreign body in unspecified eye, unspecified eyelid"
H02.821,Cysts of right upper eyelid
H02.822,Cysts of right lower eyelid
H02.823,"Cysts of right eye, unspecified eyelid"
H02.824,Cysts of left upper eyelid
H02.825,Cysts of left lower eyelid
H02.826,"Cysts of left eye, unspecified eyelid"
H02.829,"Cysts of unspecified eye, unspecified eyelid"
H02.831,Dermatochalasis of right upper eyelid
H02.832,Dermatochalasis of right lower eyelid
H02.833,"Dermatochalasis of right eye, unspecified eyelid"
H02.834,Dermatochalasis of left upper eyelid
H02.835,Dermatochalasis of left lower eyelid
H02.836,"Dermatochalasis of left eye, unspecified eyelid"
H02.839,"Dermatochalasis of unspecified eye, unspecified eyelid"
H02.841,Edema of right upper eyelid
H02.842,Edema of right lower eyelid
H02.843,"Edema of right eye, unspecified eyelid"
H02.844,Edema of left upper eyelid
H02.845,Edema of left lower eyelid
H02.846,"Edema of left eye, unspecified eyelid"
H02.849,"Edema of unspecified eye, unspecified eyelid"
H02.851,Elephantiasis of right upper eyelid
H02.852,Elephantiasis of right lower eyelid
H02.853,"Elephantiasis of right eye, unspecified eyelid"
H02.854,Elephantiasis of left upper eyelid
H02.855,Elephantiasis of left lower eyelid
H02.856,"Elephantiasis of left eye, unspecified eyelid"
H02.859,"Elephantiasis of unspecified eye, unspecified eyelid"
H02.861,Hypertrichosis of right upper eyelid
H02.862,Hypertrichosis of right lower eyelid
H02.863,"Hypertrichosis of right eye, unspecified eyelid"
H02.864,Hypertrichosis of left upper eyelid
H02.865,Hypertrichosis of left lower eyelid
H02.866,"Hypertrichosis of left eye, unspecified eyelid"
H02.869,"Hypertrichosis of unspecified eye, unspecified eyelid"
H02.871,Vascular anomalies of right upper eyelid
H02.872,Vascular anomalies of right lower eyelid
H02.873,"Vascular anomalies of right eye, unspecified eyelid"
H02.874,Vascular anomalies of left upper eyelid
H02.875,Vascular anomalies of left lower eyelid
H02.876,"Vascular anomalies of left eye, unspecified eyelid"
H02.879,"Vascular anomalies of unspecified eye, unspecified eyelid"
H02.881,Meibomian gland dysfunction right upper eyelid
H02.882,Meibomian gland dysfunction right lower eyelid
H02.883,"Meibomian gland dysfunction of right eye, unspecified eyelid"
H02.884,Meibomian gland dysfunction left upper eyelid
H02.885,Meibomian gland dysfunction left lower eyelid
H02.886,"Meibomian gland dysfunction of left eye, unspecified eyelid"
H02.889,"Meibomian gland dysfunction of unspecified eye, unspecified eyelid"
H02.88A,"Meibomian gland dysfunction right eye, upper and lower eyelids"
H02.88B,"Meibomian gland dysfunction left eye, upper and lower eyelids"
H02.89,Other specified disorders of eyelid
H02.9,Unspecified disorder of eyelid
H04.001,"Unspecified dacryoadenitis, right lacrimal gland"
H04.002,"Unspecified dacryoadenitis, left lacrimal gland"
H04.003,"Unspecified dacryoadenitis, bilateral lacrimal glands"
H04.009,"Unspecified dacryoadenitis, unspecified lacrimal gland"
H04.011,"Acute dacryoadenitis, right lacrimal gland"
H04.012,"Acute dacryoadenitis, left lacrimal gland"
H04.013,"Acute dacryoadenitis, bilateral lacrimal glands"
H04.019,"Acute dacryoadenitis, unspecified lacrimal gland"
H04.021,"Chronic dacryoadenitis, right lacrimal gland"
H04.022,"Chronic dacryoadenitis, left lacrimal gland"
H04.023,"Chronic dacryoadenitis, bilateral lacrimal gland"
H04.029,"Chronic dacryoadenitis, unspecified lacrimal gland"
H04.031,Chronic enlargement of right lacrimal gland
H04.032,Chronic enlargement of left lacrimal gland
H04.033,Chronic enlargement of bilateral lacrimal glands
H04.039,Chronic enlargement of unspecified lacrimal gland
H04.111,Dacryops of right lacrimal gland
H04.112,Dacryops of left lacrimal gland
H04.113,Dacryops of bilateral lacrimal glands
H04.119,Dacryops of unspecified lacrimal gland
H04.121,Dry eye syndrome of right lacrimal gland
H04.122,Dry eye syndrome of left lacrimal gland
H04.123,Dry eye syndrome of bilateral lacrimal glands
H04.129,Dry eye syndrome of unspecified lacrimal gland
H04.131,"Lacrimal cyst, right lacrimal gland"
H04.132,"Lacrimal cyst, left lacrimal gland"
H04.133,"Lacrimal cyst, bilateral lacrimal glands"
H04.139,"Lacrimal cyst, unspecified lacrimal gland"
H04.141,"Primary lacrimal gland atrophy, right lacrimal gland"
H04.142,"Primary lacrimal gland atrophy, left lacrimal gland"
H04.143,"Primary lacrimal gland atrophy, bilateral lacrimal glands"
H04.149,"Primary lacrimal gland atrophy, unspecified lacrimal gland"
H04.151,"Secondary lacrimal gland atrophy, right lacrimal gland"
H04.152,"Secondary lacrimal gland atrophy, left lacrimal gland"
H04.153,"Secondary lacrimal gland atrophy, bilateral lacrimal glands"
H04.159,"Secondary lacrimal gland atrophy, unspecified lacrimal gland"
H04.161,"Lacrimal gland dislocation, right lacrimal gland"
H04.162,"Lacrimal gland dislocation, left lacrimal gland"
H04.163,"Lacrimal gland dislocation, bilateral lacrimal glands"
H04.169,"Lacrimal gland dislocation, unspecified lacrimal gland"
H04.19,Other specified disorders of lacrimal gland
H04.201,"Unspecified epiphora, right side"
H04.202,"Unspecified epiphora, left side"
H04.203,"Unspecified epiphora, bilateral"
H04.209,"Unspecified epiphora, unspecified side"
H04.211,"Epiphora due to excess lacrimation, right lacrimal gland"
H04.212,"Epiphora due to excess lacrimation, left lacrimal gland"
H04.213,"Epiphora due to excess lacrimation, bilateral lacrimal glands"
H04.219,"Epiphora due to excess lacrimation, unspecified lacrimal gland"
H04.221,"Epiphora due to insufficient drainage, right side"
H04.222,"Epiphora due to insufficient drainage, left side"
H04.223,"Epiphora due to insufficient drainage, bilateral"
H04.229,"Epiphora due to insufficient drainage, unspecified side"
H04.301,Unspecified dacryocystitis of right lacrimal passage
H04.302,Unspecified dacryocystitis of left lacrimal passage
H04.303,Unspecified dacryocystitis of bilateral lacrimal passages
H04.309,Unspecified dacryocystitis of unspecified lacrimal passage
H04.311,Phlegmonous dacryocystitis of right lacrimal passage
H04.312,Phlegmonous dacryocystitis of left lacrimal passage
H04.313,Phlegmonous dacryocystitis of bilateral lacrimal passages
H04.319,Phlegmonous dacryocystitis of unspecified lacrimal passage
H04.321,Acute dacryocystitis of right lacrimal passage
H04.322,Acute dacryocystitis of left lacrimal passage
H04.323,Acute dacryocystitis of bilateral lacrimal passages
H04.329,Acute dacryocystitis of unspecified lacrimal passage
H04.331,Acute lacrimal canaliculitis of right lacrimal passage
H04.332,Acute lacrimal canaliculitis of left lacrimal passage
H04.333,Acute lacrimal canaliculitis of bilateral lacrimal passages
H04.339,Acute lacrimal canaliculitis of unspecified lacrimal passage
H04.411,Chronic dacryocystitis of right lacrimal passage
H04.412,Chronic dacryocystitis of left lacrimal passage
H04.413,Chronic dacryocystitis of bilateral lacrimal passages
H04.419,Chronic dacryocystitis of unspecified lacrimal passage
H04.421,Chronic lacrimal canaliculitis of right lacrimal passage
H04.422,Chronic lacrimal canaliculitis of left lacrimal passage
H04.423,Chronic lacrimal canaliculitis of bilateral lacrimal passages
H04.429,Chronic lacrimal canaliculitis of unspecified lacrimal passage
H04.431,Chronic lacrimal mucocele of right lacrimal passage
H04.432,Chronic lacrimal mucocele of left lacrimal passage
H04.433,Chronic lacrimal mucocele of bilateral lacrimal passages
H04.439,Chronic lacrimal mucocele of unspecified lacrimal passage
H04.511,Dacryolith of right lacrimal passage
H04.512,Dacryolith of left lacrimal passage
H04.513,Dacryolith of bilateral lacrimal passages
H04.519,Dacryolith of unspecified lacrimal passage
H04.521,Eversion of right lacrimal punctum
H04.522,Eversion of left lacrimal punctum
H04.523,Eversion of bilateral lacrimal punctum
H04.529,Eversion of unspecified lacrimal punctum
H04.531,Neonatal obstruction of right nasolacrimal duct
H04.532,Neonatal obstruction of left nasolacrimal duct
H04.533,Neonatal obstruction of bilateral nasolacrimal duct
H04.539,Neonatal obstruction of unspecified nasolacrimal duct
H04.541,Stenosis of right lacrimal canaliculi
H04.542,Stenosis of left lacrimal canaliculi
H04.543,Stenosis of bilateral lacrimal canaliculi
H04.549,Stenosis of unspecified lacrimal canaliculi
H04.551,Acquired stenosis of right nasolacrimal duct
H04.552,Acquired stenosis of left nasolacrimal duct
H04.553,Acquired stenosis of bilateral nasolacrimal duct
H04.559,Acquired stenosis of unspecified nasolacrimal duct
H04.561,Stenosis of right lacrimal punctum
H04.562,Stenosis of left lacrimal punctum
H04.563,Stenosis of bilateral lacrimal punctum
H04.569,Stenosis of unspecified lacrimal punctum
H04.571,Stenosis of right lacrimal sac
H04.572,Stenosis of left lacrimal sac
H04.573,Stenosis of bilateral lacrimal sac
H04.579,Stenosis of unspecified lacrimal sac
H04.611,Lacrimal fistula right lacrimal passage
H04.612,Lacrimal fistula left lacrimal passage
H04.613,Lacrimal fistula bilateral lacrimal passages
H04.619,Lacrimal fistula unspecified lacrimal passage
H04.69,Other changes of lacrimal passages
H04.811,Granuloma of right lacrimal passage
H04.812,Granuloma of left lacrimal passage
H04.813,Granuloma of bilateral lacrimal passages
H04.819,Granuloma of unspecified lacrimal passage
H04.89,Other disorders of lacrimal system
H04.9,"Disorder of lacrimal system, unspecified"
H05.00,Unspecified acute inflammation of orbit
H05.011,Cellulitis of right orbit
H05.012,Cellulitis of left orbit
H05.013,Cellulitis of bilateral orbits
H05.019,Cellulitis of unspecified orbit
H05.021,Osteomyelitis of right orbit
H05.022,Osteomyelitis of left orbit
H05.023,Osteomyelitis of bilateral orbits
H05.029,Osteomyelitis of unspecified orbit
H05.031,Periostitis of right orbit
H05.032,Periostitis of left orbit
H05.033,Periostitis of bilateral orbits
H05.039,Periostitis of unspecified orbit
H05.041,Tenonitis of right orbit
H05.042,Tenonitis of left orbit
H05.043,Tenonitis of bilateral orbits
H05.049,Tenonitis of unspecified orbit
H05.10,Unspecified chronic inflammatory disorders of orbit
H05.111,Granuloma of right orbit
H05.112,Granuloma of left orbit
H05.113,Granuloma of bilateral orbits
H05.119,Granuloma of unspecified orbit
H05.121,"Orbital myositis, right orbit"
H05.122,"Orbital myositis, left orbit"
H05.123,"Orbital myositis, bilateral"
H05.129,"Orbital myositis, unspecified orbit"
H05.20,Unspecified exophthalmos
H05.211,"Displacement (lateral) of globe, right eye"
I00,Rheumatic fever without heart involvement
I01.0,Acute rheumatic pericarditis
I01.1,Acute rheumatic endocarditis
I01.2,Acute rheumatic myocarditis
I01.8,Other acute rheumatic heart disease
I01.9,"Acute rheumatic heart disease, unspecified"
I02.0,Rheumatic chorea with heart involvement
I02.9,Rheumatic chorea without heart involvement
I05.0,Rheumatic mitral stenosis
I05.1,Rheumatic mitral insufficiency
I05.2,Rheumatic mitral stenosis with insufficiency
I05.8,Other rheumatic mitral valve diseases
I05.9,"Rheumatic mitral valve disease, unspecified"
I06.0,Rheumatic aortic stenosis
I06.1,Rheumatic aortic insufficiency
I06.2,Rheumatic aortic stenosis with insufficiency
I06.8,Other rheumatic aortic valve diseases
I06.9,"Rheumatic aortic valve disease, unspecified"
I07.0,Rheumatic tricuspid stenosis
I07.1,Rheumatic tricuspid insufficiency
I07.2,Rheumatic tricuspid stenosis and insufficiency
I07.8,Other rheumatic tricuspid valve diseases
I07.9,"Rheumatic tricuspid valve disease, unspecified"
I08.0,Rheumatic disorders of both mitral and aortic valves
I08.1,Rheumatic disorders of both mitral and tricuspid valves
I08.2,Rheumatic disorders of both aortic and tricuspid valves
I08.3,"Combined rheumatic disorders of mitral, aortic and tricuspid valves"
I08.8,Other rheumatic multiple valve diseases
I08.9,"Rheumatic multiple valve disease, unspecified"
I09.0,Rheumatic myocarditis
I09.1,"Rheumatic diseases of endocardium, valve unspecified"
I09.2,Chronic rheumatic pericarditis
I09.81,Rheumatic heart failure
I09.89,Other specified rheumatic heart diseases
I09.9,"Rheumatic heart disease, unspecified"
I10,Essential (primary) hypertension
I11.0,Hypertensive heart disease with heart failure
I11.9,Hypertensive heart disease without heart failure
I12.0,Hypertensive chronic kidney disease with stage 5 chronic kidney disease or end stage renal disease
I12.9,"Hypertensive chronic kidney disease with stage 1 through stage 4 chronic kidney disease, or unspecified chronic kidney disease"
I13.0,"Hypertensive heart and chronic kidney disease with heart failure and stage 1 through stage 4 chronic kidney disease, or unspecified chronic kidney disease"
I13.10,"Hypertensive heart and chronic kidney disease without heart failure, with stage 1 through stage 4 chronic kidney disease, or unspecified chronic kidney disease"
I13.11,"Hypertensive heart and chronic kidney disease without heart failure, with stage 5 chronic kidney disease, or end stage renal disease"
I13.2,"Hypertensive heart and chronic kidney disease with heart failure and with stage 5 chronic kidney disease, or end stage renal disease"
I15.0,Renovascular hypertension
I15.1,Hypertension secondary to other renal disorders
I15.2,Hypertension secondary to endocrine disorders
I15.8,Other secondary hypertension
I15.9,"Secondary hypertension, unspecified"
I16.0,Hypertensive urgency
I16.1,Hypertensive emergency
I16.9,"Hypertensive crisis, unspecified"
I1A.0,Resistant hypertension
I20.0,Unstable angina
I20.1,Angina pectoris with documented spasm
I20.2,Refractory angina pectoris
I20.81,Angina pectoris with coronary microvascular dysfunction
I20.89,Other forms of angina pectoris
I20.9,"Angina pectoris, unspecified"
I21.01,ST elevation (STEMI) myocardial infarction involving left main coronary artery
I21.02,ST elevation (STEMI) myocardial infarction involving left anterior descending coronary artery
I21.09,ST elevation (STEMI) myocardial infarction involving other coronary artery of anterior wall
I21.11,ST elevation (STEMI) myocardial infarction involving right coronary artery
I21.19,ST elevation (STEMI) myocardial infarction involving other coronary artery of inferior wall
I21.21,ST elevation (STEMI) myocardial infarction involving left circumflex coronary artery
I21.29,ST elevation (STEMI) myocardial infarction involving other sites
I21.3,ST elevation (STEMI) myocardial infarction of unspecified site
I21.4,Non-ST elevation (NSTEMI) myocardial infarction
I21.9,"Acute myocardial infarction, unspecified"
I21.A1,Myocardial infarction type 2
I21.A9,Other myocardial infarction type
I21.B,Myocardial infarction with coronary microvascular dysfunction
I22.0,Subsequent ST elevation (STEMI) myocardial infarction of anterior wall
I22.1,Subsequent ST elevation (STEMI) myocardial infarction of inferior wall
I22.2,Subsequent non-ST elevation (NSTEMI) myocardial infarction
I22.8,Subsequent ST elevation (STEMI) myocardial infarction of other sites
I22.9,Subsequent ST elevation (STEMI) myocardial infarction of unspecified site
I23.0,Hemopericardium as current complication following acute myocardial infarction
I23.1,Atrial septal defect as current complication following acute myocardial infarction
I23.2,Ventricular septal defect as current complication following acute myocardial infarction
I23.3,Rupture of cardiac wall without hemopericardium as current complication following acute myocardial infarction
I23.4,Rupture of chordae tendineae as current complication following acute myocardial infarction
I23.5,Rupture of papillary muscle as current complication following acute myocardial infarction
I23.6,"Thrombosis of atrium, auricular appendage, and ventricle as current complications following acute myocardial infarction"
I23.7,Postinfarction angina
I23.8,Other current complications following acute myocardial infarction
I24.0,Acute coronary thrombosis not resulting in myocardial infarction
I24.1,Dressler's syndrome
I24.81,Acute coronary microvascular dysfunction
I24.89,Other forms of acute ischemic heart disease
I24.9,"Acute ischemic heart disease, unspecified"
I25.10,Atherosclerotic heart disease of native coronary artery without angina pectoris
I25.110,Atherosclerotic heart disease of native coronary artery with unstable angina pectoris
I25.111,Atherosclerotic heart disease of native coronary artery with angina pectoris with documented spasm
I25.112,Atherosclerotic heart disease of native coronary artery with refractory angina pectoris
I25.118,Atherosclerotic heart disease of native coronary artery with other forms of angina pectoris
I25.119,Atherosclerotic heart disease of native coronary artery with unspecified angina pectoris
I25.2,Old myocardial infarction
I25.3,Aneurysm of heart
I25.41,Coronary artery aneurysm
I25.42,Coronary artery dissection
I25.5,Ischemic cardiomyopathy
I25.6,Silent myocardial ischemia
I25.700,"Atherosclerosis of coronary artery bypass graft(s), unspecified, with unstable angina pectoris"
I25.701,"Atherosclerosis of coronary artery bypass graft(s), unspecified, with angina pectoris with documented spasm"
I25.702,"Atherosclerosis of coronary artery bypass graft(s), unspecified, with refractory angina pectoris"
I25.708,"Atherosclerosis of coronary artery bypass graft(s), unspecified, with other forms of angina pectoris"
I25.709,"Atherosclerosis of coronary artery bypass graft(s), unspecified, with unspecified angina pectoris"
I25.710,Atherosclerosis of autologous vein coronary artery bypass graft(s) with unstable angina pectoris
I25.711,Atherosclerosis of autologous vein coronary artery bypass graft(s) with angina pectoris with documented spasm
I25.712,Atherosclerosis of autologous vein coronary artery bypass graft(s) with refractory angina pectoris
I25.718,Atherosclerosis of autologous vein coronary artery bypass graft(s) with other forms of angina pectoris
I25.719,Atherosclerosis of autologous vein coronary artery bypass graft(s) with unspecified angina pectoris
I25.720,Atherosclerosis of autologous artery coronary artery bypass graft(s) with unstable angina pectoris
I25.721,Atherosclerosis of autologous artery coronary artery bypass graft(s) with angina pectoris with documented spasm
I25.722,Atherosclerosis of autologous artery coronary artery bypass graft(s) with refractory angina pectoris
I25.728,Atherosclerosis of autologous artery coronary artery bypass graft(s) with other forms of angina pectoris
I25.729,Atherosclerosis of autologous artery coronary artery bypass graft(s) with unspecified angina pectoris
I25.730,Atherosclerosis of nonautologous biological coronary artery bypass graft(s) with unstable angina pectoris
I25.731,Atherosclerosis of nonautologous biological coronary artery bypass graft(s) with angina pectoris with documented spasm
I25.732,Atherosclerosis of nonautologous biological coronary artery bypass graft(s) with refractory angina pectoris
I25.738,Atherosclerosis of nonautologous biological coronary artery bypass graft(s) with other forms of angina pectoris
I25.739,Atherosclerosis of nonautologous biological coronary artery bypass graft(s) with unspecified angina pectoris
I25.750,Atherosclerosis of native coronary artery of transplanted heart with unstable angina
I25.751,Atherosclerosis of native coronary artery of transplanted heart with angina pectoris with documented spasm
I25.752,Atherosclerosis of native coronary artery of transplanted heart with refractory angina pectoris
I25.758,Atherosclerosis of native coronary artery of transplanted heart with other forms of angina pectoris
I25.759,Atherosclerosis of native coronary artery of transplanted heart with unspecified angina pectoris
I25.760,Atherosclerosis of bypass graft of coronary artery of transplanted heart with unstable angina
I25.761,Atherosclerosis of bypass graft of coronary artery of transplanted heart with angina pectoris with documented spasm
I25.762,Atherosclerosis of bypass graft of coronary artery of transplanted heart with refractory angina pectoris
I25.768,Atherosclerosis of bypass graft of coronary artery of transplanted heart with other forms of angina pectoris
I25.769,Atherosclerosis of bypass graft of coronary artery of transplanted heart with unspecified angina pectoris
I25.790,Atherosclerosis of other coronary artery bypass graft(s) with unstable angina pectoris
I25.791,Atherosclerosis of other coronary artery bypass graft(s) with angina pectoris with documented spasm
I25.792,Atherosclerosis of other coronary artery bypass graft(s) with refractory angina pectoris
I25.798,Atherosclerosis of other coronary artery bypass graft(s) with other forms of angina pectoris
I25.799,Atherosclerosis of other coronary artery bypass graft(s) with unspecified angina pectoris
I25.810,Atherosclerosis of coronary artery bypass graft(s) without angina pectoris
I25.811,Atherosclerosis of native coronary artery of transplanted heart without angina pectoris
I25.812,Atherosclerosis of bypass graft of coronary artery of transplanted heart without angina pectoris
I25.82,Chronic total occlusion of coronary artery
I25.83,Coronary atherosclerosis due to lipid rich plaque
I25.84,Coronary atherosclerosis due to calcified coronary lesion
I25.85,Chronic coronary microvascular dysfunction
I25.89,Other forms of chronic ischemic heart disease
I25.9,"Chronic ischemic heart disease, unspecified"
I26.01,Septic pulmonary embolism with acute cor pulmonale
I26.02,Saddle embolus of pulmonary artery with acute cor pulmonale
I26.03,Cement embolism of pulmonary artery with acute cor pulmonale
I26.04,Fat embolism of pulmonary artery with acute cor pulmonale
I26.09,Other pulmonary embolism with acute cor pulmonale
I26.90,Septic pulmonary embolism without acute cor pulmonale
I26.92,Saddle embolus of pulmonary artery without acute cor pulmonale
I26.93,Single subsegmental thrombotic pulmonary embolism without acute cor pulmonale
I26.94,Multiple subsegmental thrombotic pulmonary emboli without acute cor pulmonale
I26.95,Cement embolism of pulmonary artery without acute cor pulmonale
I26.96,Fat embolism of pulmonary artery without acute cor pulmonale
I26.99,Other pulmonary embolism without acute cor pulmonale
I27.0,Primary pulmonary hypertension
I27.1,Kyphoscoliotic heart disease
I27.20,"Pulmonary hypertension, unspecified"
I27.21,Secondary pulmonary arterial hypertension
I27.22,Pulmonary hypertension due to left heart disease
I27.23,Pulmonary hypertension due to lung diseases and hypoxia
I27.24,Chronic thromboembolic pulmonary hypertension
I27.29,Other secondary pulmonary hypertension
I27.81,Cor pulmonale (chronic)
I27.82,Chronic pulmonary embolism
I27.83,Eisenmenger's syndrome
I27.840,Fontan-associated liver disease [FALD]
I27.841,Fontan-associated lymphatic dysfunction
I27.848,Other Fontan-associated condition
I27.849,"Fontan related circulation, unspecified"
I27.89,Other specified pulmonary heart diseases
I27.9,"Pulmonary heart disease, unspecified"
I28.0,Arteriovenous fistula of pulmonary vessels
I28.1,Aneurysm of pulmonary artery
I28.8,Other diseases of pulmonary vessels
I28.9,"Disease of pulmonary vessels, unspecified"
I30.0,Acute nonspecific idiopathic pericarditis
I30.1,Infective pericarditis
I30.8,Other forms of acute pericarditis
I30.9,"Acute pericarditis, unspecified"
I31.0,Chronic adhesive pericarditis
I31.1,Chronic constrictive pericarditis
I31.2,"Hemopericardium, not elsewhere classified"
I31.31,Malignant pericardial effusion in diseases classified elsewhere
I31.39,Other pericardial effusion (noninflammatory)
I31.4,Cardiac tamponade
I31.8,Other specified diseases of pericardium
I31.9,"Disease of pericardium, unspecified"
I32,Pericarditis in diseases classified elsewhere
I33.0,Acute and subacute infective endocarditis
I33.9,"Acute and subacute endocarditis, unspecified"
I34.0,Nonrheumatic mitral (valve) insufficiency
I34.1,Nonrheumatic mitral (valve) prolapse
I34.2,Nonrheumatic mitral (valve) stenosis
I34.81,Nonrheumatic mitral (valve) annulus calcification
I34.89,Other nonrheumatic mitral valve disorders
I34.9,"Nonrheumatic mitral valve disorder, unspecified"
I35.0,Nonrheumatic aortic (valve) stenosis
I35.1,Nonrheumatic aortic (valve) insufficiency
I35.2,Nonrheumatic aortic (valve) stenosis with insufficiency
I35.8,Other nonrheumatic aortic valve disorders
I35.9,"Nonrheumatic aortic valve disorder, unspecified"
I36.0,Nonrheumatic tricuspid (valve) stenosis
I36.1,Nonrheumatic tricuspid (valve) insufficiency
I36.2,Nonrheumatic tricuspid (valve) stenosis with insufficiency
I36.8,Other nonrheumatic tricuspid valve disorders
I36.9,"Nonrheumatic tricuspid valve disorder, unspecified"
I37.0,Nonrheumatic pulmonary valve stenosis
I37.1,Nonrheumatic pulmonary valve insufficiency
I37.2,Nonrheumatic pulmonary valve stenosis with insufficiency
I37.8,Other nonrheumatic pulmonary valve disorders
I37.9,"Nonrheumatic pulmonary valve disorder, unspecified"
I38,"Endocarditis, valve unspecified"
I39,Endocarditis and heart valve disorders in diseases classified elsewhere
I40.0,Infective myocarditis
I40.1,Isolated myocarditis
I40.8,Other acute myocarditis
I40.9,"Acute myocarditis, unspecified"
I41,Myocarditis in diseases classified elsewhere
I42.0,Dilated cardiomyopathy
I42.1,Obstructive hypertrophic cardiomyopathy
I42.2,Other hypertrophic cardiomyopathy
I42.3,Endomyocardial (eosinophilic) disease
I42.4,Endocardial fibroelastosis
I42.5,Other restrictive cardiomyopathy
I42.6,Alcoholic cardiomyopathy
I42.7,Cardiomyopathy due to drug and external agent
I42.8,Other cardiomyopathies
I42.9,"Cardiomyopathy, unspecified"
I43,Cardiomyopathy in diseases classified elsewhere
I44.0,"Atrioventricular block, first degree"
I44.1,"Atrioventricular block, second degree"
I44.2,"Atrioventricular block, complete"
I44.30,Unspecified atrioventricular block
I44.39,Other atrioventricular block
I44.4,Left anterior fascicular block
I44.5,Left posterior fascicular block
I44.60,Unspecified fascicular block
I44.69,Other fascicular block
I44.7,"Left bundle-branch block, unspecified"
I45.0,Right fascicular block
I45.10,Unspecified right bundle-branch block
I45.19,Other right bundle-branch block
I45.2,Bifascicular block
I45.3,Trifascicular block
I45.4,Nonspecific intraventricular block
I45.5,Other specified heart block
I45.6,Pre-excitation syndrome
I45.81,Long QT syndrome
I45.89,Other specified conduction disorders
I45.9,"Conduction disorder, unspecified"
I46.2,Cardiac arrest due to underlying cardiac condition
I46.8,Cardiac arrest due to other underlying condition
I46.9,"Cardiac arrest, cause unspecified"
I47.0,Re-entry ventricular arrhythmia
I47.10,"Supraventricular tachycardia, unspecified"
I47.11,"Inappropriate sinus tachycardia, so stated"
I47.19,Other supraventricular tachycardia
I47.20,"Ventricular tachycardia, unspecified"
I47.21,Torsades de pointes
I47.29,Other ventricular tachycardia
I47.9,"Paroxysmal tachycardia, unspecified"
I48.0,Paroxysmal atrial fibrillation
I48.11,Longstanding persistent atrial fibrillation
I48.19,Other persistent atrial fibrillation
I48.20,"Chronic atrial fibrillation, unspecified"
I48.21,Permanent atrial fibrillation
I48.3,Typical atrial flutter
I48.4,Atypical atrial flutter
I48.91,Unspecified atrial fibrillation
I48.92,Unspecified atrial flutter
I49.01,Ventricular fibrillation
I49.02,Ventricular flutter
I49.1,Atrial premature depolarization
I49.2,Junctional premature depolarization
I49.3,Ventricular premature depolarization
I49.40,Unspecified premature depolarization
I49.49,Other premature depolarization
I49.5,Sick sinus syndrome
I49.8,Other specified cardiac arrhythmias
I49.9,"Cardiac arrhythmia, unspecified"
I50.1,"Left ventricular failure, unspecified"
I50.20,Unspecified systolic (congestive) heart failure
I50.21,Acute systolic (congestive) heart failure
I50.22,Chronic systolic (congestive) heart failure
I50.23,Acute on chronic systolic (congestive) heart failure
I50.30,Unspecified diastolic (congestive) heart failure
I50.31,Acute diastolic (congestive) heart failure
I50.32,Chronic diastolic (congestive) heart failure
I50.33,Acute on chronic diastolic (congestive) heart failure
I50.40,Unspecified combined systolic (congestive) and diastolic (congestive) heart failure
I50.41,Acute combined systolic (congestive) and diastolic (congestive) heart failure
I50.42,Chronic combined systolic (congestive) and diastolic (congestive) heart failure
I50.43,Acute on chronic combined systolic (congestive) and diastolic (congestive) heart failure
I50.810,"Right heart failure, unspecified"
I50.811,Acute right heart failure
I50.812,Chronic right heart failure
I50.813,Acute on chronic right heart failure
I50.814,Right heart failure due to left heart failure
I50.82,Biventricular heart failure
I50.83,High output heart failure
I50.84,End stage heart failure
I50.89,Other heart failure
I50.9,"Heart failure, unspecified"
I51.0,"Cardiac septal defect, acquired"
I51.1,"Rupture of chordae tendineae, not elsewhere classified"
I51.2,"Rupture of papillary muscle, not elsewhere classified"
I51.3,"Intracardiac thrombosis, not elsewhere classified"
I51.4,"Myocarditis, unspecified"
I51.5,Myocardial degeneration
I51.7,Cardiomegaly
I51.81,Takotsubo syndrome
I51.89,Other ill-defined heart diseases
I51.9,"Heart disease, unspecified"
I52,Other heart disorders in diseases classified elsewhere
I5A,Non-ischemic myocardial injury (non-traumatic)
I60.00,Nontraumatic subarachnoid hemorrhage from unspecified carotid siphon and bifurcation
I60.01,Nontraumatic subarachnoid hemorrhage from right carotid siphon and bifurcation
I60.02,Nontraumatic subarachnoid hemorrhage from left carotid siphon and bifurcation
I60.10,Nontraumatic subarachnoid hemorrhage from unspecified middle cerebral artery
I60.11,Nontraumatic subarachnoid hemorrhage from right middle cerebral artery
I60.12,Nontraumatic subarachnoid hemorrhage from left middle cerebral artery
I60.2,Nontraumatic subarachnoid hemorrhage from anterior communicating artery
I60.30,Nontraumatic subarachnoid hemorrhage from unspecified posterior communicating artery
I60.31,Nontraumatic subarachnoid hemorrhage from right posterior communicating artery
I60.32,Nontraumatic subarachnoid hemorrhage from left posterior communicating artery
I60.4,Nontraumatic subarachnoid hemorrhage from basilar artery
I60.50,Nontraumatic subarachnoid hemorrhage from unspecified vertebral artery
I60.51,Nontraumatic subarachnoid hemorrhage from right vertebral artery
I60.52,Nontraumatic subarachnoid hemorrhage from left vertebral artery
I60.6,Nontraumatic subarachnoid hemorrhage from other intracranial arteries
I60.7,Nontraumatic subarachnoid hemorrhage from unspecified intracranial artery
I60.8,Other nontraumatic subarachnoid hemorrhage
I60.9,"Nontraumatic subarachnoid hemorrhage, unspecified"
I61.0,"Nontraumatic intracerebral hemorrhage in hemisphere, subcortical"
I61.1,"Nontraumatic intracerebral hemorrhage in hemisphere, cortical"
I61.2,"Nontraumatic intracerebral hemorrhage in hemisphere, unspecified"
I61.3,Nontraumatic intracerebral hemorrhage in brain stem
I61.4,Nontraumatic intracerebral hemorrhage in cerebellum
I61.5,"Nontraumatic intracerebral hemorrhage, intraventricular"
I61.6,"Nontraumatic intracerebral hemorrhage, multiple localized"
I61.8,Other nontraumatic intracerebral hemorrhage
I61.9,"Nontraumatic intracerebral hemorrhage, unspecified"
I62.00,"Nontraumatic subdural hemorrhage, unspecified"
I62.01,Nontraumatic acute subdural hemorrhage
I62.02,Nontraumatic subacute subdural hemorrhage
I62.03,Nontraumatic chronic subdural hemorrhage
I62.1,Nontraumatic extradural hemorrhage
I62.9,"Nontraumatic intracranial hemorrhage, unspecified"
I63.00,Cerebral infarction due to thrombosis of unspecified precerebral artery
I63.011,Cerebral infarction due to thrombosis of right vertebral artery
I63.012,Cerebral infarction due to thrombosis of left vertebral artery
I63.013,Cerebral infarction due to thrombosis of bilateral vertebral arteries
I63.019,Cerebral infarction due to thrombosis of unspecified vertebral artery
I63.02,Cerebral infarction due to thrombosis of basilar artery
I63.031,Cerebral infarction due to thrombosis of right carotid artery
I63.032,Cerebral infarction due to thrombosis of left carotid artery
I63.033,Cerebral infarction due to thrombosis of bilateral carotid arteries
I63.039,Cerebral infarction due to thrombosis of unspecified carotid artery
I63.09,Cerebral infarction due to thrombosis of other precerebral artery
I63.10,Cerebral infarction due to embolism of unspecified precerebral artery
I63.111,Cerebral infarction due to embolism of right vertebral artery
I63.112,Cerebral infarction due to embolism of left vertebral artery
I63.113,Cerebral infarction due to embolism of bilateral vertebral arteries
I63.119,Cerebral infarction due to embolism of unspecified vertebral artery
I63.12,Cerebral infarction due to embolism of basilar artery
I63.131,Cerebral infarction due to embolism of right carotid artery
I63.132,Cerebral infarction due to embolism of left carotid artery
I63.133,Cerebral infarction due to embolism of bilateral carotid arteries
I63.139,Cerebral infarction due to embolism of unspecified carotid artery
I63.19,Cerebral infarction due to embolism of other precerebral artery
I63.20,Cerebral infarction due to unspecified occlusion or stenosis of unspecified precerebral arteries
I63.211,Cerebral infarction due to unspecified occlusion or stenosis of right vertebral artery
I63.212,Cerebral infarction due to unspecified occlusion or stenosis of left vertebral artery
I63.213,Cerebral infarction due to unspecified occlusion or stenosis of bilateral vertebral arteries
I63.219,Cerebral infarction due to unspecified occlusion or stenosis of unspecified vertebral artery
I63.22,Cerebral infarction due to unspecified occlusion or stenosis of basilar artery
I63.231,Cerebral infarction due to unspecified occlusion or stenosis of right carotid arteries
I63.232,Cerebral infarction due to unspecified occlusion or stenosis of left carotid arteries
I63.233,Cerebral infarction due to unspecified occlusion or stenosis of bilateral carotid arteries
I63.239,Cerebral infarction due to unspecified occlusion or stenosis of unspecified carotid artery
I63.29,Cerebral infarction due to unspecified occlusion or stenosis of other precerebral arteries
I63.30,Cerebral infarction due to thrombosis of unspecified cerebral artery
I63.311,Cerebral infarction due to thrombosis of right middle cerebral artery
I63.312,Cerebral infarction due to thrombosis of left middle cerebral artery
I63.313,Cerebral infarction due to thrombosis of bilateral middle cerebral arteries
I63.319,Cerebral infarction due to thrombosis of unspecified middle cerebral artery
I63.321,Cerebral infarction due to thrombosis of right anterior cerebral artery
I63.322,Cerebral infarction due to thrombosis of left anterior cerebral artery
I63.323,Cerebral infarction due to thrombosis of bilateral anterior cerebral arteries
I63.329,Cerebral infarction due to thrombosis of unspecified anterior cerebral artery
I63.331,Cerebral infarction due to thrombosis of right posterior cerebral artery
I63.332,Cerebral infarction due to thrombosis of left posterior cerebral artery
I63.333,Cerebral infarction due to thrombosis of bilateral posterior cerebral arteries
I63.339,Cerebral infarction due to thrombosis of unspecified posterior cerebral artery
I63.341,Cerebral infarction due to thrombosis of right cerebellar artery
I63.342,Cerebral infarction due to thrombosis of left cerebellar artery
I63.343,Cerebral infarction due to thrombosis of bilateral cerebellar arteries
I63.349,Cerebral infarction due to thrombosis of unspecified cerebellar artery
I63.39,Cerebral infarction due to thrombosis of other cerebral artery
I63.40,Cerebral infarction due to embolism of unspecified cerebral artery
I63.411,Cerebral infarction due to embolism of right middle cerebral artery
I63.412,Cerebral infarction due to embolism of left middle cerebral artery
I63.413,Cerebral infarction due to embolism of bilateral middle cerebral arteries
I63.419,Cerebral infarction due to embolism of unspecified middle cerebral artery
I63.421,Cerebral infarction due to embolism of right anterior cerebral artery
I63.422,Cerebral infarction due to embolism of left anterior cerebral artery
I63.423,Cerebral infarction due to embolism of bilateral anterior cerebral arteries
I63.429,Cerebral infarction due to embolism of unspecified anterior cerebral artery
I63.431,Cerebral infarction due to embolism of right posterior cerebral artery
I63.432,Cerebral infarction due to embolism of left posterior cerebral artery
I63.433,Cerebral infarction due to embolism of bilateral posterior cerebral arteries
I63.439,Cerebral infarction due to embolism of unspecified posterior cerebral artery
I63.441,Cerebral infarction due to embolism of right cerebellar artery
I63.442,Cerebral infarction due to embolism of left cerebellar artery
I63.443,Cerebral infarction due to embolism of bilateral cerebellar arteries
I63.449,Cerebral infarction due to embolism of unspecified cerebellar artery
I63.49,Cerebral infarction due to embolism of other cerebral artery
I63.50,Cerebral infarction due to unspecified occlusion or stenosis of unspecified cerebral artery
I63.511,Cerebral infarction due to unspecified occlusion or stenosis of right middle cerebral artery
I63.512,Cerebral infarction due to unspecified occlusion or stenosis of left middle cerebral artery
I63.513,Cerebral infarction due to unspecified occlusion or stenosis of bilateral middle cerebral arteries
I63.519,Cerebral infarction due to unspecified occlusion or stenosis of unspecified middle cerebral artery
I63.521,Cerebral infarction due to unspecified occlusion or stenosis of right anterior cerebral artery
I63.522,Cerebral infarction due to unspecified occlusion or stenosis of left anterior cerebral artery
I63.523,Cerebral infarction due to unspecified occlusion or stenosis of bilateral anterior cerebral arteries
I63.529,Cerebral infarction due to unspecified occlusion or stenosis of unspecified anterior cerebral artery
I63.531,Cerebral infarction due to unspecified occlusion or stenosis of right posterior cerebral artery
I63.532,Cerebral infarction due to unspecified occlusion or stenosis of left posterior cerebral artery
I63.533,Cerebral infarction due to unspecified occlusion or stenosis of bilateral posterior cerebral arteries
I63.539,Cerebral infarction due to unspecified occlusion or stenosis of unspecified posterior cerebral artery
I63.541,Cerebral infarction due to unspecified occlusion or stenosis of right cerebellar artery
I63.542,Cerebral infarction due to unspecified occlusion or stenosis of left cerebellar artery
I63.543,Cerebral infarction due to unspecified occlusion or stenosis of bilateral cerebellar arteries
I63.549,Cerebral infarction due to unspecified occlusion or stenosis of unspecified cerebellar artery
I63.59,Cerebral infarction due to unspecified occlusion or stenosis of other cerebral artery
I63.6,"Cerebral infarction due to cerebral venous thrombosis, nonpyogenic"
I63.81,Other cerebral infarction due to occlusion or stenosis of small artery
I63.89,Other cerebral infarction
I63.9,"Cerebral infarction, unspecified"
I65.01,Occlusion and stenosis of right vertebral artery
I65.02,Occlusion and stenosis of left vertebral artery
I65.03,Occlusion and stenosis of bilateral vertebral arteries
I65.09,Occlusion and stenosis of unspecified vertebral artery
I65.1,Occlusion and stenosis of basilar artery
I65.21,Occlusion and stenosis of right carotid artery
I65.22,Occlusion and stenosis of left carotid artery
I65.23,Occlusion and stenosis of bilateral carotid arteries
I65.29,Occlusion and stenosis of unspecified carotid artery
I65.8,Occlusion and stenosis of other precerebral arteries
I65.9,Occlusion and stenosis of unspecified precerebral artery
I66.01,Occlusion and stenosis of right middle cerebral artery
I66.02,Occlusion and stenosis of left middle cerebral artery
I66.03,Occlusion and stenosis of bilateral middle cerebral arteries
I66.09,Occlusion and stenosis of unspecified middle cerebral artery
I66.11,Occlusion and stenosis of right anterior cerebral artery
I66.12,Occlusion and stenosis of left anterior cerebral artery
I66.13,Occlusion and stenosis of bilateral anterior cerebral arteries
I66.19,Occlusion and stenosis of unspecified anterior cerebral artery
I66.21,Occlusion and stenosis of right posterior cerebral artery
I66.22,Occlusion and stenosis of left posterior cerebral artery
I66.23,Occlusion and stenosis of bilateral posterior cerebral arteries
I66.29,Occlusion and stenosis of unspecified posterior cerebral artery
I66.3,Occlusion and stenosis of cerebellar arteries
I66.8,Occlusion and stenosis of other cerebral arteries
I66.9,Occlusion and stenosis of unspecified cerebral artery
I67.0,"Dissection of cerebral arteries, nonruptured"
I67.1,"Cerebral aneurysm, nonruptured"
I67.2,Cerebral atherosclerosis
I67.3,Progressive vascular leukoencephalopathy
I67.4,Hypertensive encephalopathy
I67.5,Moyamoya disease
I67.6,Nonpyogenic thrombosis of intracranial venous system
I67.7,"Cerebral arteritis, not elsewhere classified"
I67.81,Acute cerebrovascular insufficiency
I67.82,Cerebral ischemia
I67.83,Posterior reversible encephalopathy syndrome
I67.841,Reversible cerebrovascular vasoconstriction syndrome
I67.848,Other cerebrovascular vasospasm and vasoconstriction
I67.850,Cerebral autosomal dominant arteriopathy with subcortical infarcts and leukoencephalopathy
I67.858,Other hereditary cerebrovascular disease
I67.89,Other cerebrovascular disease
I67.9,"Cerebrovascular disease, unspecified"
I68.0,Cerebral amyloid angiopathy
I68.2,Cerebral arteritis in other diseases classified elsewhere
I68.8,Other cerebrovascular disorders in diseases classified elsewhere
I69.00,Unspecified sequelae of nontraumatic subarachnoid hemorrhage
I69.010,Attention and concentration deficit following nontraumatic subarachnoid hemorrhage
I69.011,Memory deficit following nontraumatic subarachnoid hemorrhage
I69.012,Visuospatial deficit and spatial neglect following nontraumatic subarachnoid hemorrhage
I69.013,Psychomotor deficit following nontraumatic subarachnoid hemorrhage
I69.014,Frontal lobe and executive function deficit following nontraumatic subarachnoid hemorrhage
I69.015,Cognitive social or emotional deficit following nontraumatic subarachnoid hemorrhage
I69.018,Other symptoms and signs involving cognitive functions following nontraumatic subarachnoid hemorrhage
I69.019,Unspecified symptoms and signs involving cognitive functions following nontraumatic subarachnoid hemorrhage
I69.020,Aphasia following nontraumatic subarachnoid hemorrhage
J00,Acute nasopharyngitis [common cold]
J01.00,"Acute maxillary sinusitis, unspecified"
J01.01,Acute recurrent maxillary sinusitis
J01.10,"Acute frontal sinusitis, unspecified"
J01.11,Acute recurrent frontal sinusitis
J01.20,"Acute ethmoidal sinusitis, unspecified"
J01.21,Acute recurrent ethmoidal sinusitis
J01.30,"Acute sphenoidal sinusitis, unspecified"
J01.31,Acute recurrent sphenoidal sinusitis
J01.40,"Acute pansinusitis, unspecified"
J01.41,Acute recurrent pansinusitis
J01.80,Other acute sinusitis
J01.81,Other acute recurrent sinusitis
J01.90,"Acute sinusitis, unspecified"
J01.91,"Acute recurrent sinusitis, unspecified"
J02.0,Streptococcal pharyngitis
J02.8,Acute pharyngitis due to other specified organisms
J02.9,"Acute pharyngitis, unspecified"
J03.00,"Acute streptococcal tonsillitis, unspecified"
J03.01,Acute recurrent streptococcal tonsillitis
J03.80,Acute tonsillitis due to other specified organisms
J03.81,Acute recurrent tonsillitis due to other specified organisms
J03.90,"Acute tonsillitis, unspecified"
J03.91,"Acute recurrent tonsillitis, unspecified"
J04.0,Acute laryngitis
J04.10,Acute tracheitis without obstruction
J04.11,Acute tracheitis with obstruction
J04.2,Acute laryngotracheitis
J04.30,"Supraglottitis, unspecified, without obstruction"
J04.31,"Supraglottitis, unspecified, with obstruction"
J05.0,Acute obstructive laryngitis [croup]
J05.10,Acute epiglottitis without obstruction
J05.11,Acute epiglottitis with obstruction
J06.0,Acute laryngopharyngitis
J06.9,"Acute upper respiratory infection, unspecified"
J09.X1,Influenza due to identified novel influenza A virus with pneumonia
J09.X2,Influenza due to identified novel influenza A virus with other respiratory manifestations
J09.X3,Influenza due to identified novel influenza A virus with gastrointestinal manifestations
J09.X9,Influenza due to identified novel influenza A virus with other manifestations
J10.00,Influenza due to other identified influenza virus with unspecified type of pneumonia
J10.01,Influenza due to other identified influenza virus with the same other identified influenza virus pneumonia
J10.08,Influenza due to other identified influenza virus with other specified pneumonia
J10.1,Influenza due to other identified influenza virus with other respiratory manifestations
J10.2,Influenza due to other identified influenza virus with gastrointestinal manifestations
J10.81,Influenza due to other identified influenza virus with encephalopathy
J10.82,Influenza due to other identified influenza virus with myocarditis
J10.83,Influenza due to other identified influenza virus with otitis media
J10.89,Influenza due to other identified influenza virus with other manifestations
J11.00,Influenza due to unidentified influenza virus with unspecified type of pneumonia
J11.08,Influenza due to unidentified influenza virus with specified pneumonia
J11.1,Influenza due to unidentified influenza virus with other respiratory manifestations
J11.2,Influenza due to unidentified influenza virus with gastrointestinal manifestations
J11.81,Influenza due to unidentified influenza virus with encephalopathy
J11.82,Influenza due to unidentified influenza virus with myocarditis
J11.83,Influenza due to unidentified influenza virus with otitis media
J11.89,Influenza due to unidentified influenza virus with other manifestations
J12.0,Adenoviral pneumonia
J12.1,Respiratory syncytial virus pneumonia
J12.2,Parainfluenza virus pneumonia
J12.3,Human metapneumovirus pneumonia
J12.81,Pneumonia due to SARS-associated coronavirus
J12.82,Pneumonia due to coronavirus disease 2019
J12.89,Other viral pneumonia
J12.9,"Viral pneumonia, unspecified"
J13,Pneumonia due to Streptococcus pneumoniae
J14,Pneumonia due to Hemophilus influenzae
J15.0,Pneumonia due to Klebsiella pneumoniae
J15.1,Pneumonia due to Pseudomonas
J15.20,"Pneumonia due to staphylococcus, unspecified"
J15.211,Pneumonia due to Methicillin susceptible Staphylococcus aureus
J15.212,Pneumonia due to Methicillin resistant Staphylococcus aureus
J15.29,Pneumonia due to other staphylococcus
J15.3,"Pneumonia due to streptococcus, group B"
J15.4,Pneumonia due to other streptococci
J15.5,Pneumonia due to Escherichia coli
J15.61,Pneumonia due to Acinetobacter baumannii
J15.69,Pneumonia due to other Gram-negative bacteria
J15.7,Pneumonia due to Mycoplasma pneumoniae
J15.8,Pneumonia due to other specified bacteria
J15.9,Unspecified bacterial pneumonia
J16.0,Chlamydial pneumonia
J16.8,Pneumonia due to other specified infectious organisms
J17,Pneumonia in diseases classified elsewhere
J18.0,"Bronchopneumonia, unspecified organism"
J18.1,"Lobar pneumonia, unspecified organism"
J18.2,"Hypostatic pneumonia, unspecified organism"
J18.8,"Other pneumonia, unspecified organism"
J18.9,"Pneumonia, unspecified organism"
J20.0,Acute bronchitis due to Mycoplasma pneumoniae
J20.1,Acute bronchitis due to Hemophilus influenzae
J20.2,Acute bronchitis due to streptococcus
J20.3,Acute bronchitis due to coxsackievirus
J20.4,Acute bronchitis due to parainfluenza virus
J20.5,Acute bronchitis due to respiratory syncytial virus
J20.6,Acute bronchitis due to rhinovirus
J20.7,Acute bronchitis due to echovirus
J20.8,Acute bronchitis due to other specified organisms
J20.9,"Acute bronchitis, unspecified"
J21.0,Acute bronchiolitis due to respiratory syncytial virus
J21.1,Acute bronchiolitis due to human metapneumovirus
J21.8,Acute bronchiolitis due to other specified organisms
J21.9,"Acute bronchiolitis, unspecified"
J22,Unspecified acute lower respiratory infection
J30.0,Vasomotor rhinitis
J30.1,Allergic rhinitis due to pollen
J30.2,Other seasonal allergic rhinitis
J30.5,Allergic rhinitis due to food
J30.81,Allergic rhinitis due to animal (cat) (dog) hair and dander
J30.89,Other allergic rhinitis
J30.9,"Allergic rhinitis, unspecified"
J31.0,Chronic rhinitis
J31.1,Chronic nasopharyngitis
J31.2,Chronic pharyngitis
J32.0,Chronic maxillary sinusitis
J32.1,Chronic frontal sinusitis
J32.2,Chronic ethmoidal sinusitis
J32.3,Chronic sphenoidal sinusitis
J32.4,Chronic pansinusitis
J32.8,Other chronic sinusitis
J32.9,"Chronic sinusitis, unspecified"
J33.0,Polyp of nasal cavity
J33.1,Polypoid sinus degeneration
J33.8,Other polyp of sinus
J33.9,"Nasal polyp, unspecified"
J34.0,"Abscess, furuncle and carbuncle of nose"
J34.1,Cyst and mucocele of nose and nasal sinus
J34.2,Deviated nasal septum
J34.3,Hypertrophy of nasal turbinates
J34.81,Nasal mucositis (ulcerative)
J34.8200,"Internal nasal valve collapse, unspecified"
J34.8201,"Internal nasal valve collapse, static"
J34.8202,"Internal nasal valve collapse, dynamic"
J34.8210,"External nasal valve collapse, unspecified"
J34.8211,"External nasal valve collapse, static"
J34.8212,"External nasal valve collapse, dynamic"
J34.829,"Nasal valve collapse, unspecified"
J34.89,Other specified disorders of nose and nasal sinuses
J34.9,Unspecified disorder of nose and nasal sinuses
J35.01,Chronic tonsillitis
J35.02,Chronic adenoiditis
J35.03,Chronic tonsillitis and adenoiditis
J35.1,Hypertrophy of tonsils
J35.2,Hypertrophy of adenoids
J35.3,Hypertrophy of tonsils with hypertrophy of adenoids
J35.8,Other chronic diseases of tonsils and adenoids
J35.9,"Chronic disease of tonsils and adenoids, unspecified"
J36,Peritonsillar abscess
J37.0,Chronic laryngitis
J37.1,Chronic laryngotracheitis
J38.00,"Paralysis of vocal cords and larynx, unspecified"
J38.01,"Paralysis of vocal cords and larynx, unilateral"
J38.02,"Paralysis of vocal cords and larynx, bilateral"
J38.1,Polyp of vocal cord and larynx
J38.2,Nodules of vocal cords
J38.3,Other diseases of vocal cords
J38.4,Edema of larynx
J38.5,Laryngeal spasm
J38.6,Stenosis of larynx
J38.7,Other diseases of larynx
J39.0,Retropharyngeal and parapharyngeal abscess
J39.1,Other abscess of pharynx
J39.2,Other diseases of pharynx
J39.3,"Upper respiratory tract hypersensitivity reaction, site unspecified"
J39.8,Other specified diseases of upper respiratory tract
J39.9,"Disease of upper respiratory tract, unspecified"
J40,"Bronchitis, not specified as acute or chronic"
J41.0,Simple chronic bronchitis
J41.1,Mucopurulent chronic bronchitis
J41.8,Mixed simple and mucopurulent chronic bronchitis
J42,Unspecified chronic bronchitis
J43.0,Unilateral pulmonary emphysema [MacLeod's syndrome]
J43.1,Panlobular emphysema
J43.2,Centrilobular emphysema
J43.8,Other emphysema
J43.9,"Emphysema, unspecified"
J44.0,Chronic obstructive pulmonary disease with (acute) lower respiratory infection
J44.1,Chronic obstructive pulmonary disease with (acute) exacerbation
J44.81,Bronchiolitis obliterans and bronchiolitis obliterans syndrome
J44.89,Other specified chronic obstructive pulmonary disease
J44.9,"Chronic obstructive pulmonary disease, unspecified"
J4A.0,Restrictive allograft syndrome
J4A.8,Other chronic lung allograft dysfunction
J4A.9,"Chronic lung allograft dysfunction, unspecified"
J45.20,"Mild intermittent asthma, uncomplicated"
J45.21,Mild intermittent asthma with (acute) exacerbation
J45.22,Mild intermittent asthma with status asthmaticus
J45.30,"Mild persistent asthma, uncomplicated"
J45.31,Mild persistent asthma with (acute) exacerbation
J45.32,Mild persistent asthma with status asthmaticus
J45.40,"Moderate persistent asthma, uncomplicated"
J45.41,Moderate persistent asthma with (acute) exacerbation
J45.42,Moderate persistent asthma with status asthmaticus
J45.50,"Severe persistent asthma, uncomplicated"
J45.51,Severe persistent asthma with (acute) exacerbation
J45.52,Severe persistent asthma with status asthmaticus
J45.901,Unspecified asthma with (acute) exacerbation
J45.902,Unspecified asthma with status asthmaticus
J45.909,"Unspecified asthma, uncomplicated"
J45.990,Exercise induced bronchospasm
J45.991,Cough variant asthma
J45.998,Other asthma
J47.0,Bronchiectasis with acute lower respiratory infection
J47.1,Bronchiectasis with (acute) exacerbation
J47.9,"Bronchiectasis, uncomplicated"
J60,Coalworker's pneumoconiosis
J61,Pneumoconiosis due to asbestos and other mineral fibers
J62.0,Pneumoconiosis due to talc dust
J62.8,Pneumoconiosis due to other dust containing silica
J63.0,Aluminosis (of lung)
J63.1,Bauxite fibrosis (of lung)
J63.2,Berylliosis
J63.3,Graphite fibrosis (of lung)
J63.4,Siderosis
J63.5,Stannosis
J63.6,Pneumoconiosis due to other specified inorganic dusts
J64,Unspecified pneumoconiosis
J65,Pneumoconiosis associated with tuberculosis
J66.0,Byssinosis
J66.1,Flax-dressers' disease
J66.2,Cannabinosis
J66.8,Airway disease due to other specific organic dusts
J67.0,Farmer's lung
J67.1,Bagassosis
J67.2,Bird fancier's lung
J67.3,Suberosis
J67.4,Maltworker's lung
J67.5,Mushroom-worker's lung
J67.6,Maple-bark-stripper's lung
J67.7,Air conditioner and humidifier lung
J67.8,Hypersensitivity pneumonitis due to other organic dusts
J67.9,Hypersensitivity pneumonitis due to unspecified organic dust
J68.0,"Bronchitis and pneumonitis due to chemicals, gases, fumes and vapors"
J68.1,"Pulmonary edema due to chemicals, gases, fumes and vapors"
J68.2,"Upper respiratory inflammation due to chemicals, gases, fumes and vapors, not elsewhere classified"
J68.3,"Other acute and subacute respiratory conditions due to chemicals, gases, fumes and vapors"
J68.4,"Chronic respiratory conditions due to chemicals, gases, fumes and vapors"
J68.8,"Other respiratory conditions due to chemicals, gases, fumes and vapors"
J68.9,"Unspecified respiratory condition due to chemicals, gases, fumes and vapors"
J69.0,Pneumonitis due to inhalation of food and vomit
J69.1,Pneumonitis due to inhalation of oils and essences
J69.8,Pneumonitis due to inhalation of other solids and liquids
J70.0,Acute pulmonary manifestations due to radiation
J70.1,Chronic and other pulmonary manifestations due to radiation
J70.2,Acute drug-induced interstitial lung disorders
J70.3,Chronic drug-induced interstitial lung disorders
J70.4,"Drug-induced interstitial lung disorders, unspecified"
J70.5,Respiratory conditions due to smoke inhalation
J70.8,Respiratory conditions due to other specified external agents
J70.9,Respiratory conditions due to unspecified external agent
J80,Acute respiratory distress syndrome
J81.0,Acute pulmonary edema
J81.1,Chronic pulmonary edema
J82.81,Chronic eosinophilic pneumonia
J82.82,Acute eosinophilic pneumonia
J82.83,Eosinophilic asthma
J82.89,"Other pulmonary eosinophilia, not elsewhere classified"
J84.01,Alveolar proteinosis
J84.02,Pulmonary alveolar microlithiasis
J84.03,Idiopathic pulmonary hemosiderosis
J84.09,Other alveolar and parieto-alveolar conditions
J84.10,"Pulmonary fibrosis, unspecified"
J84.111,"Idiopathic interstitial pneumonia, not otherwise specified"
J84.112,Idiopathic pulmonary fibrosis
J84.113,Idiopathic non-specific interstitial pneumonitis
J84.114,Acute interstitial pneumonitis
J84.115,Respiratory bronchiolitis interstitial lung disease
J84.116,Cryptogenic organizing pneumonia
J84.117,Desquamative interstitial pneumonia
J84.170,Interstitial lung disease with progressive fibrotic phenotype in diseases classified elsewhere
J84.178,Other interstitial pulmonary diseases with fibrosis in diseases classified elsewhere
J84.2,Lymphoid interstitial pneumonia
J84.81,Lymphangioleiomyomatosis
J84.82,Adult pulmonary Langerhans cell histiocytosis
J84.83,Surfactant mutations of the lung
J84.841,Neuroendocrine cell hyperplasia of infancy
J84.842,Pulmonary interstitial glycogenosis
J84.843,Alveolar capillary dysplasia with vein misalignment
J84.848,Other interstitial lung diseases of childhood
J84.89,Other specified interstitial pulmonary diseases
J84.9,"Interstitial pulmonary disease, unspecified"
J85.0,Gangrene and necrosis of lung
J85.1,Abscess of lung with pneumonia
J85.2,Abscess of lung without pneumonia
J85.3,Abscess of mediastinum
J86.0,Pyothorax with fistula
J86.9,Pyothorax without fistula
J90,"Pleural effusion, not elsewhere classified"
J91.0,Malignant pleural effusion
J91.8,Pleural effusion in other conditions classified elsewhere
J92.0,Pleural plaque with presence of asbestos
J92.9,Pleural plaque without asbestos
J93.0,Spontaneous tension pneumothorax
J93.11,Primary spontaneous pneumothorax
J93.12,Secondary spontaneous pneumothorax
J93.81,Chronic pneumothorax
J93.82,Other air leak
J93.83,Other pneumothorax
J93.9,"Pneumothorax, unspecified"
J94.0,Chylous effusion
J94.1,Fibrothorax
J94.2,Hemothorax
J94.8,Other specified pleural conditions
J94.9,"Pleural condition, unspecified"
J95.00,Unspecified tracheostomy complication
J95.01,Hemorrhage from tracheostomy stoma
J95.02,Infection of tracheostomy stoma
J95.03,Malfunction of tracheostomy stoma
J95.04,Tracheo-esophageal fistula following tracheostomy
J95.09,Other tracheostomy complication
J95.1,Acute pulmonary insufficiency following thoracic surgery
J95.2,Acute pulmonary insufficiency following nonthoracic surgery
J95.3,Chronic pulmonary insufficiency following surgery
J95.4,Chemical pneumonitis due to anesthesia
J95.5,Postprocedural subglottic stenosis
J95.61,Intraoperative hemorrhage and hematoma of a respiratory system organ or structure complicating a respiratory system procedure
J95.62,Intraoperative hemorrhage and hematoma of a respiratory system organ or structure complicating other procedure
J95.71,Accidental puncture and laceration of a respiratory system organ or structure during a respiratory system procedure
J95.72,Accidental puncture and laceration of a respiratory system organ or structure during other procedure
J95.811,Postprocedural pneumothorax
J95.812,Postprocedural air leak
J95.821,Acute postprocedural respiratory failure
J95.822,Acute and chronic postprocedural respiratory failure
J95.830,Postprocedural hemorrhage of a respiratory system organ or structure following a respiratory system procedure
J95.831,Postprocedural hemorrhage of a respiratory system organ or structure following other procedure
J95.84,Transfusion-related acute lung injury (TRALI)
J95.850,Mechanical complication of respirator
J95.851,Ventilator associated pneumonia
J95.859,Other complication of respirator [ventilator]
J95.860,Postprocedural hematoma of a respiratory system organ or structure following a respiratory system procedure
J95.861,Postprocedural hematoma of a respiratory system organ or structure following other procedure
J95.862,Postprocedural seroma of a respiratory system organ or structure following a respiratory system procedure
J95.863,Postprocedural seroma of a respiratory system organ or structure following other procedure
J95.87,Transfusion-associated dyspnea (TAD)
J95.88,"Other intraoperative complications of respiratory system, not elsewhere classified"
J95.89,"Other postprocedural complications and disorders of respiratory system, not elsewhere classified"
J96.00,"Acute respiratory failure, unspecified whether with hypoxia or hypercapnia"
J96.01,Acute respiratory failure with hypoxia
J96.02,Acute respiratory failure with hypercapnia
J96.10,"Chronic respiratory failure, unspecified whether with hypoxia or hypercapnia"
J96.11,Chronic respiratory failure with hypoxia
J96.12,Chronic respiratory failure with hypercapnia
J96.20,"Acute and chronic respiratory failure, unspecified whether with hypoxia or hypercapnia"
J96.21,Acute and chronic respiratory failure with hypoxia
J96.22,Acute and chronic respiratory failure with hypercapnia
J96.90,"Respiratory failure, unspecified, unspecified whether with hypoxia or hypercapnia"
J96.91,"Respiratory failure, unspecified with hypoxia"
J96.92,"Respiratory failure, unspecified with hypercapnia"
J98.01,Acute bronchospasm
J98.09,"Other diseases of bronchus, not elsewhere classified"
J98.11,Atelectasis
J98.19,Other pulmonary collapse
J98.2,Interstitial emphysema
J98.3,Compensatory emphysema
J98.4,Other disorders of lung
J98.51,Mediastinitis
J98.59,"Other diseases of mediastinum, not elsewhere classified"
J98.6,Disorders of diaphragm
J98.8,Other specified respiratory disorders
J98.9,"Respiratory disorder, unspecified"
J99,Respiratory disorders in diseases classified elsewhere
K00.0,Anodontia
K00.1,Supernumerary teeth
K00.2,Abnormalities of size and form of teeth
K00.3,Mottled teeth
K00.4,Disturbances in tooth formation
K00.5,"Hereditary disturbances in tooth structure, not elsewhere classified"
K00.6,Disturbances in tooth eruption
K00.7,Teething syndrome
K00.8,Other disorders of tooth development
K00.9,"Disorder of tooth development, unspecified"
K01.0,Embedded teeth
K01.1,Impacted teeth
K02.3,Arrested dental caries
K02.51,Dental caries on pit and fissure surface limited to enamel
K02.52,Dental caries on pit and fissure surface penetrating into dentin
K02.53,Dental caries on pit and fissure surface penetrating into pulp
K02.61,Dental caries on smooth surface limited to enamel
K02.62,Dental caries on smooth surface penetrating into dentin
K02.63,Dental caries on smooth surface penetrating into pulp
K02.7,Dental root caries
K02.9,"Dental caries, unspecified"
K03.0,Excessive attrition of teeth
K03.1,Abrasion of teeth
K03.2,Erosion of teeth
K03.3,Pathological resorption of teeth
K03.4,Hypercementosis
K03.5,Ankylosis of teeth
K03.6,Deposits [accretions] on teeth
K03.7,Posteruptive color changes of dental hard tissues
K03.81,Cracked tooth
K03.89,Other specified diseases of hard tissues of teeth
K03.9,"Disease of hard tissues of teeth, unspecified"
K04.01,Reversible pulpitis
K04.02,Irreversible pulpitis
K04.1,Necrosis of pulp
K04.2,Pulp degeneration
K04.3,Abnormal hard tissue formation in pulp
K04.4,Acute apical periodontitis of pulpal origin
K04.5,Chronic apical periodontitis
K04.6,Periapical abscess with sinus
K04.7,Periapical abscess without sinus
K04.8,Radicular cyst
K04.90,Unspecified diseases of pulp and periapical tissues
K04.99,Other diseases of pulp and periapical tissues
K05.00,"Acute gingivitis, plaque induced"
K05.01,"Acute gingivitis, non-plaque induced"
K05.10,"Chronic gingivitis, plaque induced"
K05.11,"Chronic gingivitis, non-plaque induced"
K05.20,"Aggressive periodontitis, unspecified"
K05.211,"Aggressive periodontitis, localized, slight"
K05.212,"Aggressive periodontitis, localized, moderate"
K05.213,"Aggressive periodontitis, localized, severe"
K05.219,"Aggressive periodontitis, localized, unspecified severity"
K05.221,"Aggressive periodontitis, generalized, slight"
K05.222,"Aggressive periodontitis, generalized, moderate"
K05.223,"Aggressive periodontitis, generalized, severe"
K05.229,"Aggressive periodontitis, generalized, unspecified severity"
K05.30,"Chronic periodontitis, unspecified"
K05.311,"Chronic periodontitis, localized, slight"
K05.312,"Chronic periodontitis, localized, moderate"
K05.313,"Chronic periodontitis, localized, severe"
K05.319,"Chronic periodontitis, localized, unspecified severity"
K05.321,"Chronic periodontitis, generalized, slight"
K05.322,"Chronic periodontitis, generalized, moderate"
K05.323,"Chronic periodontitis, generalized, severe"
K05.329,"Chronic periodontitis, generalized, unspecified severity"
K05.4,Periodontosis
K05.5,Other periodontal diseases
K05.6,"Periodontal disease, unspecified"
K06.010,"Localized gingival recession, unspecified"
K06.011,"Localized gingival recession, minimal"
K06.012,"Localized gingival recession, moderate"
K06.013,"Localized gingival recession, severe"
K06.020,"Generalized gingival recession, unspecified"
K06.021,"Generalized gingival recession, minimal"
K06.022,"Generalized gingival recession, moderate"
K06.023,"Generalized gingival recession, severe"
K06.1,Gingival enlargement
K06.2,Gingival and edentulous alveolar ridge lesions associated with trauma
K06.3,Horizontal alveolar bone loss
K06.8,Other specified disorders of gingiva and edentulous alveolar ridge
K06.9,"Disorder of gingiva and edentulous alveolar ridge, unspecified"
K08.0,Exfoliation of teeth due to systemic causes
K08.101,"Complete loss of teeth, unspecified cause, class I"
K08.102,"Complete loss of teeth, unspecified cause, class II"
K08.103,"Complete loss of teeth, unspecified cause, class III"
K08.104,"Complete loss of teeth, unspecified cause, class IV"
K08.109,"Complete loss of teeth, unspecified cause, unspecified class"
K08.111,"Complete loss of teeth due to trauma, class I"
K08.112,"Complete loss of teeth due to trauma, class II"
K08.113,"Complete loss of teeth due to trauma, class III"
K08.114,"Complete loss of teeth due to trauma, class IV"
K08.119,"Complete loss of teeth due to trauma, unspecified class"
K08.121,"Complete loss of teeth due to periodontal diseases, class I"
K08.122,"Complete loss of teeth due to periodontal diseases, class II"
K08.123,"Complete loss of teeth due to periodontal diseases, class III"
K08.124,"Complete loss of teeth due to periodontal diseases, class IV"
K08.129,"Complete loss of teeth due to periodontal diseases, unspecified class"
K08.131,"Complete loss of teeth due to caries, class I"
K08.132,"Complete loss of teeth due to caries, class II"
K08.133,"Complete loss of teeth due to caries, class III"
K08.134,"Complete loss of teeth due to caries, class IV"
K08.139,"Complete loss of teeth due to caries, unspecified class"
K08.191,"Complete loss of teeth due to other specified cause, class I"
K08.192,"Complete loss of teeth due to other specified cause, class II"
K08.193,"Complete loss of teeth due to other specified cause, class III"
K08.194,"Complete loss of teeth due to other specified cause, class IV"
K08.199,"Complete loss of teeth due to other specified cause, unspecified class"
K08.20,Unspecified atrophy of edentulous alveolar ridge
K08.21,Minimal atrophy of the mandible
K08.22,Moderate atrophy of the mandible
K08.23,Severe atrophy of the mandible
K08.24,Minimal atrophy of maxilla
K08.25,Moderate atrophy of the maxilla
K08.26,Severe atrophy of the maxilla
K08.3,Retained dental root
K08.401,"Partial loss of teeth, unspecified cause, class I"
K08.402,"Partial loss of teeth, unspecified cause, class II"
K08.403,"Partial loss of teeth, unspecified cause, class III"
K08.404,"Partial loss of teeth, unspecified cause, class IV"
K08.409,"Partial loss of teeth, unspecified cause, unspecified class"
K08.411,"Partial loss of teeth due to trauma, class I"
K08.412,"Partial loss of teeth due to trauma, class II"
K08.413,"Partial loss of teeth due to trauma, class III"
K08.414,"Partial loss of teeth due to trauma, class IV"
K08.419,"Partial loss of teeth due to trauma, unspecified class"
K08.421,"Partial loss of teeth due to periodontal diseases, class I"
K08.422,"Partial loss of teeth due to periodontal diseases, class II"
K08.423,"Partial loss of teeth due to periodontal diseases, class III"
K08.424,"Partial loss of teeth due to periodontal diseases, class IV"
K08.429,"Partial loss of teeth due to periodontal diseases, unspecified class"
K08.431,"Partial loss of teeth due to caries, class I"
K08.432,"Partial loss of teeth due to caries, class II"
K08.433,"Partial loss of teeth due to caries, class III"
K08.434,"Partial loss of teeth due to caries, class IV"
K08.439,"Partial loss of teeth due to caries, unspecified class"
K08.491,"Partial loss of teeth due to other specified cause, class I"
K08.492,"Partial loss of teeth due to other specified cause, class II"
K08.493,"Partial loss of teeth due to other specified cause, class III"
K08.494,"Partial loss of teeth due to other specified cause, class IV"
K08.499,"Partial loss of teeth due to other specified cause, unspecified class"
K08.50,"Unsatisfactory restoration of tooth, unspecified"
K08.51,Open restoration margins of tooth
K08.52,Unrepairable overhanging of dental restorative materials
K08.530,Fractured dental restorative material without loss of material
K08.531,Fractured dental restorative material with loss of material
K08.539,"Fractured dental restorative material, unspecified"
K08.54,Contour of existing restoration of tooth biologically incompatible with oral health
K08.55,Allergy to existing dental restorative material
K08.56,Poor aesthetic of existing restoration of tooth
K08.59,Other unsatisfactory restoration of tooth
K08.81,Primary occlusal trauma
K08.82,Secondary occlusal trauma
K08.89,Other specified disorders of teeth and supporting structures
K08.9,"Disorder of teeth and supporting structures, unspecified"
K09.0,Developmental odontogenic cysts
K09.1,Developmental (nonodontogenic) cysts of oral region
K09.8,"Other cysts of oral region, not elsewhere classified"
K09.9,"Cyst of oral region, unspecified"
K11.0,Atrophy of salivary gland
K11.1,Hypertrophy of salivary gland
K11.20,"Sialoadenitis, unspecified"
K11.21,Acute sialoadenitis
K11.22,Acute recurrent sialoadenitis
K11.23,Chronic sialoadenitis
K11.3,Abscess of salivary gland
K11.4,Fistula of salivary gland
K11.5,Sialolithiasis
K11.6,Mucocele of salivary gland
K11.7,Disturbances of salivary secretion
K11.8,Other diseases of salivary glands
K11.9,"Disease of salivary gland, unspecified"
K12.0,Recurrent oral aphthae
K12.1,Other forms of stomatitis
K12.2,Cellulitis and abscess of mouth
K12.30,"Oral mucositis (ulcerative), unspecified"
K12.31,Oral mucositis (ulcerative) due to antineoplastic therapy
K12.32,Oral mucositis (ulcerative) due to other drugs
K12.33,Oral mucositis (ulcerative) due to radiation
K12.39,Other oral mucositis (ulcerative)
K13.0,Diseases of lips
K13.1,Cheek and lip biting
K13.21,"Leukoplakia of oral mucosa, including tongue"
K13.22,Minimal keratinized residual ridge mucosa
K13.23,Excessive keratinized residual ridge mucosa
K13.24,Leukokeratosis nicotina palati
K13.29,"Other disturbances of oral epithelium, including tongue"
K13.3,Hairy leukoplakia
K13.4,Granuloma and granuloma-like lesions of oral mucosa
K13.5,Oral submucous fibrosis
K13.6,Irritative hyperplasia of oral mucosa
K13.70,Unspecified lesions of oral mucosa
K13.79,Other lesions of oral mucosa
K14.0,Glossitis
K14.1,Geographic tongue
K14.2,Median rhomboid glossitis
K14.3,Hypertrophy of tongue papillae
K14.4,Atrophy of tongue papillae
K14.5,Plicated tongue
K14.6,Glossodynia
K14.8,Other diseases of tongue
K14.9,"Disease of tongue, unspecified"
K20.0,Eosinophilic esophagitis
K20.80,Other esophagitis without bleeding
K20.81,Other esophagitis with bleeding
K20.90,"Esophagitis, unspecified without bleeding"
K20.91,"Esophagitis, unspecified with bleeding"
K21.00,"Gastro-esophageal reflux disease with esophagitis, without bleeding"
K21.01,"Gastro-esophageal reflux disease with esophagitis, with bleeding"
K21.9,Gastro-esophageal reflux disease without esophagitis
K22.0,Achalasia of cardia
K22.10,Ulcer of esophagus without bleeding
K22.11,Ulcer of esophagus with bleeding
K22.2,Esophageal obstruction
K22.3,Perforation of esophagus
K22.4,Dyskinesia of esophagus
K22.5,"Diverticulum of esophagus, acquired"
K22.6,Gastro-esophageal laceration-hemorrhage syndrome
K22.70,Barrett's esophagus without dysplasia
K22.710,Barrett's esophagus with low grade dysplasia
K22.711,Barrett's esophagus with high grade dysplasia
K22.719,"Barrett's esophagus with dysplasia, unspecified"
K22.81,Esophageal polyp
K22.82,Esophagogastric junction polyp
K22.89,Other specified disease of esophagus
K22.9,"Disease of esophagus, unspecified"
K23,Disorders of esophagus in diseases classified elsewhere
K25.0,Acute gastric ulcer with hemorrhage
K25.1,Acute gastric ulcer with perforation
K25.2,Acute gastric ulcer with both hemorrhage and perforation
K25.3,Acute gastric ulcer without hemorrhage or perforation
K25.4,Chronic or unspecified gastric ulcer with hemorrhage
K25.5,Chronic or unspecified gastric ulcer with perforation
K25.6,Chronic or unspecified gastric ulcer with both hemorrhage and perforation
K25.7,Chronic gastric ulcer without hemorrhage or perforation
K25.9,"Gastric ulcer, unspecified as acute or chronic, without hemorrhage or perforation"
K26.0,Acute duodenal ulcer with hemorrhage
K26.1,Acute duodenal ulcer with perforation
K26.2,Acute duodenal ulcer with both hemorrhage and perforation
K26.3,Acute duodenal ulcer without hemorrhage or perforation
K26.4,Chronic or unspecified duodenal ulcer with hemorrhage
K26.5,Chronic or unspecified duodenal ulcer with perforation
K26.6,Chronic or unspecified duodenal ulcer with both hemorrhage and perforation
K26.7,Chronic duodenal ulcer without hemorrhage or perforation
K26.9,"Duodenal ulcer, unspecified as acute or chronic, without hemorrhage or perforation"
K27.0,"Acute peptic ulcer, site unspecified, with hemorrhage"
K27.1,"Acute peptic ulcer, site unspecified, with perforation"
K27.2,"Acute peptic ulcer, site unspecified, with both hemorrhage and perforation"
K27.3,"Acute peptic ulcer, site unspecified, without hemorrhage or perforation"
K27.4,"Chronic or unspecified peptic ulcer, site unspecified, with hemorrhage"
K27.5,"Chronic or unspecified peptic ulcer, site unspecified, with perforation"
K27.6,"Chronic or unspecified peptic ulcer, site unspecified, with both hemorrhage and perforation"
K27.7,"Chronic peptic ulcer, site unspecified, without hemorrhage or perforation"
K27.9,"Peptic ulcer, site unspecified, unspecified as acute or chronic, without hemorrhage or perforation"
K28.0,Acute gastrojejunal ulcer with hemorrhage
K28.1,Acute gastrojejunal ulcer with perforation
K28.2,Acute gastrojejunal ulcer with both hemorrhage and perforation
K28.3,Acute gastrojejunal ulcer without hemorrhage or perforation
K28.4,Chronic or unspecified gastrojejunal ulcer with hemorrhage
K28.5,Chronic or unspecified gastrojejunal ulcer with perforation
K28.6,Chronic or unspecified gastrojejunal ulcer with both hemorrhage and perforation
K28.7,Chronic gastrojejunal ulcer without hemorrhage or perforation
K28.9,"Gastrojejunal ulcer, unspecified as acute or chronic, without hemorrhage or perforation"
K29.00,Acute gastritis without bleeding
K29.01,Acute gastritis with bleeding
K29.20,Alcoholic gastritis without bleeding
K29.21,Alcoholic gastritis with bleeding
K29.30,Chronic superficial gastritis without bleeding
K29.31,Chronic superficial gastritis with bleeding
K29.40,Chronic atrophic gastritis without bleeding
K29.41,Chronic atrophic gastritis with bleeding
K29.50,Unspecified chronic gastritis without bleeding
K29.51,Unspecified chronic gastritis with bleeding
K29.60,Other gastritis without bleeding
K29.61,Other gastritis with bleeding
K29.70,"Gastritis, unspecified, without bleeding"
K29.71,"Gastritis, unspecified, with bleeding"
K29.80,Duodenitis without bleeding
K29.81,Duodenitis with bleeding
K29.90,"Gastroduodenitis, unspecified, without bleeding"
K29.91,"Gastroduodenitis, unspecified, with bleeding"
K30,Functional dyspepsia
K31.0,Acute dilatation of stomach
K31.1,Adult hypertrophic pyloric stenosis
K31.2,Hourglass stricture and stenosis of stomach
K31.3,"Pylorospasm, not elsewhere classified"
K31.4,Gastric diverticulum
K31.5,Obstruction of duodenum
K31.6,Fistula of stomach and duodenum
K31.7,Polyp of stomach and duodenum
K31.811,Angiodysplasia of stomach and duodenum with bleeding
K31.819,Angiodysplasia of stomach and duodenum without bleeding
K31.82,Dieulafoy lesion (hemorrhagic) of stomach and duodenum
K31.83,Achlorhydria
K31.84,Gastroparesis
K31.89,Other diseases of stomach and duodenum
K31.9,"Disease of stomach and duodenum, unspecified"
K31.A0,"Gastric intestinal metaplasia, unspecified"
K31.A11,"Gastric intestinal metaplasia without dysplasia, involving the antrum"
K31.A12,"Gastric intestinal metaplasia without dysplasia, involving the body (corpus)"
K31.A13,"Gastric intestinal metaplasia without dysplasia, involving the fundus"
K31.A14,"Gastric intestinal metaplasia without dysplasia, involving the cardia"
K31.A15,"Gastric intestinal metaplasia without dysplasia, involving multiple sites"
K31.A19,"Gastric intestinal metaplasia without dysplasia, unspecified site"
K31.A21,Gastric intestinal metaplasia with low grade dysplasia
K31.A22,Gastric intestinal metaplasia with high grade dysplasia
K31.A29,"Gastric intestinal metaplasia with dysplasia, unspecified"
K35.200,"Acute appendicitis with generalized peritonitis, without perforation or abscess"
K35.201,"Acute appendicitis with generalized peritonitis, with perforation, without abscess"
K35.209,"Acute appendicitis with generalized peritonitis, without abscess, unspecified as to perforation"
K35.210,"Acute appendicitis with generalized peritonitis, without perforation, with abscess"
K35.211,"Acute appendicitis with generalized peritonitis, with perforation and abscess"
K35.219,"Acute appendicitis with generalized peritonitis, with abscess, unspecified as to perforation"
K35.30,"Acute appendicitis with localized peritonitis, without perforation or gangrene"
K35.31,"Acute appendicitis with localized peritonitis and gangrene, without perforation"
K35.32,"Acute appendicitis with perforation, localized peritonitis, and gangrene, without abscess"
K35.33,"Acute appendicitis with perforation, localized peritonitis, and gangrene, with abscess"
K35.80,Unspecified acute appendicitis
K35.890,Other acute appendicitis without perforation or gangrene
K35.891,"Other acute appendicitis without perforation, with gangrene"
K36,Other appendicitis
K37,Unspecified appendicitis
K38.0,Hyperplasia of appendix
K38.1,Appendicular concretions
K38.2,Diverticulum of appendix
K38.3,Fistula of appendix
K38.8,Other specified diseases of appendix
K38.9,"Disease of appendix, unspecified"
K40.00,"Bilateral inguinal hernia, with obstruction, without gangrene, not specified as recurrent"
K40.01,"Bilateral inguinal hernia, with obstruction, without gangrene, recurrent"
K40.10,"Bilateral inguinal hernia, with gangrene, not specified as recurrent"
K40.11,"Bilateral inguinal hernia, with gangrene, recurrent"
K40.20,"Bilateral inguinal hernia, without obstruction or gangrene, not specified as recurrent"
K40.21,"Bilateral inguinal hernia, without obstruction or gangrene, recurrent"
K40.30,"Unilateral inguinal hernia, with obstruction, without gangrene, not specified as recurrent"
K40.31,"Unilateral inguinal hernia, with obstruction, without gangrene, recurrent"
K40.40,"Unilateral inguinal hernia, with gangrene, not specified as recurrent"
K40.41,"Unilateral inguinal hernia, with gangrene, recurrent"
K40.90,"Unilateral inguinal hernia, without obstruction or gangrene, not specified as recurrent"
K40.91,"Unilateral inguinal hernia, without obstruction or gangrene, recurrent"
K41.00,"Bilateral femoral hernia, with obstruction, without gangrene, not specified as recurrent"
K41.01,"Bilateral femoral hernia, with obstruction, without gangrene, recurrent"
K41.10,"Bilateral femoral hernia, with gangrene, not specified as recurrent"
K41.11,"Bilateral femoral hernia, with gangrene, recurrent"
K41.20,"Bilateral femoral hernia, without obstruction or gangrene, not specified as recurrent"
K41.21,"Bilateral femoral hernia, without obstruction or gangrene, recurrent"
K41.30,"Unilateral femoral hernia, with obstruction, without gangrene, not specified as recurrent"
K41.31,"Unilateral femoral hernia, with obstruction, without gangrene, recurrent"
K41.40,"Unilateral femoral hernia, with gangrene, not specified as recurrent"
K41.41,"Unilateral femoral hernia, with gangrene, recurrent"
K41.90,"Unilateral femoral hernia, without obstruction or gangrene, not specified as recurrent"
K41.91,"Unilateral femoral hernia, without obstruction or gangrene, recurrent"
K42.0,"Umbilical hernia with obstruction, without gangrene"
K42.1,Umbilical hernia with gangrene
K42.9,Umbilical hernia without obstruction or gangrene
K43.0,"Incisional hernia with obstruction, without gangrene"
K43.1,Incisional hernia with gangrene
K43.2,Incisional hernia without obstruction or gangrene
K43.3,"Parastomal hernia with obstruction, without gangrene"
K43.4,Parastomal hernia with gangrene
K43.5,Parastomal hernia without obstruction or gangrene
K43.6,"Other and unspecified ventral hernia with obstruction, without gangrene"
K43.7,Other and unspecified ventral hernia with gangrene
K43.9,Ventral hernia without obstruction or gangrene
K44.0,"Diaphragmatic hernia with obstruction, without gangrene"
K44.1,Diaphragmatic hernia with gangrene
K44.9,Diaphragmatic hernia without obstruction or gangrene
K45.0,"Other specified abdominal hernia with obstruction, without gangrene"
K45.1,Other specified abdominal hernia with gangrene
K45.8,Other specified abdominal hernia without obstruction or gangrene
K46.0,"Unspecified abdominal hernia with obstruction, without gangrene"
K46.1,Unspecified abdominal hernia with gangrene
K46.9,Unspecified abdominal hernia without obstruction or gangrene
K50.00,Crohn's disease of small intestine without complications
K50.011,Crohn's disease of small intestine with rectal bleeding
K50.012,Crohn's disease of small intestine with intestinal obstruction
K50.013,Crohn's disease of small intestine with fistula
K50.014,Crohn's disease of small intestine with abscess
K50.018,Crohn's disease of small intestine with other complication
K50.019,Crohn's disease of small intestine with unspecified complications
K50.10,Crohn's disease of large intestine without complications
K50.111,Crohn's disease of large intestine with rectal bleeding
K50.112,Crohn's disease of large intestine with intestinal obstruction
K50.113,Crohn's disease of large intestine with fistula
K50.114,Crohn's disease of large intestine with abscess
K50.118,Crohn's disease of large intestine with other complication
K50.119,Crohn's disease of large intestine with unspecified complications
K50.80,Crohn's disease of both small and large intestine without complications
K50.811,Crohn's disease of both small and large intestine with rectal bleeding
K50.812,Crohn's disease of both small and large intestine with intestinal obstruction
K50.813,Crohn's disease of both small and large intestine with fistula
K50.814,Crohn's disease of both small and large intestine with abscess
K50.818,Crohn's disease of both small and large intestine with other complication
K50.819,Crohn's disease of both small and large intestine with unspecified complications
K50.90,"Crohn's disease, unspecified, without complications"
K50.911,"Crohn's disease, unspecified, with rectal bleeding"
K50.912,"Crohn's disease, unspecified, with intestinal obstruction"
K50.913,"Crohn's disease, unspecified, with fistula"
K50.914,"Crohn's disease, unspecified, with abscess"
K50.918,"Crohn's disease, unspecified, with other complication"
K50.919,"Crohn's disease, unspecified, with unspecified complications"
K51.00,Ulcerative (chronic) pancolitis without complications
K51.011,Ulcerative (chronic) pancolitis with rectal bleeding
K51.012,Ulcerative (chronic) pancolitis with intestinal obstruction
K51.013,Ulcerative (chronic) pancolitis with fistula
K51.014,Ulcerative (chronic) pancolitis with abscess
K51.018,Ulcerative (chronic) pancolitis with other complication
K51.019,Ulcerative (chronic) pancolitis with unspecified complications
K51.20,Ulcerative (chronic) proctitis without complications
K51.211,Ulcerative (chronic) proctitis with rectal bleeding
K51.212,Ulcerative (chronic) proctitis with intestinal obstruction
K51.213,Ulcerative (chronic) proctitis with fistula
K51.214,Ulcerative (chronic) proctitis with abscess
K51.218,Ulcerative (chronic) proctitis with other complication
K51.219,Ulcerative (chronic) proctitis with unspecified complications
K51.30,Ulcerative (chronic) rectosigmoiditis without complications
K51.311,Ulcerative (chronic) rectosigmoiditis with rectal bleeding
K51.312,Ulcerative (chronic) rectosigmoiditis with intestinal obstruction
K51.313,Ulcerative (chronic) rectosigmoiditis with fistula
K51.314,Ulcerative (chronic) rectosigmoiditis with abscess
K51.318,Ulcerative (chronic) rectosigmoiditis with other complication
K51.319,Ulcerative (chronic) rectosigmoiditis with unspecified complications
K51.40,Inflammatory polyps of colon without complications
K51.411,Inflammatory polyps of colon with rectal bleeding
K51.412,Inflammatory polyps of colon with intestinal obstruction
K51.413,Inflammatory polyps of colon with fistula
K51.414,Inflammatory polyps of colon with abscess
K51.418,Inflammatory polyps of colon with other complication
K51.419,Inflammatory polyps of colon with unspecified complications
K51.50,Left sided colitis without complications
K51.511,Left sided colitis with rectal bleeding
K51.512,Left sided colitis with intestinal obstruction
K51.513,Left sided colitis with fistula
K51.514,Left sided colitis with abscess
K51.518,Left sided colitis with other complication
K51.519,Left sided colitis with unspecified complications
K51.80,Other ulcerative colitis without complications
K51.811,Other ulcerative colitis with rectal bleeding
K51.812,Other ulcerative colitis with intestinal obstruction
K51.813,Other ulcerative colitis with fistula
K51.814,Other ulcerative colitis with abscess
K51.818,Other ulcerative colitis with other complication
K51.819,Other ulcerative colitis with unspecified complications
K51.90,"Ulcerative colitis, unspecified, without complications"
K51.911,"Ulcerative colitis, unspecified with rectal bleeding"
K51.912,"Ulcerative colitis, unspecified with intestinal obstruction"
K51.913,"Ulcerative colitis, unspecified with fistula"
K51.914,"Ulcerative colitis, unspecified with abscess"
K51.918,"Ulcerative colitis, unspecified with other complication"
K51.919,"Ulcerative colitis, unspecified with unspecified complications"
K52.0,Gastroenteritis and colitis due to radiation
K52.1,Toxic gastroenteritis and colitis
K52.21,Food protein-induced enterocolitis syndrome
K52.22,Food protein-induced enteropathy
K52.29,Other allergic and dietetic gastroenteritis and colitis
K52.3,Indeterminate colitis
K52.81,Eosinophilic gastritis or gastroenteritis
K52.82,Eosinophilic colitis
K52.831,Collagenous colitis
K52.832,Lymphocytic colitis
K52.838,Other microscopic colitis
K52.839,"Microscopic colitis, unspecified"
K52.89,Other specified noninfective gastroenteritis and colitis
K52.9,"Noninfective gastroenteritis and colitis, unspecified"
K55.011,Focal (segmental) acute (reversible) ischemia of small intestine
K55.012,Diffuse acute (reversible) ischemia of small intestine
K55.019,"Acute (reversible) ischemia of small intestine, extent unspecified"
K55.021,Focal (segmental) acute infarction of small intestine
K55.022,Diffuse acute infarction of small intestine
K55.029,"Acute infarction of small intestine, extent unspecified"
K55.031,Focal (segmental) acute (reversible) ischemia of large intestine
K55.032,Diffuse acute (reversible) ischemia of large intestine
K55.039,"Acute (reversible) ischemia of large intestine, extent unspecified"
K55.041,Focal (segmental) acute infarction of large intestine
K55.042,Diffuse acute infarction of large intestine
K55.049,"Acute infarction of large intestine, extent unspecified"
K55.051,"Focal (segmental) acute (reversible) ischemia of intestine, part unspecified"
K55.052,"Diffuse acute (reversible) ischemia of intestine, part unspecified"
K55.059,"Acute (reversible) ischemia of intestine, part and extent unspecified"
K55.061,"Focal (segmental) acute infarction of intestine, part unspecified"
K55.062,"Diffuse acute infarction of intestine, part unspecified"
K55.069,"Acute infarction of intestine, part and extent unspecified"
K55.1,Chronic vascular disorders of intestine
K55.20,Angiodysplasia of colon without hemorrhage
K55.21,Angiodysplasia of colon with hemorrhage
K55.30,"Necrotizing enterocolitis, unspecified"
K55.31,Stage 1 necrotizing enterocolitis
K55.32,Stage 2 necrotizing enterocolitis
K55.33,Stage 3 necrotizing enterocolitis
K55.8,Other vascular disorders of intestine
K55.9,"Vascular disorder of intestine, unspecified"
K56.0,Paralytic ileus
K56.1,Intussusception
K56.2,Volvulus
K56.3,Gallstone ileus
K56.41,Fecal impaction
K56.49,Other impaction of intestine
K56.50,"Intestinal adhesions [bands], unspecified as to partial versus complete obstruction"
K56.51,"Intestinal adhesions [bands], with partial obstruction"
K56.52,Intestinal adhesions [bands] with complete obstruction
L00,Staphylococcal scalded skin syndrome
L01.00,"Impetigo, unspecified"
L01.01,Non-bullous impetigo
L01.02,Bockhart's impetigo
L01.03,Bullous impetigo
L01.09,Other impetigo
L01.1,Impetiginization of other dermatoses
L02.01,Cutaneous abscess of face
L02.02,Furuncle of face
L02.03,Carbuncle of face
L02.11,Cutaneous abscess of neck
L02.12,Furuncle of neck
L02.13,Carbuncle of neck
L02.211,Cutaneous abscess of abdominal wall
L02.212,"Cutaneous abscess of back [any part, except buttock and flank]"
L02.213,Cutaneous abscess of chest wall
L02.214,Cutaneous abscess of groin
L02.215,Cutaneous abscess of perineum
L02.216,Cutaneous abscess of umbilicus
L02.217,Cutaneous abscess of flank
L02.219,"Cutaneous abscess of trunk, unspecified"
L02.221,Furuncle of abdominal wall
L02.222,"Furuncle of back [any part, except buttock and flank]"
L02.223,Furuncle of chest wall
L02.224,Furuncle of groin
L02.225,Furuncle of perineum
L02.226,Furuncle of umbilicus
L02.227,Furuncle of flank
L02.229,"Furuncle of trunk, unspecified"
L02.231,Carbuncle of abdominal wall
L02.232,"Carbuncle of back [any part, except buttock]"
L02.233,Carbuncle of chest wall
L02.234,Carbuncle of groin
L02.235,Carbuncle of perineum
L02.236,Carbuncle of umbilicus
L02.239,"Carbuncle of trunk, unspecified"
L02.31,Cutaneous abscess of buttock
L02.32,Furuncle of buttock
L02.33,Carbuncle of buttock
L02.411,Cutaneous abscess of right axilla
L02.412,Cutaneous abscess of left axilla
L02.413,Cutaneous abscess of right upper limb
L02.414,Cutaneous abscess of left upper limb
L02.415,Cutaneous abscess of right lower limb
L02.416,Cutaneous abscess of left lower limb
L02.419,"Cutaneous abscess of limb, unspecified"
L02.421,Furuncle of right axilla
L02.422,Furuncle of left axilla
L02.423,Furuncle of right upper limb
L02.424,Furuncle of left upper limb
L02.425,Furuncle of right lower limb
L02.426,Furuncle of left lower limb
L02.429,"Furuncle of limb, unspecified"
L02.431,Carbuncle of right axilla
L02.432,Carbuncle of left axilla
L02.433,Carbuncle of right upper limb
L02.434,Carbuncle of left upper limb
L02.435,Carbuncle of right lower limb
L02.436,Carbuncle of left lower limb
L02.439,"Carbuncle of limb, unspecified"
L02.511,Cutaneous abscess of right hand
L02.512,Cutaneous abscess of left hand
L02.519,Cutaneous abscess of unspecified hand
L02.521,Furuncle right hand
L02.522,Furuncle left hand
L02.529,Furuncle unspecified hand
L02.531,Carbuncle of right hand
L02.532,Carbuncle of left hand
L02.539,Carbuncle of unspecified hand
L02.611,Cutaneous abscess of right foot
L02.612,Cutaneous abscess of left foot
L02.619,Cutaneous abscess of unspecified foot
L02.621,Furuncle of right foot
L02.622,Furuncle of left foot
L02.629,Furuncle of unspecified foot
L02.631,Carbuncle of right foot
L02.632,Carbuncle of left foot
L02.639,Carbuncle of unspecified foot
L02.811,"Cutaneous abscess of head [any part, except face]"
L02.818,Cutaneous abscess of other sites
L02.821,"Furuncle of head [any part, except face]"
L02.828,Furuncle of other sites
L02.831,"Carbuncle of head [any part, except face]"
L02.838,Carbuncle of other sites
L02.91,"Cutaneous abscess, unspecified"
L02.92,"Furuncle, unspecified"
L02.93,"Carbuncle, unspecified"
L03.011,Cellulitis of right finger
L03.012,Cellulitis of left finger
L03.019,Cellulitis of unspecified finger
L03.021,Acute lymphangitis of right finger
L03.022,Acute lymphangitis of left finger
L03.029,Acute lymphangitis of unspecified finger
L03.031,Cellulitis of right toe
L03.032,Cellulitis of left toe
L03.039,Cellulitis of unspecified toe
L03.041,Acute lymphangitis of right toe
L03.042,Acute lymphangitis of left toe
L03.049,Acute lymphangitis of unspecified toe
L03.111,Cellulitis of right axilla
L03.112,Cellulitis of left axilla
L03.113,Cellulitis of right upper limb
L03.114,Cellulitis of left upper limb
L03.115,Cellulitis of right lower limb
L03.116,Cellulitis of left lower limb
L03.119,Cellulitis of unspecified part of limb
L03.121,Acute lymphangitis of right axilla
L03.122,Acute lymphangitis of left axilla
L03.123,Acute lymphangitis of right upper limb
L03.124,Acute lymphangitis of left upper limb
L03.125,Acute lymphangitis of right lower limb
L03.126,Acute lymphangitis of left lower limb
L03.129,Acute lymphangitis of unspecified part of limb
L03.211,Cellulitis of face
L03.212,Acute lymphangitis of face
L03.213,Periorbital cellulitis
L03.221,Cellulitis of neck
L03.222,Acute lymphangitis of neck
L03.311,Cellulitis of abdominal wall
L03.312,Cellulitis of back [any part except buttock]
L03.313,Cellulitis of chest wall
L03.314,Cellulitis of groin
L03.315,Cellulitis of perineum
L03.316,Cellulitis of umbilicus
L03.317,Cellulitis of buttock
L03.319,"Cellulitis of trunk, unspecified"
L03.31A,Cellulitis of flank
L03.321,Acute lymphangitis of abdominal wall
L03.322,Acute lymphangitis of back [any part except buttock]
L03.323,Acute lymphangitis of chest wall
L03.324,Acute lymphangitis of groin
L03.325,Acute lymphangitis of perineum
L03.326,Acute lymphangitis of umbilicus
L03.327,Acute lymphangitis of buttock
L03.329,"Acute lymphangitis of trunk, unspecified"
L03.32A,Acute lymphangitis of flank
L03.811,"Cellulitis of head [any part, except face]"
L03.818,Cellulitis of other sites
L03.891,"Acute lymphangitis of head [any part, except face]"
L03.898,Acute lymphangitis of other sites
L03.90,"Cellulitis, unspecified"
L03.91,"Acute lymphangitis, unspecified"
L04.0,"Acute lymphadenitis of face, head and neck"
L04.1,Acute lymphadenitis of trunk
L04.2,Acute lymphadenitis of upper limb
L04.3,Acute lymphadenitis of lower limb
L04.8,Acute lymphadenitis of other sites
L04.9,"Acute lymphadenitis, unspecified"
L05.01,Pilonidal cyst with abscess
L05.02,Pilonidal sinus with abscess
L05.91,Pilonidal cyst without abscess
L05.92,Pilonidal sinus without abscess
L08.0,Pyoderma
L08.1,Erythrasma
L08.81,Pyoderma vegetans
L08.82,Omphalitis not of newborn
L08.89,Other specified local infections of the skin and subcutaneous tissue
L08.9,"Local infection of the skin and subcutaneous tissue, unspecified"
L10.0,Pemphigus vulgaris
L10.1,Pemphigus vegetans
L10.2,Pemphigus foliaceous
L10.3,Brazilian pemphigus [fogo selvagem]
L10.4,Pemphigus erythematosus
L10.5,Drug-induced pemphigus
L10.81,Paraneoplastic pemphigus
L10.89,Other pemphigus
L10.9,"Pemphigus, unspecified"
L11.0,Acquired keratosis follicularis
L11.1,Transient acantholytic dermatosis [Grover]
L11.8,Other specified acantholytic disorders
L11.9,"Acantholytic disorder, unspecified"
L12.0,Bullous pemphigoid
L12.1,Cicatricial pemphigoid
L12.2,Chronic bullous disease of childhood
L12.30,"Acquired epidermolysis bullosa, unspecified"
L12.31,Epidermolysis bullosa due to drug
L12.35,Other acquired epidermolysis bullosa
L12.8,Other pemphigoid
L12.9,"Pemphigoid, unspecified"
L13.0,Dermatitis herpetiformis
L13.1,Subcorneal pustular dermatitis
L13.8,Other specified bullous disorders
L13.9,"Bullous disorder, unspecified"
L14,Bullous disorders in diseases classified elsewhere
L20.0,Besnier's prurigo
L20.81,Atopic neurodermatitis
L20.82,Flexural eczema
L20.83,Infantile (acute) (chronic) eczema
L20.84,Intrinsic (allergic) eczema
L20.89,Other atopic dermatitis
L20.9,"Atopic dermatitis, unspecified"
L21.0,Seborrhea capitis
L21.1,Seborrheic infantile dermatitis
L21.8,Other seborrheic dermatitis
L21.9,"Seborrheic dermatitis, unspecified"
L22,Diaper dermatitis
L23.0,Allergic contact dermatitis due to metals
L23.1,Allergic contact dermatitis due to adhesives
L23.2,Allergic contact dermatitis due to cosmetics
L23.3,Allergic contact dermatitis due to drugs in contact with skin
L23.4,Allergic contact dermatitis due to dyes
L23.5,Allergic contact dermatitis due to other chemical products
L23.6,Allergic contact dermatitis due to food in contact with the skin
L23.7,"Allergic contact dermatitis due to plants, except food"
L23.81,Allergic contact dermatitis due to animal (cat) (dog) dander
L23.89,Allergic contact dermatitis due to other agents
L23.9,"Allergic contact dermatitis, unspecified cause"
L24.0,Irritant contact dermatitis due to detergents
L24.1,Irritant contact dermatitis due to oils and greases
L24.2,Irritant contact dermatitis due to solvents
L24.3,Irritant contact dermatitis due to cosmetics
L24.4,Irritant contact dermatitis due to drugs in contact with skin
L24.5,Irritant contact dermatitis due to other chemical products
L24.6,Irritant contact dermatitis due to food in contact with skin
L24.7,"Irritant contact dermatitis due to plants, except food"
L24.81,Irritant contact dermatitis due to metals
L24.89,Irritant contact dermatitis due to other agents
L24.9,"Irritant contact dermatitis, unspecified cause"
L24.A0,"Irritant contact dermatitis due to friction or contact with body fluids, unspecified"
L24.A1,Irritant contact dermatitis due to saliva
L24.A2,"Irritant contact dermatitis due to fecal, urinary or dual incontinence"
L24.A9,Irritant contact dermatitis due friction or contact with other specified body fluids
L24.B0,Irritant contact dermatitis related to unspecified stoma or fistula
L24.B1,Irritant contact dermatitis related to digestive stoma or fistula
L24.B2,Irritant contact dermatitis related to respiratory stoma or fistula
L24.B3,Irritant contact dermatitis related to fecal or urinary stoma or fistula
L25.0,Unspecified contact dermatitis due to cosmetics
L25.1,Unspecified contact dermatitis due to drugs in contact with skin
L25.2,Unspecified contact dermatitis due to dyes
L25.3,Unspecified contact dermatitis due to other chemical products
L25.4,Unspecified contact dermatitis due to food in contact with skin
L25.5,"Unspecified contact dermatitis due to plants, except food"
L25.8,Unspecified contact dermatitis due to other agents
L25.9,"Unspecified contact dermatitis, unspecified cause"
L26,Exfoliative dermatitis
L27.0,Generalized skin eruption due to drugs and medicaments taken internally
L27.1,Localized skin eruption due to drugs and medicaments taken internally
L27.2,Dermatitis due to ingested food
L27.8,Dermatitis due to other substances taken internally
L27.9,Dermatitis due to unspecified substance taken internally
L28.0,Lichen simplex chronicus
L28.1,Prurigo nodularis
L28.2,Other prurigo
L29.0,Pruritus ani
L29.1,Pruritus scroti
L29.2,Pruritus vulvae
L29.3,"Anogenital pruritus, unspecified"
L29.81,Cholestatic pruritus
L29.89,Other pruritus
L29.9,"Pruritus, unspecified"
L30.0,Nummular dermatitis
L30.1,Dyshidrosis [pompholyx]
L30.2,Cutaneous autosensitization
L30.3,Infective dermatitis
L30.4,Erythema intertrigo
L30.5,Pityriasis alba
L30.8,Other specified dermatitis
L30.9,"Dermatitis, unspecified"
L40.0,Psoriasis vulgaris
L40.1,Generalized pustular psoriasis
L40.2,Acrodermatitis continua
L40.3,Pustulosis palmaris et plantaris
L40.4,Guttate psoriasis
L40.50,"Arthropathic psoriasis, unspecified"
L40.51,Distal interphalangeal psoriatic arthropathy
L40.52,Psoriatic arthritis mutilans
L40.53,Psoriatic spondylitis
L40.54,Psoriatic juvenile arthropathy
L40.59,Other psoriatic arthropathy
L40.8,Other psoriasis
L40.9,"Psoriasis, unspecified"
L41.0,Pityriasis lichenoides et varioliformis acuta
L41.1,Pityriasis lichenoides chronica
L41.3,Small plaque parapsoriasis
L41.4,Large plaque parapsoriasis
L41.5,Retiform parapsoriasis
L41.8,Other parapsoriasis
L41.9,"Parapsoriasis, unspecified"
L42,Pityriasis rosea
L43.0,Hypertrophic lichen planus
L43.1,Bullous lichen planus
L43.2,Lichenoid drug reaction
L43.3,Subacute (active) lichen planus
L43.8,Other lichen planus
L43.9,"Lichen planus, unspecified"
L44.0,Pityriasis rubra pilaris
L44.1,Lichen nitidus
L44.2,Lichen striatus
L44.3,Lichen ruber moniliformis
L44.4,Infantile papular acrodermatitis [Gianotti-Crosti]
L44.8,Other specified papulosquamous disorders
L44.9,"Papulosquamous disorder, unspecified"
L45,Papulosquamous disorders in diseases classified elsewhere
L49.0,Exfoliation due to erythematous condition involving less than 10 percent of body surface
L49.1,Exfoliation due to erythematous condition involving 10-19 percent of body surface
L49.2,Exfoliation due to erythematous condition involving 20-29 percent of body surface
L49.3,Exfoliation due to erythematous condition involving 30-39 percent of body surface
L49.4,Exfoliation due to erythematous condition involving 40-49 percent of body surface
L49.5,Exfoliation due to erythematous condition involving 50-59 percent of body surface
L49.6,Exfoliation due to erythematous condition involving 60-69 percent of body surface
L49.7,Exfoliation due to erythematous condition involving 70-79 percent of body surface
L49.8,Exfoliation due to erythematous condition involving 80-89 percent of body surface
L49.9,Exfoliation due to erythematous condition involving 90 or more percent of body surface
L50.0,Allergic urticaria
L50.1,Idiopathic urticaria
L50.2,Urticaria due to cold and heat
L50.3,Dermatographic urticaria
L50.4,Vibratory urticaria
L50.5,Cholinergic urticaria
L50.6,Contact urticaria
L50.8,Other urticaria
L50.9,"Urticaria, unspecified"
L51.0,Nonbullous erythema multiforme
L51.1,Stevens-Johnson syndrome
L51.2,Toxic epidermal necrolysis [Lyell]
L51.3,Stevens-Johnson syndrome-toxic epidermal necrolysis overlap syndrome
L51.8,Other erythema multiforme
L51.9,"Erythema multiforme, unspecified"
L52,Erythema nodosum
L53.0,Toxic erythema
L53.1,Erythema annulare centrifugum
L53.2,Erythema marginatum
L53.3,Other chronic figurate erythema
L53.8,Other specified erythematous conditions
L53.9,"Erythematous condition, unspecified"
L54,Erythema in diseases classified elsewhere
L55.0,Sunburn of first degree
L55.1,Sunburn of second degree
L55.2,Sunburn of third degree
L55.9,"Sunburn, unspecified"
L56.0,Drug phototoxic response
L56.1,Drug photoallergic response
L56.2,Photocontact dermatitis [berloque dermatitis]
L56.3,Solar urticaria
L56.4,Polymorphous light eruption
L56.5,Disseminated superficial actinic porokeratosis (DSAP)
L56.8,Other specified acute skin changes due to ultraviolet radiation
L56.9,"Acute skin change due to ultraviolet radiation, unspecified"
L57.0,Actinic keratosis
L57.1,Actinic reticuloid
L57.2,Cutis rhomboidalis nuchae
L57.3,Poikiloderma of Civatte
L57.4,Cutis laxa senilis
L57.5,Actinic granuloma
L57.8,Other skin changes due to chronic exposure to nonionizing radiation
L57.9,"Skin changes due to chronic exposure to nonionizing radiation, unspecified"
L58.0,Acute radiodermatitis
L58.1,Chronic radiodermatitis
L58.9,"Radiodermatitis, unspecified"
L59.0,Erythema ab igne [dermatitis ab igne]
L59.8,Other specified disorders of the skin and subcutaneous tissue related to radiation
L59.9,"Disorder of the skin and subcutaneous tissue related to radiation, unspecified"
L60.0,Ingrowing nail
L60.1,Onycholysis
L60.2,Onychogryphosis
L60.3,Nail dystrophy
L60.4,Beau's lines
L60.5,Yellow nail syndrome
L60.8,Other nail disorders
L60.9,"Nail disorder, unspecified"
L62,Nail disorders in diseases classified elsewhere
L63.0,Alopecia (capitis) totalis
L63.1,Alopecia universalis
L63.2,Ophiasis
L63.8,Other alopecia areata
L63.9,"Alopecia areata, unspecified"
L64.0,Drug-induced androgenic alopecia
L64.8,Other androgenic alopecia
L64.9,"Androgenic alopecia, unspecified"
L65.0,Telogen effluvium
L65.1,Anagen effluvium
L65.2,Alopecia mucinosa
L65.8,Other specified nonscarring hair loss
L65.9,"Nonscarring hair loss, unspecified"
L66.0,Pseudopelade
L66.10,"Lichen planopilaris, unspecified"
L66.11,Classic lichen planopilaris
L66.12,Frontal fibrosing alopecia
L66.19,Other lichen planopilaris
L66.2,Folliculitis decalvans
L66.3,Perifolliculitis capitis abscedens
L66.4,Folliculitis ulerythematosa reticulata
L66.81,Central centrifugal cicatricial alopecia
L66.89,Other cicatricial alopecia
L66.9,"Cicatricial alopecia, unspecified"
L67.0,Trichorrhexis nodosa
L67.1,Variations in hair color
L67.8,Other hair color and hair shaft abnormalities
L67.9,"Hair color and hair shaft abnormality, unspecified"
L68.0,Hirsutism
L68.1,Acquired hypertrichosis lanuginosa
L68.2,Localized hypertrichosis
L68.3,Polytrichia
L68.8,Other hypertrichosis
L68.9,"Hypertrichosis, unspecified"
L70.0,Acne vulgaris
L70.1,Acne conglobata
L70.2,Acne varioliformis
L70.3,Acne tropica
L70.4,Infantile acne
L70.5,Acne excoriee
L70.8,Other acne
L70.9,"Acne, unspecified"
L71.0,Perioral dermatitis
L71.1,Rhinophyma
L71.8,Other rosacea
L71.9,"Rosacea, unspecified"
L72.0,Epidermal cyst
L72.11,Pilar cyst
L72.12,Trichodermal cyst
L72.2,Steatocystoma multiplex
L72.3,Sebaceous cyst
L72.8,Other follicular cysts of the skin and subcutaneous tissue
L72.9,"Follicular cyst of the skin and subcutaneous tissue, unspecified"
L73.0,Acne keloid
L73.1,Pseudofolliculitis barbae
L73.2,Hidradenitis suppurativa
L73.8,Other specified follicular disorders
L73.9,"Follicular disorder, unspecified"
L74.0,Miliaria rubra
L74.1,Miliaria crystallina
L74.2,Miliaria profunda
L74.3,"Miliaria, unspecified"
L74.4,Anhidrosis
L74.510,"Primary focal hyperhidrosis, axilla"
L74.511,"Primary focal hyperhidrosis, face"
L74.512,"Primary focal hyperhidrosis, palms"
L74.513,"Primary focal hyperhidrosis, soles"
L74.519,"Primary focal hyperhidrosis, unspecified"
L74.52,Secondary focal hyperhidrosis
L74.8,Other eccrine sweat disorders
L74.9,"Eccrine sweat disorder, unspecified"
L75.0,Bromhidrosis
L75.1,Chromhidrosis
L75.2,Apocrine miliaria
L75.8,Other apocrine sweat disorders
L75.9,"Apocrine sweat disorder, unspecified"
L76.01,Intraoperative hemorrhage and hematoma of skin and subcutaneous tissue complicating a dermatologic procedure
L76.02,Intraoperative hemorrhage and hematoma of skin and subcutaneous tissue complicating other procedure
L76.11,Accidental puncture and laceration of skin and subcutaneous tissue during a dermatologic procedure
L76.12,Accidental puncture and laceration of skin and subcutaneous tissue during other procedure
L76.21,Postprocedural hemorrhage of skin and subcutaneous tissue following a dermatologic procedure
L76.22,Postprocedural hemorrhage of skin and subcutaneous tissue following other procedure
L76.31,Postprocedural hematoma of skin and subcutaneous tissue following a dermatologic procedure
L76.32,Postprocedural hematoma of skin and subcutaneous tissue following other procedure
L76.33,Postprocedural seroma of skin and subcutaneous tissue following a dermatologic procedure
L76.34,Postprocedural seroma of skin and subcutaneous tissue following other procedure
L76.81,Other intraoperative complications of skin and subcutaneous tissue
L76.82,Other postprocedural complications of skin and subcutaneous tissue
L80,Vitiligo
L81.0,Postinflammatory hyperpigmentation
L81.1,Chloasma
L81.2,Freckles
L81.3,Cafe au lait spots
L81.4,Other melanin hyperpigmentation
L81.5,"Leukoderma, not elsewhere classified"
L81.6,Other disorders of diminished melanin formation
L81.7,Pigmented purpuric dermatosis
L81.8,Other specified disorders of pigmentation
L81.9,"Disorder of pigmentation, unspecified"
L82.0,Inflamed seborrheic keratosis
L82.1,Other seborrheic keratosis
L83,Acanthosis nigricans
L84,Corns and callosities
L85.0,Acquired ichthyosis
L85.1,Acquired keratosis [keratoderma] palmaris et plantaris
L85.2,Keratosis punctata (palmaris et plantaris)
L85.3,Xerosis cutis
L85.8,Other specified epidermal thickening
L85.9,"Epidermal thickening, unspecified"
L86,Keratoderma in diseases classified elsewhere
L87.0,Keratosis follicularis et parafollicularis in cutem penetrans
L87.1,Reactive perforating collagenosis
L87.2,Elastosis perforans serpiginosa
L87.8,Other transepidermal elimination disorders
L87.9,"Transepidermal elimination disorder, unspecified"
L88,Pyoderma gangrenosum
L89.000,"Pressure ulcer of unspecified elbow, unstageable"
L89.001,"Pressure ulcer of unspecified elbow, stage 1"
L89.002,"Pressure ulcer of unspecified elbow, stage 2"
L89.003,"Pressure ulcer of unspecified elbow, stage 3"
L89.004,"Pressure ulcer of unspecified elbow, stage 4"
L89.006,Pressure-induced deep tissue damage of unspecified elbow
L89.009,"Pressure ulcer of unspecified elbow, unspecified stage"
L89.010,"Pressure ulcer of right elbow, unstageable"
L89.011,"Pressure ulcer of right elbow, stage 1"
L89.012,"Pressure ulcer of right elbow, stage 2"
L89.013,"Pressure ulcer of right elbow, stage 3"
L89.014,"Pressure ulcer of right elbow, stage 4"
L89.016,Pressure-induced deep tissue damage of right elbow
L89.019,"Pressure ulcer of right elbow, unspecified stage"
L89.020,"Pressure ulcer of left elbow, unstageable"
L89.021,"Pressure ulcer of left elbow, stage 1"
L89.022,"Pressure ulcer of left elbow, stage 2"
L89.023,"Pressure ulcer of left elbow, stage 3"
L89.024,"Pressure ulcer of left elbow, stage 4"
L89.026,Pressure-induced deep tissue damage of left elbow
L89.029,"Pressure ulcer of left elbow, unspecified stage"
L89.100,"Pressure ulcer of unspecified part of back, unstageable"
L89.101,"Pressure ulcer of unspecified part of back, stage 1"
M00.00,"Staphylococcal arthritis, unspecified joint"
M00.011,"Staphylococcal arthritis, right shoulder"
M00.012,"Staphylococcal arthritis, left shoulder"
M00.019,"Staphylococcal arthritis, unspecified shoulder"
M00.021,"Staphylococcal arthritis, right elbow"
M00.022,"Staphylococcal arthritis, left elbow"
M00.029,"Staphylococcal arthritis, unspecified elbow"
M00.031,"Staphylococcal arthritis, right wrist"
M00.032,"Staphylococcal arthritis, left wrist"
M00.039,"Staphylococcal arthritis, unspecified wrist"
M00.041,"Staphylococcal arthritis, right hand"
M00.042,"Staphylococcal arthritis, left hand"
M00.049,"Staphylococcal arthritis, unspecified hand"
M00.051,"Staphylococcal arthritis, right hip"
M00.052,"Staphylococcal arthritis, left hip"
M00.059,"Staphylococcal arthritis, unspecified hip"
M00.061,"Staphylococcal arthritis, right knee"
M00.062,"Staphylococcal arthritis, left knee"
M00.069,"Staphylococcal arthritis, unspecified knee"
M00.071,"Staphylococcal arthritis, right ankle and foot"
M00.072,"Staphylococcal arthritis, left ankle and foot"
M00.079,"Staphylococcal arthritis, unspecified ankle and foot"
M00.08,"Staphylococcal arthritis, vertebrae"
M00.09,Staphylococcal polyarthritis
M00.10,"Pneumococcal arthritis, unspecified joint"
M00.111,"Pneumococcal arthritis, right shoulder"
M00.112,"Pneumococcal arthritis, left shoulder"
M00.119,"Pneumococcal arthritis, unspecified shoulder"
M00.121,"Pneumococcal arthritis, right elbow"
M00.122,"Pneumococcal arthritis, left elbow"
M00.129,"Pneumococcal arthritis, unspecified elbow"
M00.131,"Pneumococcal arthritis, right wrist"
M00.132,"Pneumococcal arthritis, left wrist"
M00.139,"Pneumococcal arthritis, unspecified wrist"
M00.141,"Pneumococcal arthritis, right hand"
M00.142,"Pneumococcal arthritis, left hand"
M00.149,"Pneumococcal arthritis, unspecified hand"
M00.151,"Pneumococcal arthritis, right hip"
M00.152,"Pneumococcal arthritis, left hip"
M00.159,"Pneumococcal arthritis, unspecified hip"
M00.161,"Pneumococcal arthritis, right knee"
M00.162,"Pneumococcal arthritis, left knee"
M00.169,"Pneumococcal arthritis, unspecified knee"
M00.171,"Pneumococcal arthritis, right ankle and foot"
M00.172,"Pneumococcal arthritis, left ankle and foot"
M00.179,"Pneumococcal arthritis, unspecified ankle and foot"
M00.18,"Pneumococcal arthritis, vertebrae"
M00.19,Pneumococcal polyarthritis
M00.20,"Other streptococcal arthritis, unspecified joint"
M00.211,"Other streptococcal arthritis, right shoulder"
M00.212,"Other streptococcal arthritis, left shoulder"
M00.219,"Other streptococcal arthritis, unspecified shoulder"
M00.221,"Other streptococcal arthritis, right elbow"
M00.222,"Other streptococcal arthritis, left elbow"
M00.229,"Other streptococcal arthritis, unspecified elbow"
M00.231,"Other streptococcal arthritis, right wrist"
M00.232,"Other streptococcal arthritis, left wrist"
M00.239,"Other streptococcal arthritis, unspecified wrist"
M00.241,"Other streptococcal arthritis, right hand"
M00.242,"Other streptococcal arthritis, left hand"
M00.249,"Other streptococcal arthritis, unspecified hand"
M00.251,"Other streptococcal arthritis, right hip"
M00.252,"Other streptococcal arthritis, left hip"
M00.259,"Other streptococcal arthritis, unspecified hip"
M00.261,"Other streptococcal arthritis, right knee"
M00.262,"Other streptococcal arthritis, left knee"
M00.269,"Other streptococcal arthritis, unspecified knee"
M00.271,"Other streptococcal arthritis, right ankle and foot"
M00.272,"Other streptococcal arthritis, left ankle and foot"
M00.279,"Other streptococcal arthritis, unspecified ankle and foot"
M00.28,"Other streptococcal arthritis, vertebrae"
M00.29,Other streptococcal polyarthritis
M00.80,"Arthritis due to other bacteria, unspecified joint"
M00.811,"Arthritis due to other bacteria, right shoulder"
M00.812,"Arthritis due to other bacteria, left shoulder"
M00.819,"Arthritis due to other bacteria, unspecified shoulder"
M00.821,"Arthritis due to other bacteria, right elbow"
M00.822,"Arthritis due to other bacteria, left elbow"
M00.829,"Arthritis due to other bacteria, unspecified elbow"
M00.831,"Arthritis due to other bacteria, right wrist"
M00.832,"Arthritis due to other bacteria, left wrist"
M00.839,"Arthritis due to other bacteria, unspecified wrist"
M00.841,"Arthritis due to other bacteria, right hand"
M00.842,"Arthritis due to other bacteria, left hand"
M00.849,"Arthritis due to other bacteria, unspecified hand"
M00.851,"Arthritis due to other bacteria, right hip"
M00.852,"Arthritis due to other bacteria, left hip"
M00.859,"Arthritis due to other bacteria, unspecified hip"
M00.861,"Arthritis due to other bacteria, right knee"
M00.862,"Arthritis due to other bacteria, left knee"
M00.869,"Arthritis due to other bacteria, unspecified knee"
M00.871,"Arthritis due to other bacteria, right ankle and foot"
M00.872,"Arthritis due to other bacteria, left ankle and foot"
M00.879,"Arthritis due to other bacteria, unspecified ankle and foot"
M00.88,"Arthritis due to other bacteria, vertebrae"
M00.89,Polyarthritis due to other bacteria
M00.9,"Pyogenic arthritis, unspecified"
M01.X0,Direct infection of unspecified joint in infectious and parasitic diseases classified elsewhere
M01.X11,Direct infection of right shoulder in infectious and parasitic diseases classified elsewhere
M01.X12,Direct infection of left shoulder in infectious and parasitic diseases classified elsewhere
M01.X19,Direct infection of unspecified shoulder in infectious and parasitic diseases classified elsewhere
M01.X21,Direct infection of right elbow in infectious and parasitic diseases classified elsewhere
M01.X22,Direct infection of left elbow in infectious and parasitic diseases classified elsewhere
M01.X29,Direct infection of unspecified elbow in infectious and parasitic diseases classified elsewhere
M01.X31,Direct infection of right wrist in infectious and parasitic diseases classified elsewhere
M01.X32,Direct infection of left wrist in infectious and parasitic diseases classified elsewhere
M01.X39,Direct infection of unspecified wrist in infectious and parasitic diseases classified elsewhere
M01.X41,Direct infection of right hand in infectious and parasitic diseases classified elsewhere
M01.X42,Direct infection of left hand in infectious and parasitic diseases classified elsewhere
M01.X49,Direct infection of unspecified hand in infectious and parasitic diseases classified elsewhere
M01.X51,Direct infection of right hip in infectious and parasitic diseases classified elsewhere
M01.X52,Direct infection of left hip in infectious and parasitic diseases classified elsewhere
M01.X59,Direct infection of unspecified hip in infectious and parasitic diseases classified elsewhere
M01.X61,Direct infection of right knee in infectious and parasitic diseases classified elsewhere
M01.X62,Direct infection of left knee in infectious and parasitic diseases classified elsewhere
M01.X69,Direct infection of unspecified knee in infectious and parasitic diseases classified elsewhere
M01.X71,Direct infection of right ankle and foot in infectious and parasitic diseases classified elsewhere
M01.X72,Direct infection of left ankle and foot in infectious and parasitic diseases classified elsewhere
M01.X79,Direct infection of unspecified ankle and foot in infectious and parasitic diseases classified elsewhere
M01.X8,Direct infection of vertebrae in infectious and parasitic diseases classified elsewhere
M01.X9,Direct infection of multiple joints in infectious and parasitic diseases classified elsewhere
M02.00,"Arthropathy following intestinal bypass, unspecified site"
M02.011,"Arthropathy following intestinal bypass, right shoulder"
M02.012,"Arthropathy following intestinal bypass, left shoulder"
M02.019,"Arthropathy following intestinal bypass, unspecified shoulder"
M02.021,"Arthropathy following intestinal bypass, right elbow"
M02.022,"Arthropathy following intestinal bypass, left elbow"
M02.029,"Arthropathy following intestinal bypass, unspecified elbow"
M02.031,"Arthropathy following intestinal bypass, right wrist"
M02.032,"Arthropathy following intestinal bypass, left wrist"
M02.039,"Arthropathy following intestinal bypass, unspecified wrist"
M02.041,"Arthropathy following intestinal bypass, right hand"
M02.042,"Arthropathy following intestinal bypass, left hand"
M02.049,"Arthropathy following intestinal bypass, unspecified hand"
M02.051,"Arthropathy following intestinal bypass, right hip"
M02.052,"Arthropathy following intestinal bypass, left hip"
M02.059,"Arthropathy following intestinal bypass, unspecified hip"
M02.061,"Arthropathy following intestinal bypass, right knee"
M02.062,"Arthropathy following intestinal bypass, left knee"
M02.069,"Arthropathy following intestinal bypass, unspecified knee"
M02.071,"Arthropathy following intestinal bypass, right ankle and foot"
M02.072,"Arthropathy following intestinal bypass, left ankle and foot"
M02.079,"Arthropathy following intestinal bypass, unspecified ankle and foot"
M02.08,"Arthropathy following intestinal bypass, vertebrae"
M02.09,"Arthropathy following intestinal bypass, multiple sites"
M02.10,"Postdysenteric arthropathy, unspecified site"
M02.111,"Postdysenteric arthropathy, right shoulder"
M02.112,"Postdysenteric arthropathy, left shoulder"
M02.119,"Postdysenteric arthropathy, unspecified shoulder"
M02.121,"Postdysenteric arthropathy, right elbow"
M02.122,"Postdysenteric arthropathy, left elbow"
M02.129,"Postdysenteric arthropathy, unspecified elbow"
M02.131,"Postdysenteric arthropathy, right wrist"
M02.132,"Postdysenteric arthropathy, left wrist"
M02.139,"Postdysenteric arthropathy, unspecified wrist"
M02.141,"Postdysenteric arthropathy, right hand"
M02.142,"Postdysenteric arthropathy, left hand"
M02.149,"Postdysenteric arthropathy, unspecified hand"
M02.151,"Postdysenteric arthropathy, right hip"
M02.152,"Postdysenteric arthropathy, left hip"
M02.159,"Postdysenteric arthropathy, unspecified hip"
M02.161,"Postdysenteric arthropathy, right knee"
M02.162,"Postdysenteric arthropathy, left knee"
M02.169,"Postdysenteric arthropathy, unspecified knee"
M02.171,"Postdysenteric arthropathy, right ankle and foot"
M02.172,"Postdysenteric arthropathy, left ankle and foot"
M02.179,"Postdysenteric arthropathy, unspecified ankle and foot"
M02.18,"Postdysenteric arthropathy, vertebrae"
M02.19,"Postdysenteric arthropathy, multiple sites"
M02.20,"Postimmunization arthropathy, unspecified site"
M02.211,"Postimmunization arthropathy, right shoulder"
M02.212,"Postimmunization arthropathy, left shoulder"
M02.219,"Postimmunization arthropathy, unspecified shoulder"
M02.221,"Postimmunization arthropathy, right elbow"
M02.222,"Postimmunization arthropathy, left elbow"
M02.229,"Postimmunization arthropathy, unspecified elbow"
M02.231,"Postimmunization arthropathy, right wrist"
M02.232,"Postimmunization arthropathy, left wrist"
M02.239,"Postimmunization arthropathy, unspecified wrist"
M02.241,"Postimmunization arthropathy, right hand"
M02.242,"Postimmunization arthropathy, left hand"
M02.249,"Postimmunization arthropathy, unspecified hand"
M02.251,"Postimmunization arthropathy, right hip"
M02.252,"Postimmunization arthropathy, left hip"
M02.259,"Postimmunization arthropathy, unspecified hip"
M02.261,"Postimmunization arthropathy, right knee"
M02.262,"Postimmunization arthropathy, left knee"
M02.269,"Postimmunization arthropathy, unspecified knee"
M02.271,"Postimmunization arthropathy, right ankle and foot"
M02.272,"Postimmunization arthropathy, left ankle and foot"
M02.279,"Postimmunization arthropathy, unspecified ankle and foot"
M02.28,"Postimmunization arthropathy, vertebrae"
M02.29,"Postimmunization arthropathy, multiple sites"
M02.30,"Reiter's disease, unspecified site"
M02.311,"Reiter's disease, right shoulder"
M02.312,"Reiter's disease, left shoulder"
M02.319,"Reiter's disease, unspecified shoulder"
M02.321,"Reiter's disease, right elbow"
M02.322,"Reiter's disease, left elbow"
M02.329,"Reiter's disease, unspecified elbow"
M02.331,"Reiter's disease, right wrist"
M02.332,"Reiter's disease, left wrist"
M02.339,"Reiter's disease, unspecified wrist"
M02.341,"Reiter's disease, right hand"
M02.342,"Reiter's disease, left hand"
M02.349,"Reiter's disease, unspecified hand"
M02.351,"Reiter's disease, right hip"
M02.352,"Reiter's disease, left hip"
M02.359,"Reiter's disease, unspecified hip"
M02.361,"Reiter's disease, right knee"
M02.362,"Reiter's disease, left knee"
M02.369,"Reiter's disease, unspecified knee"
M02.371,"Reiter's disease, right ankle and foot"
M02.372,"Reiter's disease, left ankle and foot"
M02.379,"Reiter's disease, unspecified ankle and foot"
M02.38,"Reiter's disease, vertebrae"
M02.39,"Reiter's disease, multiple sites"
M02.80,"Other reactive arthropathies, unspecified site"
M02.811,"Other reactive arthropathies, right shoulder"
M02.812,"Other reactive arthropathies, left shoulder"
M02.819,"Other reactive arthropathies, unspecified shoulder"
M02.821,"Other reactive arthropathies, right elbow"
M02.822,"Other reactive arthropathies, left elbow"
M02.829,"Other reactive arthropathies, unspecified elbow"
M02.831,"Other reactive arthropathies, right wrist"
M02.832,"Other reactive arthropathies, left wrist"
M02.839,"Other reactive arthropathies, unspecified wrist"
M02.841,"Other reactive arthropathies, right hand"
M02.842,"Other reactive arthropathies, left hand"
M02.849,"Other reactive arthropathies, unspecified hand"
M02.851,"Other reactive arthropathies, right hip"
M02.852,"Other reactive arthropathies, left hip"
M02.859,"Other reactive arthropathies, unspecified hip"
M02.861,"Other reactive arthropathies, right knee"
M02.862,"Other reactive arthropathies, left knee"
M02.869,"Other reactive arthropathies, unspecified knee"
M02.871,"Other reactive arthropathies, right ankle and foot"
M02.872,"Other reactive arthropathies, left ankle and foot"
M02.879,"Other reactive arthropathies, unspecified ankle and foot"
M02.88,"Other reactive arthropathies, vertebrae"
M02.89,"Other reactive arthropathies, multiple sites"
M02.9,"Reactive arthropathy, unspecified"
M04.1,Periodic fever syndromes
M04.2,Cryopyrin-associated periodic syndromes
M04.8,Other autoinflammatory syndromes
M04.9,"Autoinflammatory syndrome, unspecified"
M05.00,"Felty's syndrome, unspecified site"
M05.011,"Felty's syndrome, right shoulder"
M05.012,"Felty's syndrome, left shoulder"
M05.019,"Felty's syndrome, unspecified shoulder"
M05.021,"Felty's syndrome, right elbow"
M05.022,"Felty's syndrome, left elbow"
M05.029,"Felty's syndrome, unspecified elbow"
M05.031,"Felty's syndrome, right wrist"
M05.032,"Felty's syndrome, left wrist"
M05.039,"Felty's syndrome, unspecified wrist"
M05.041,"Felty's syndrome, right hand"
M05.042,"Felty's syndrome, left hand"
M05.049,"Felty's syndrome, unspecified hand"
M05.051,"Felty's syndrome, right hip"
M05.052,"Felty's syndrome, left hip"
M05.059,"Felty's syndrome, unspecified hip"
M05.061,"Felty's syndrome, right knee"
M05.062,"Felty's syndrome, left knee"
M05.069,"Felty's syndrome, unspecified knee"
M05.071,"Felty's syndrome, right ankle and foot"
M05.072,"Felty's syndrome, left ankle and foot"
M05.079,"Felty's syndrome, unspecified ankle and foot"
M05.09,"Felty's syndrome, multiple sites"
M05.10,Rheumatoid lung disease with rheumatoid arthritis of unspecified site
M05.111,Rheumatoid lung disease with rheumatoid arthritis of right shoulder
M05.112,Rheumatoid lung disease with rheumatoid arthritis of left shoulder
M05.119,Rheumatoid lung disease with rheumatoid arthritis of unspecified shoulder
M05.121,Rheumatoid lung disease with rheumatoid arthritis of right elbow
M05.122,Rheumatoid lung disease with rheumatoid arthritis of left elbow
M05.129,Rheumatoid lung disease with rheumatoid arthritis of unspecified elbow
M05.131,Rheumatoid lung disease with rheumatoid arthritis of right wrist
M05.132,Rheumatoid lung disease with rheumatoid arthritis of left wrist
M05.139,Rheumatoid lung disease with rheumatoid arthritis of unspecified wrist
M05.141,Rheumatoid lung disease with rheumatoid arthritis of right hand
M05.142,Rheumatoid lung disease with rheumatoid arthritis of left hand
M05.149,Rheumatoid lung disease with rheumatoid arthritis of unspecified hand
M05.151,Rheumatoid lung disease with rheumatoid arthritis of right hip
M05.152,Rheumatoid lung disease with rheumatoid arthritis of left hip
M05.159,Rheumatoid lung disease with rheumatoid arthritis of unspecified hip
M05.161,Rheumatoid lung disease with rheumatoid arthritis of right knee
M05.162,Rheumatoid lung disease with rheumatoid arthritis of left knee
M05.169,Rheumatoid lung disease with rheumatoid arthritis of unspecified knee
M05.171,Rheumatoid lung disease with rheumatoid arthritis of right ankle and foot
M05.172,Rheumatoid lung disease with rheumatoid arthritis of left ankle and foot
M05.179,Rheumatoid lung disease with rheumatoid arthritis of unspecified ankle and foot
M05.19,Rheumatoid lung disease with rheumatoid arthritis of multiple sites
M05.20,Rheumatoid vasculitis with rheumatoid arthritis of unspecified site
M05.211,Rheumatoid vasculitis with rheumatoid arthritis of right shoulder
M05.212,Rheumatoid vasculitis with rheumatoid arthritis of left shoulder
M05.219,Rheumatoid vasculitis with rheumatoid arthritis of unspecified shoulder
M05.221,Rheumatoid vasculitis with rheumatoid arthritis of right elbow
M05.222,Rheumatoid vasculitis with rheumatoid arthritis of left elbow
M05.229,Rheumatoid vasculitis with rheumatoid arthritis of unspecified elbow
M05.231,Rheumatoid vasculitis with rheumatoid arthritis of right wrist
M05.232,Rheumatoid vasculitis with rheumatoid arthritis of left wrist
M05.239,Rheumatoid vasculitis with rheumatoid arthritis of unspecified wrist
M05.241,Rheumatoid vasculitis with rheumatoid arthritis of right hand
M05.242,Rheumatoid vasculitis with rheumatoid arthritis of left hand
M05.249,Rheumatoid vasculitis with rheumatoid arthritis of unspecified hand
M05.251,Rheumatoid vasculitis with rheumatoid arthritis of right hip
M05.252,Rheumatoid vasculitis with rheumatoid arthritis of left hip
M05.259,Rheumatoid vasculitis with rheumatoid arthritis of unspecified hip
M05.261,Rheumatoid vasculitis with rheumatoid arthritis of right knee
M05.262,Rheumatoid vasculitis with rheumatoid arthritis of left knee
M05.269,Rheumatoid vasculitis with rheumatoid arthritis of unspecified knee
M05.271,Rheumatoid vasculitis with rheumatoid arthritis of right ankle and foot
M05.272,Rheumatoid vasculitis with rheumatoid arthritis of left ankle and foot
M05.279,Rheumatoid vasculitis with rheumatoid arthritis of unspecified ankle and foot
M05.29,Rheumatoid vasculitis with rheumatoid arthritis of multiple sites
M05.30,Rheumatoid heart disease with rheumatoid arthritis of unspecified site
M05.311,Rheumatoid heart disease with rheumatoid arthritis of right shoulder
M05.312,Rheumatoid heart disease with rheumatoid arthritis of left shoulder
M05.319,Rheumatoid heart disease with rheumatoid arthritis of unspecified shoulder
M05.321,Rheumatoid heart disease with rheumatoid arthritis of right elbow
M05.322,Rheumatoid heart disease with rheumatoid arthritis of left elbow
M05.329,Rheumatoid heart disease with rheumatoid arthritis of unspecified elbow
M05.331,Rheumatoid heart disease with rheumatoid arthritis of right wrist
M05.332,Rheumatoid heart disease with rheumatoid arthritis of left wrist
M05.339,Rheumatoid heart disease with rheumatoid arthritis of unspecified wrist
M05.341,Rheumatoid heart disease with rheumatoid arthritis of right hand
M05.342,Rheumatoid heart disease with rheumatoid arthritis of left hand
M05.349,Rheumatoid heart disease with rheumatoid arthritis of unspecified hand
M05.351,Rheumatoid heart disease with rheumatoid arthritis of right hip
M05.352,Rheumatoid heart disease with rheumatoid arthritis of left hip
M05.359,Rheumatoid heart disease with rheumatoid arthritis of unspecified hip
M05.361,Rheumatoid heart disease with rheumatoid arthritis of right knee
M05.362,Rheumatoid heart disease with rheumatoid arthritis of left knee
M05.369,Rheumatoid heart disease with rheumatoid arthritis of unspecified knee
M05.371,Rheumatoid heart disease with rheumatoid arthritis of right ankle and foot
M05.372,Rheumatoid heart disease with rheumatoid arthritis of left ankle and foot
M05.379,Rheumatoid heart disease with rheumatoid arthritis of unspecified ankle and foot
M05.39,Rheumatoid heart disease with rheumatoid arthritis of multiple sites
M05.40,Rheumatoid myopathy with rheumatoid arthritis of unspecified site
M05.411,Rheumatoid myopathy with rheumatoid arthritis of right shoulder
M05.412,Rheumatoid myopathy with rheumatoid arthritis of left shoulder
M05.419,Rheumatoid myopathy with rheumatoid arthritis of unspecified shoulder
M05.421,Rheumatoid myopathy with rheumatoid arthritis of right elbow
M05.422,Rheumatoid myopathy with rheumatoid arthritis of left elbow
M05.429,Rheumatoid myopathy with rheumatoid arthritis of unspecified elbow
M05.431,Rheumatoid myopathy with rheumatoid arthritis of right wrist
M05.432,Rheumatoid myopathy with rheumatoid arthritis of left wrist
M05.439,Rheumatoid myopathy with rheumatoid arthritis of unspecified wrist
M05.441,Rheumatoid myopathy with rheumatoid arthritis of right hand
M05.442,Rheumatoid myopathy with rheumatoid arthritis of left hand
M05.449,Rheumatoid myopathy with rheumatoid arthritis of unspecified hand
M05.451,Rheumatoid myopathy with rheumatoid arthritis of right hip
M05.452,Rheumatoid myopathy with rheumatoid arthritis of left hip
M05.459,Rheumatoid myopathy with rheumatoid arthritis of unspecified hip
M05.461,Rheumatoid myopathy with rheumatoid arthritis of right knee
M05.462,Rheumatoid myopathy with rheumatoid arthritis of left knee
M05.469,Rheumatoid myopathy with rheumatoid arthritis of unspecified knee
M05.471,Rheumatoid myopathy with rheumatoid arthritis of right ankle and foot
M05.472,Rheumatoid myopathy with rheumatoid arthritis of left ankle and foot
M05.479,Rheumatoid myopathy with rheumatoid arthritis of unspecified ankle and foot
M05.49,Rheumatoid myopathy with rheumatoid arthritis of multiple sites
M05.50,Rheumatoid polyneuropathy with rheumatoid arthritis of unspecified site
M05.511,Rheumatoid polyneuropathy with rheumatoid arthritis of right shoulder
M05.512,Rheumatoid polyneuropathy with rheumatoid arthritis of left shoulder
M05.519,Rheumatoid polyneuropathy with rheumatoid arthritis of unspecified shoulder
M05.521,Rheumatoid polyneuropathy with rheumatoid arthritis of right elbow
M05.522,Rheumatoid polyneuropathy with rheumatoid arthritis of left elbow
M05.529,Rheumatoid polyneuropathy with rheumatoid arthritis of unspecified elbow
M05.531,Rheumatoid polyneuropathy with rheumatoid arthritis of right wrist
M05.532,Rheumatoid polyneuropathy with rheumatoid arthritis of left wrist
M05.539,Rheumatoid polyneuropathy with rheumatoid arthritis of unspecified wrist
M05.541,Rheumatoid polyneuropathy with rheumatoid arthritis of right hand
M05.542,Rheumatoid polyneuropathy with rheumatoid arthritis of left hand
M05.549,Rheumatoid polyneuropathy with rheumatoid arthritis of unspecified hand
M05.551,Rheumatoid polyneuropathy with rheumatoid arthritis of right hip
M05.552,Rheumatoid polyneuropathy with rheumatoid arthritis of left hip
M05.559,Rheumatoid polyneuropathy with rheumatoid arthritis of unspecified hip
M05.561,Rheumatoid polyneuropathy with rheumatoid arthritis of right knee
M05.562,Rheumatoid polyneuropathy with rheumatoid arthritis of left knee
M05.569,Rheumatoid polyneuropathy with rheumatoid arthritis of unspecified knee
M05.571,Rheumatoid polyneuropathy with rheumatoid arthritis of right ankle and foot
M05.572,Rheumatoid polyneuropathy with rheumatoid arthritis of left ankle and foot
M05.579,Rheumatoid polyneuropathy with rheumatoid arthritis of unspecified ankle and foot
M05.59,Rheumatoid polyneuropathy with rheumatoid arthritis of multiple sites
M05.60,Rheumatoid arthritis of unspecified site with involvement of other organs and systems
M05.611,Rheumatoid arthritis of right shoulder with involvement of other organs and systems
M05.612,Rheumatoid arthritis of left shoulder with involvement of other organs and systems
M05.619,Rheumatoid arthritis of unspecified shoulder with involvement of other organs and systems
M05.621,Rheumatoid arthritis of right elbow with involvement of other organs and systems
M05.622,Rheumatoid arthritis of left elbow with involvement of other organs and systems
M05.629,Rheumatoid arthritis of unspecified elbow with involvement of other organs and systems
M05.631,Rheumatoid arthritis of right wrist with involvement of other organs and systems
M05.632,Rheumatoid arthritis of left wrist with involvement of other organs and systems
M05.639,Rheumatoid arthritis of unspecified wrist with involvement of other organs and systems
M05.641,Rheumatoid arthritis of right hand with involvement of other organs and systems
M05.642,Rheumatoid arthritis of left hand with involvement of other organs and systems
M05.649,Rheumatoid arthritis of unspecified hand with involvement of other organs and systems
M05.651,Rheumatoid arthritis of right hip with involvement of other organs and systems
M05.652,Rheumatoid arthritis of left hip with involvement of other organs and systems
M05.659,Rheumatoid arthritis of unspecified hip with involvement of other organs and systems
M05.661,Rheumatoid arthritis of right knee with involvement of other organs and systems
M05.662,Rheumatoid arthritis of left knee with involvement of other organs and systems
M05.669,Rheumatoid arthritis of unspecified knee with involvement of other organs and systems
M05.671,Rheumatoid arthritis of right ankle and foot with involvement of other organs and systems
M05.672,Rheumatoid arthritis of left ankle and foot with involvement of other organs and systems
M05.679,Rheumatoid arthritis of unspecified ankle and foot with involvement of other organs and systems
M05.69,Rheumatoid arthritis of multiple sites with involvement of other organs and systems
M05.70,Rheumatoid arthritis with rheumatoid factor of unspecified site without organ or systems involvement
M05.711,Rheumatoid arthritis with rheumatoid factor of right shoulder without organ or systems involvement
M05.712,Rheumatoid arthritis with rheumatoid factor of left shoulder without organ or systems involvement
M05.719,Rheumatoid arthritis with rheumatoid factor of unspecified shoulder without organ or systems involvement
M05.721,Rheumatoid arthritis with rheumatoid factor of right elbow without organ or systems involvement
M05.722,Rheumatoid arthritis with rheumatoid factor of left elbow without organ or systems involvement
M05.729,Rheumatoid arthritis with rheumatoid factor of unspecified elbow without organ or systems involvement
M05.731,Rheumatoid arthritis with rheumatoid factor of right wrist without organ or systems involvement
M05.732,Rheumatoid arthritis with rheumatoid factor of left wrist without organ or systems involvement
M05.739,Rheumatoid arthritis with rheumatoid factor of unspecified wrist without organ or systems involvement
M05.741,Rheumatoid arthritis with rheumatoid factor of right hand without organ or systems involvement
M05.742,Rheumatoid arthritis with rheumatoid factor of left hand without organ or systems involvement
M05.749,Rheumatoid arthritis with rheumatoid factor of unspecified hand without organ or systems involvement
M05.751,Rheumatoid arthritis with rheumatoid factor of right hip without organ or systems involvement
M05.752,Rheumatoid arthritis with rheumatoid factor of left hip without organ or systems involvement
M05.759,Rheumatoid arthritis with rheumatoid factor of unspecified hip without organ or systems involvement
M05.761,Rheumatoid arthritis with rheumatoid factor of right knee without organ or systems involvement
M05.762,Rheumatoid arthritis with rheumatoid factor of left knee without organ or systems involvement
M05.769,Rheumatoid arthritis with rheumatoid factor of unspecified knee without organ or systems involvement
M05.771,Rheumatoid arthritis with rheumatoid factor of right ankle and foot without organ or systems involvement
M05.772,Rheumatoid arthritis with rheumatoid factor of left ankle and foot without organ or systems involvement
M05.779,Rheumatoid arthritis with rheumatoid factor of unspecified ankle and foot without organ or systems involvement
M05.79,Rheumatoid arthritis with rheumatoid factor of multiple sites without organ or systems involvement
M05.7A,Rheumatoid arthritis with rheumatoid factor of other specified site without organ or systems involvement
M05.80,Other rheumatoid arthritis with rheumatoid factor of unspecified site
M05.811,Other rheumatoid arthritis with rheumatoid factor of right shoulder
M05.812,Other rheumatoid arthritis with rheumatoid factor of left shoulder
M05.819,Other rheumatoid arthritis with rheumatoid factor of unspecified shoulder
M05.821,Other rheumatoid arthritis with rheumatoid factor of right elbow
M05.822,Other rheumatoid arthritis with rheumatoid factor of left elbow
M05.829,Other rheumatoid arthritis with rheumatoid factor of unspecified elbow
M05.831,Other rheumatoid arthritis with rheumatoid factor of right wrist
M05.832,Other rheumatoid arthritis with rheumatoid factor of left wrist
M05.839,Other rheumatoid arthritis with rheumatoid factor of unspecified wrist
M05.841,Other rheumatoid arthritis with rheumatoid factor of right hand
M05.842,Other rheumatoid arthritis with rheumatoid factor of left hand
M05.849,Other rheumatoid arthritis with rheumatoid factor of unspecified hand
M05.851,Other rheumatoid arthritis with rheumatoid factor of right hip
M05.852,Other rheumatoid arthritis with rheumatoid factor of left hip
M05.859,Other rheumatoid arthritis with rheumatoid factor of unspecified hip
M05.861,Other rheumatoid arthritis with rheumatoid factor of right knee
M05.862,Other rheumatoid arthritis with rheumatoid factor of left knee
M05.869,Other rheumatoid arthritis with rheumatoid factor of unspecified knee
M05.871,Other rheumatoid arthritis with rheumatoid factor of right ankle and foot
M05.872,Other rheumatoid arthritis with rheumatoid factor of left ankle and foot
M05.879,Other rheumatoid arthritis with rheumatoid factor of unspecified ankle and foot
M05.89,Other rheumatoid arthritis with rheumatoid factor of multiple sites
M05.8A,Other rheumatoid arthritis with rheumatoid factor of other specified site
M05.9,"Rheumatoid arthritis with rheumatoid factor, unspecified"
M05.A,Abnormal rheumatoid factor and anti-citrullinated protein antibody with rheumatoid arthritis
M06.00,"Rheumatoid arthritis without rheumatoid factor, unspecified site"
M06.011,"Rheumatoid arthritis without rheumatoid factor, right shoulder"
M06.012,"Rheumatoid arthritis without rheumatoid factor, left shoulder"
M06.019,"Rheumatoid arthritis without rheumatoid factor, unspecified shoulder"
M06.021,"Rheumatoid arthritis without rheumatoid factor, right elbow"
M06.022,"Rheumatoid arthritis without rheumatoid factor, left elbow"
M06.029,"Rheumatoid arthritis without rheumatoid factor, unspecified elbow"
M06.031,"Rheumatoid arthritis without rheumatoid factor, right wrist"
M06.032,"Rheumatoid arthritis without rheumatoid factor, left wrist"
M06.039,"Rheumatoid arthritis without rheumatoid factor, unspecified wrist"
M06.041,"Rheumatoid arthritis without rheumatoid factor, right hand"
M06.042,"Rheumatoid arthritis without rheumatoid factor, left hand"
M06.049,"Rheumatoid arthritis without rheumatoid factor, unspecified hand"
M06.051,"Rheumatoid arthritis without rheumatoid factor, right hip"
M06.052,"Rheumatoid arthritis without rheumatoid factor, left hip"
M06.059,"Rheumatoid arthritis without rheumatoid factor, unspecified hip"
M06.061,"Rheumatoid arthritis without rheumatoid factor, right knee"
M06.062,"Rheumatoid arthritis without rheumatoid factor, left knee"
M06.069,"Rheumatoid arthritis without rheumatoid factor, unspecified knee"
M06.071,"Rheumatoid arthritis without rheumatoid factor, right ankle and foot"
M06.072,"Rheumatoid arthritis without rheumatoid factor, left ankle and foot"
M06.079,"Rheumatoid arthritis without rheumatoid factor, unspecified ankle and foot"
M06.08,"Rheumatoid arthritis without rheumatoid factor, vertebrae"
M06.09,"Rheumatoid arthritis without rheumatoid factor, multiple sites"
M06.0A,"Rheumatoid arthritis without rheumatoid factor, other specified site"
M06.1,Adult-onset Still's disease
M06.20,"Rheumatoid bursitis, unspecified site"
M06.211,"Rheumatoid bursitis, right shoulder"
M06.212,"Rheumatoid bursitis, left shoulder"
M06.219,"Rheumatoid bursitis, unspecified shoulder"
M06.221,"Rheumatoid bursitis, right elbow"
M06.222,"Rheumatoid bursitis, left elbow"
M06.229,"Rheumatoid bursitis, unspecified elbow"
M06.231,"Rheumatoid bursitis, right wrist"
M06.232,"Rheumatoid bursitis, left wrist"
M06.239,"Rheumatoid bursitis, unspecified wrist"
M06.241,"Rheumatoid bursitis, right hand"
M06.242,"Rheumatoid bursitis, left hand"
M06.249,"Rheumatoid bursitis, unspecified hand"
M06.251,"Rheumatoid bursitis, right hip"
M06.252,"Rheumatoid bursitis, left hip"
M06.259,"Rheumatoid bursitis, unspecified hip"
M06.261,"Rheumatoid bursitis, right knee"
N00.0,Acute nephritic syndrome with minor glomerular abnormality
N00.1,Acute nephritic syndrome with focal and segmental glomerular lesions
N00.2,Acute nephritic syndrome with diffuse membranous glomerulonephritis
N00.3,Acute nephritic syndrome with diffuse mesangial proliferative glomerulonephritis
N00.4,Acute nephritic syndrome with diffuse endocapillary proliferative glomerulonephritis
N00.5,Acute nephritic syndrome with diffuse mesangiocapillary glomerulonephritis
N00.6,Acute nephritic syndrome with dense deposit disease
N00.7,Acute nephritic syndrome with diffuse crescentic glomerulonephritis
N00.8,Acute nephritic syndrome with other morphologic changes
N00.9,Acute nephritic syndrome with unspecified morphologic changes
N00.A,Acute nephritic syndrome with C3 glomerulonephritis
N00.B1,Acute nephritic syndrome with idiopathic immune membranoproliferative glomerulonephritis (IC-MPGN)
N00.B2,Acute nephritic syndrome with secondary immune complex membranoproliferative glomerulonephritis (IC-MPGN)
N01.0,Rapidly progressive nephritic syndrome with minor glomerular abnormality
N01.1,Rapidly progressive nephritic syndrome with focal and segmental glomerular lesions
N01.2,Rapidly progressive nephritic syndrome with diffuse membranous glomerulonephritis
N01.3,Rapidly progressive nephritic syndrome with diffuse mesangial proliferative glomerulonephritis
N01.4,Rapidly progressive nephritic syndrome with diffuse endocapillary proliferative glomerulonephritis
N01.5,Rapidly progressive nephritic syndrome with diffuse mesangiocapillary glomerulonephritis
N01.6,Rapidly progressive nephritic syndrome with dense deposit disease
N01.7,Rapidly progressive nephritic syndrome with diffuse crescentic glomerulonephritis
N01.8,Rapidly progressive nephritic syndrome with other morphologic changes
N01.9,Rapidly progressive nephritic syndrome with unspecified morphologic changes
N01.A,Rapidly progressive nephritic syndrome with C3 glomerulonephritis
N02.0,Recurrent and persistent hematuria with minor glomerular abnormality
N02.1,Recurrent and persistent hematuria with focal and segmental glomerular lesions
N02.2,Recurrent and persistent hematuria with diffuse membranous glomerulonephritis
N02.3,Recurrent and persistent hematuria with diffuse mesangial proliferative glomerulonephritis
N02.4,Recurrent and persistent hematuria with diffuse endocapillary proliferative glomerulonephritis
N02.5,Recurrent and persistent hematuria with diffuse mesangiocapillary glomerulonephritis
N02.6,Recurrent and persistent hematuria with dense deposit disease
N02.7,Recurrent and persistent hematuria with diffuse crescentic glomerulonephritis
N02.8,Recurrent and persistent hematuria with other morphologic changes
N02.9,Recurrent and persistent hematuria with unspecified morphologic changes
N02.A,Recurrent and persistent hematuria with C3 glomerulonephritis
N02.B1,Recurrent and persistent immunoglobulin A nephropathy with glomerular lesion
N02.B2,Recurrent and persistent immunoglobulin A nephropathy with focal and segmental glomerular lesion
N02.B3,Recurrent and persistent immunoglobulin A nephropathy with diffuse membranoproliferative glomerulonephritis
N02.B4,Recurrent and persistent immunoglobulin A nephropathy with diffuse membranous glomerulonephritis
N02.B5,Recurrent and persistent immunoglobulin A nephropathy with diffuse mesangial proliferative glomerulonephritis
N02.B6,Recurrent and persistent immunoglobulin A nephropathy with diffuse mesangiocapillary glomerulonephritis
N02.B9,Other recurrent and persistent immunoglobulin A nephropathy
N03.0,Chronic nephritic syndrome with minor glomerular abnormality
N03.1,Chronic nephritic syndrome with focal and segmental glomerular lesions
N03.2,Chronic nephritic syndrome with diffuse membranous glomerulonephritis
N03.3,Chronic nephritic syndrome with diffuse mesangial proliferative glomerulonephritis
N03.4,Chronic nephritic syndrome with diffuse endocapillary proliferative glomerulonephritis
N03.5,Chronic nephritic syndrome with diffuse mesangiocapillary glomerulonephritis
N03.6,Chronic nephritic syndrome with dense deposit disease
N03.7,Chronic nephritic syndrome with diffuse crescentic glomerulonephritis
N03.8,Chronic nephritic syndrome with other morphologic changes
N03.9,Chronic nephritic syndrome with unspecified morphologic changes
N03.A,Chronic nephritic syndrome with C3 glomerulonephritis
N04.0,Nephrotic syndrome with minor glomerular abnormality
N04.1,Nephrotic syndrome with focal and segmental glomerular lesions
N04.20,"Nephrotic syndrome with diffuse membranous glomerulonephritis, unspecified"
N04.21,Primary membranous nephropathy with nephrotic syndrome
N04.22,Secondary membranous nephropathy with nephrotic syndrome
N04.29,Other nephrotic syndrome with diffuse membranous glomerulonephritis
N04.3,Nephrotic syndrome with diffuse mesangial proliferative glomerulonephritis
N04.4,Nephrotic syndrome with diffuse endocapillary proliferative glomerulonephritis
N04.5,Nephrotic syndrome with diffuse mesangiocapillary glomerulonephritis
N04.6,Nephrotic syndrome with dense deposit disease
N04.7,Nephrotic syndrome with diffuse crescentic glomerulonephritis
N04.8,Nephrotic syndrome with other morphologic changes
N04.9,Nephrotic syndrome with unspecified morphologic changes
N04.A,Nephrotic syndrome with C3 glomerulonephritis
N04.B1,Nephrotic syndrome with idiopathic immune complex membranoproliferative glomerulonephritis (IC-MPGN)
N04.B2,Nephrotic syndrome with secondary immune complex membranoproliferative glomerulonephritis (IC-MPGN)
N05.0,Unspecified nephritic syndrome with minor glomerular abnormality
N05.1,Unspecified nephritic syndrome with focal and segmental glomerular lesions
N05.2,Unspecified nephritic syndrome with diffuse membranous glomerulonephritis
N05.3,Unspecified nephritic syndrome with diffuse mesangial proliferative glomerulonephritis
N05.4,Unspecified nephritic syndrome with diffuse endocapillary proliferative glomerulonephritis
N05.5,Unspecified nephritic syndrome with diffuse mesangiocapillary glomerulonephritis
N05.6,Unspecified nephritic syndrome with dense deposit disease
N05.7,Unspecified nephritic syndrome with diffuse crescentic glomerulonephritis
N05.8,Unspecified nephritic syndrome with other morphologic changes
N05.9,Unspecified nephritic syndrome with unspecified morphologic changes
N05.A,Unspecified nephritic syndrome with C3 glomerulonephritis
N06.0,Isolated proteinuria with minor glomerular abnormality
N06.1,Isolated proteinuria with focal and segmental glomerular lesions
N06.20,"Isolated proteinuria with diffuse membranous glomerulonephritis, unspecified"
N06.21,Primary membranous nephropathy with isolated proteinuria
N06.22,Secondary membranous nephropathy with isolated proteinuria
N06.29,Other isolated proteinuria with diffuse membranous glomerulonephritis
N06.3,Isolated proteinuria with diffuse mesangial proliferative glomerulonephritis
N06.4,Isolated proteinuria with diffuse endocapillary proliferative glomerulonephritis
N06.5,Isolated proteinuria with diffuse mesangiocapillary glomerulonephritis
N06.6,Isolated proteinuria with dense deposit disease
N06.7,Isolated proteinuria with diffuse crescentic glomerulonephritis
N06.8,Isolated proteinuria with other morphologic lesion
N06.9,Isolated proteinuria with unspecified morphologic lesion
N06.A,Isolated proteinuria with C3 glomerulonephritis
N07.0,"Hereditary nephropathy, not elsewhere classified with minor glomerular abnormality"
N07.1,"Hereditary nephropathy, not elsewhere classified with focal and segmental glomerular lesions"
N07.2,"Hereditary nephropathy, not elsewhere classified with diffuse membranous glomerulonephritis"
N07.3,"Hereditary nephropathy, not elsewhere classified with diffuse mesangial proliferative glomerulonephritis"
N07.4,"Hereditary nephropathy, not elsewhere classified with diffuse endocapillary proliferative glomerulonephritis"
N07.5,"Hereditary nephropathy, not elsewhere classified with diffuse mesangiocapillary glomerulonephritis"
N07.6,"Hereditary nephropathy, not elsewhere classified with dense deposit disease"
N07.7,"Hereditary nephropathy, not elsewhere classified with diffuse crescentic glomerulonephritis"
N07.8,"Hereditary nephropathy, not elsewhere classified with other morphologic lesions"
N07.9,"Hereditary nephropathy, not elsewhere classified with unspecified morphologic lesions"
N07.A,"Hereditary nephropathy, not elsewhere classified with C3 glomerulonephritis"
N07.B,"Hereditary nephropathy, not elsewhere classified with APOL1-mediated kidney disease [AMKD]"
N08,Glomerular disorders in diseases classified elsewhere
N10,Acute pyelonephritis
N11.0,Nonobstructive reflux-associated chronic pyelonephritis
N11.1,Chronic obstructive pyelonephritis
N11.8,Other chronic tubulo-interstitial nephritis
N11.9,"Chronic tubulo-interstitial nephritis, unspecified"
N12,"Tubulo-interstitial nephritis, not specified as acute or chronic"
N13.0,Hydronephrosis with ureteropelvic junction obstruction
N13.1,"Hydronephrosis with ureteral stricture, not elsewhere classified"
N13.2,Hydronephrosis with renal and ureteral calculous obstruction
N13.30,Unspecified hydronephrosis
N13.39,Other hydronephrosis
N13.4,Hydroureter
N13.5,Crossing vessel and stricture of ureter without hydronephrosis
N13.6,Pyonephrosis
N13.70,"Vesicoureteral-reflux, unspecified"
N13.71,Vesicoureteral-reflux without reflux nephropathy
N13.721,"Vesicoureteral-reflux with reflux nephropathy without hydroureter, unilateral"
N13.722,"Vesicoureteral-reflux with reflux nephropathy without hydroureter, bilateral"
N13.729,"Vesicoureteral-reflux with reflux nephropathy without hydroureter, unspecified"
N13.731,"Vesicoureteral-reflux with reflux nephropathy with hydroureter, unilateral"
N13.732,"Vesicoureteral-reflux with reflux nephropathy with hydroureter, bilateral"
N13.739,"Vesicoureteral-reflux with reflux nephropathy with hydroureter, unspecified"
N13.8,Other obstructive and reflux uropathy
N13.9,"Obstructive and reflux uropathy, unspecified"
N14.0,Analgesic nephropathy
N14.11,Contrast-induced nephropathy
N14.19,"Nephropathy induced by other drugs, medicaments and biological substances"
N14.2,"Nephropathy induced by unspecified drug, medicament or biological substance"
N14.3,Nephropathy induced by heavy metals
N14.4,"Toxic nephropathy, not elsewhere classified"
N15.0,Balkan nephropathy
N15.1,Renal and perinephric abscess
N15.8,Other specified renal tubulo-interstitial diseases
N15.9,"Renal tubulo-interstitial disease, unspecified"
N16,Renal tubulo-interstitial disorders in diseases classified elsewhere
N17.0,Acute kidney failure with tubular necrosis
N17.1,Acute kidney failure with acute cortical necrosis
N17.2,Acute kidney failure with medullary necrosis
N17.8,Other acute kidney failure
N17.9,"Acute kidney failure, unspecified"
N18.1,"Chronic kidney disease, stage 1"
N18.2,"Chronic kidney disease, stage 2 (mild)"
N18.30,"Chronic kidney disease, stage 3 unspecified"
N18.31,"Chronic kidney disease, stage 3a"
N18.32,"Chronic kidney disease, stage 3b"
N18.4,"Chronic kidney disease, stage 4 (severe)"
N18.5,"Chronic kidney disease, stage 5"
N18.6,End stage renal disease
N18.9,"Chronic kidney disease, unspecified"
N19,Unspecified kidney failure
N20.0,Calculus of kidney
N20.1,Calculus of ureter
N20.2,Calculus of kidney with calculus of ureter
N20.9,"Urinary calculus, unspecified"
N21.0,Calculus in bladder
N21.1,Calculus in urethra
N21.8,Other lower urinary tract calculus
N21.9,"Calculus of lower urinary tract, unspecified"
N22,Calculus of urinary tract in diseases classified elsewhere
N23,Unspecified renal colic
N25.0,Renal osteodystrophy
N25.1,Nephrogenic diabetes insipidus
N25.81,Secondary hyperparathyroidism of renal origin
N25.89,Other disorders resulting from impaired renal tubular function
N25.9,"Disorder resulting from impaired renal tubular function, unspecified"
N26.1,Atrophy of kidney (terminal)
N26.2,Page kidney
N26.9,"Renal sclerosis, unspecified"
N27.0,"Small kidney, unilateral"
N27.1,"Small kidney, bilateral"
N27.9,"Small kidney, unspecified"
N28.0,Ischemia and infarction of kidney
N28.1,"Cyst of kidney, acquired"
N28.81,Hypertrophy of kidney
N28.82,Megaloureter
N28.83,Nephroptosis
N28.84,Pyelitis cystica
N28.85,Pyeloureteritis cystica
N28.86,Ureteritis cystica
N28.89,Other specified disorders of kidney and ureter
N28.9,"Disorder of kidney and ureter, unspecified"
N29,Other disorders of kidney and ureter in diseases classified elsewhere
N30.00,Acute cystitis without hematuria
N30.01,Acute cystitis with hematuria
N30.10,Interstitial cystitis (chronic) without hematuria
N30.11,Interstitial cystitis (chronic) with hematuria
N30.20,Other chronic cystitis without hematuria
N30.21,Other chronic cystitis with hematuria
N30.30,Trigonitis without hematuria
N30.31,Trigonitis with hematuria
N30.40,Irradiation cystitis without hematuria
N30.41,Irradiation cystitis with hematuria
N30.80,Other cystitis without hematuria
N30.81,Other cystitis with hematuria
N30.90,"Cystitis, unspecified without hematuria"
N30.91,"Cystitis, unspecified with hematuria"
N31.0,"Uninhibited neuropathic bladder, not elsewhere classified"
N31.1,"Reflex neuropathic bladder, not elsewhere classified"
N31.2,"Flaccid neuropathic bladder, not elsewhere classified"
N31.8,Other neuromuscular dysfunction of bladder
N31.9,"Neuromuscular dysfunction of bladder, unspecified"
N32.0,Bladder-neck obstruction
N32.1,Vesicointestinal fistula
N32.2,"Vesical fistula, not elsewhere classified"
N32.3,Diverticulum of bladder
N32.81,Overactive bladder
N32.89,Other specified disorders of bladder
N32.9,"Bladder disorder, unspecified"
N33,Bladder disorders in diseases classified elsewhere
N34.0,Urethral abscess
N34.1,Nonspecific urethritis
N34.2,Other urethritis
N34.3,"Urethral syndrome, unspecified"
N35.010,"Post-traumatic urethral stricture, male, meatal"
N35.011,Post-traumatic bulbous urethral stricture
N35.012,Post-traumatic membranous urethral stricture
N35.013,Post-traumatic anterior urethral stricture
N35.014,"Post-traumatic urethral stricture, male, unspecified"
N35.016,"Post-traumatic urethral stricture, male, overlapping sites"
N35.021,Urethral stricture due to childbirth
N35.028,"Other post-traumatic urethral stricture, female"
N35.111,"Postinfective urethral stricture, not elsewhere classified, male, meatal"
N35.112,"Postinfective bulbous urethral stricture, not elsewhere classified, male"
N35.113,"Postinfective membranous urethral stricture, not elsewhere classified, male"
N35.114,"Postinfective anterior urethral stricture, not elsewhere classified, male"
N35.116,"Postinfective urethral stricture, not elsewhere classified, male, overlapping sites"
N35.119,"Postinfective urethral stricture, not elsewhere classified, male, unspecified"
N35.12,"Postinfective urethral stricture, not elsewhere classified, female"
N35.811,"Other urethral stricture, male, meatal"
N35.812,"Other bulbous urethral stricture, male"
N35.813,"Other membranous urethral stricture, male"
N35.814,"Other anterior urethral stricture, male"
N35.816,"Other urethral stricture, male, overlapping sites"
N35.819,"Other urethral stricture, male, unspecified site"
N35.82,"Other urethral stricture, female"
N35.911,"Unspecified urethral stricture, male, meatal"
N35.912,"Unspecified bulbous urethral stricture, male"
N35.913,"Unspecified membranous urethral stricture, male"
N35.914,"Unspecified anterior urethral stricture, male"
N35.916,"Unspecified urethral stricture, male, overlapping sites"
N35.919,"Unspecified urethral stricture, male, unspecified site"
N35.92,"Unspecified urethral stricture, female"
N36.0,Urethral fistula
N36.1,Urethral diverticulum
N36.2,Urethral caruncle
N36.41,Hypermobility of urethra
N36.42,Intrinsic sphincter deficiency (ISD)
N36.43,Combined hypermobility of urethra and intrinsic sphincter deficiency
N36.44,Muscular disorders of urethra
N36.5,Urethral false passage
N36.8,Other specified disorders of urethra
N36.9,"Urethral disorder, unspecified"
N37,Urethral disorders in diseases classified elsewhere
N39.0,"Urinary tract infection, site not specified"
N39.3,Stress incontinence (female) (male)
N39.41,Urge incontinence
N39.42,Incontinence without sensory awareness
N39.43,Post-void dribbling
N39.44,Nocturnal enuresis
N39.45,Continuous leakage
N39.46,Mixed incontinence
N39.490,Overflow incontinence
N39.491,Coital incontinence
N39.492,Postural (urinary) incontinence
N39.498,Other specified urinary incontinence
N39.8,Other specified disorders of urinary system
N39.9,"Disorder of urinary system, unspecified"
N40.0,Benign prostatic hyperplasia without lower urinary tract symptoms
N40.1,Benign prostatic hyperplasia with lower urinary tract symptoms
N40.2,Nodular prostate without lower urinary tract symptoms
N40.3,Nodular prostate with lower urinary tract symptoms
N41.0,Acute prostatitis
N41.1,Chronic prostatitis
N41.2,Abscess of prostate
N41.3,Prostatocystitis
N41.4,Granulomatous prostatitis
N41.8,Other inflammatory diseases of prostate
N41.9,"Inflammatory disease of prostate, unspecified"
N42.0,Calculus of prostate
N42.1,Congestion and hemorrhage of prostate
N42.30,Unspecified dysplasia of prostate
N42.31,Prostatic intraepithelial neoplasia
N42.32,Atypical small acinar proliferation of prostate
N42.39,Other dysplasia of prostate
N42.81,Prostatodynia syndrome
N42.82,Prostatosis syndrome
N42.83,Cyst of prostate
N42.89,Other specified disorders of prostate
N42.9,"Disorder of prostate, unspecified"
N43.0,Encysted hydrocele
N43.1,Infected hydrocele
N43.2,Other hydrocele
N43.3,"Hydrocele, unspecified"
N43.40,"Spermatocele of epididymis, unspecified"
N43.41,"Spermatocele of epididymis, single"
N43.42,"Spermatocele of epididymis, multiple"
N44.00,"Torsion of testis, unspecified"
N44.01,Extravaginal torsion of spermatic cord
N44.02,Intravaginal torsion of spermatic cord
N44.03,Torsion of appendix testis
N44.04,Torsion of appendix epididymis
N44.1,Cyst of tunica albuginea testis
N44.2,Benign cyst of testis
N44.8,Other noninflammatory disorders of the testis
N45.1,Epididymitis
N45.2,Orchitis
N45.3,Epididymo-orchitis
N45.4,Abscess of epididymis or testis
N46.01,Organic azoospermia
N46.021,Azoospermia due to drug therapy
N46.022,Azoospermia due to infection
N46.023,Azoospermia due to obstruction of efferent ducts
N46.024,Azoospermia due to radiation
N46.025,Azoospermia due to systemic disease
N46.029,Azoospermia due to other extratesticular causes
N46.11,Organic oligospermia
N46.121,Oligospermia due to drug therapy
N46.122,Oligospermia due to infection
N46.123,Oligospermia due to obstruction of efferent ducts
N46.124,Oligospermia due to radiation
N46.125,Oligospermia due to systemic disease
N46.129,Oligospermia due to other extratesticular causes
N46.8,Other male infertility
N46.9,"Male infertility, unspecified"
N47.0,"Adherent prepuce, newborn"
N47.1,Phimosis
N47.2,Paraphimosis
N47.3,Deficient foreskin
N47.4,Benign cyst of prepuce
N47.5,Adhesions of prepuce and glans penis
N47.6,Balanoposthitis
N47.7,Other inflammatory diseases of prepuce
N47.8,Other disorders of prepuce
N48.0,Leukoplakia of penis
N48.1,Balanitis
N48.21,Abscess of corpus cavernosum and penis
N48.22,Cellulitis of corpus cavernosum and penis
N48.29,Other inflammatory disorders of penis
N48.30,"Priapism, unspecified"
N48.31,Priapism due to trauma
N48.32,Priapism due to disease classified elsewhere
N48.33,"Priapism, drug-induced"
N48.39,Other priapism
N48.5,Ulcer of penis
N48.6,Induration penis plastica
N48.81,Thrombosis of superficial vein of penis
N48.82,Acquired torsion of penis
N48.83,Acquired buried penis
N48.89,Other specified disorders of penis
N48.9,"Disorder of penis, unspecified"
N49.0,Inflammatory disorders of seminal vesicle
N49.1,"Inflammatory disorders of spermatic cord, tunica vaginalis and vas deferens"
N49.2,Inflammatory disorders of scrotum
N49.3,Fournier gangrene
N49.8,Inflammatory disorders of other specified male genital organs
N49.9,Inflammatory disorder of unspecified male genital organ
N50.0,Atrophy of testis
N50.1,Vascular disorders of male genital organs
N50.3,Cyst of epididymis
N50.811,Right testicular pain
N50.812,Left testicular pain
N50.819,"Testicular pain, unspecified"
N50.82,Scrotal pain
N50.89,Other specified disorders of the male genital organs
N50.9,"Disorder of male genital organs, unspecified"
N51,Disorders of male genital organs in diseases classified elsewhere
N52.01,Erectile dysfunction due to arterial insufficiency
N52.02,Corporo-venous occlusive erectile dysfunction
N52.03,Combined arterial insufficiency and corporo-venous occlusive erectile dysfunction
N52.1,Erectile dysfunction due to diseases classified elsewhere
N52.2,Drug-induced erectile dysfunction
N52.31,Erectile dysfunction following radical prostatectomy
N52.32,Erectile dysfunction following radical cystectomy
N52.33,Erectile dysfunction following urethral surgery
N52.34,Erectile dysfunction following simple prostatectomy
N52.35,Erectile dysfunction following radiation therapy
N52.36,Erectile dysfunction following interstitial seed therapy
N52.37,Erectile dysfunction following prostate ablative therapy
N52.39,Other and unspecified postprocedural erectile dysfunction
N52.8,Other male erectile dysfunction
N52.9,"Male erectile dysfunction, unspecified"
N53.11,Retarded ejaculation
N53.12,Painful ejaculation
N53.13,Anejaculatory orgasm
N53.14,Retrograde ejaculation
N53.19,Other ejaculatory dysfunction
N53.8,Other male sexual dysfunction
N53.9,Unspecified male sexual dysfunction
N60.01,Solitary cyst of right breast
N60.02,Solitary cyst of left breast
N60.09,Solitary cyst of unspecified breast
N60.11,Diffuse cystic mastopathy of right breast
N60.12,Diffuse cystic mastopathy of left breast
N60.19,Diffuse cystic mastopathy of unspecified breast
N60.21,Fibroadenosis of right breast
N60.22,Fibroadenosis of left breast
N60.29,Fibroadenosis of unspecified breast
N60.31,Fibrosclerosis of right breast
N60.32,Fibrosclerosis of left breast
N60.39,Fibrosclerosis of unspecified breast
N60.41,Mammary duct ectasia of right breast
N60.42,Mammary duct ectasia of left breast
N60.49,Mammary duct ectasia of unspecified breast
N60.81,Other benign mammary dysplasias of right breast
N60.82,Other benign mammary dysplasias of left breast
N60.89,Other benign mammary dysplasias of unspecified breast
N60.91,Unspecified benign mammary dysplasia of right breast
N60.92,Unspecified benign mammary dysplasia of left breast
N60.99,Unspecified benign mammary dysplasia of unspecified breast
N61.0,Mastitis without abscess
N61.1,Abscess of the breast and nipple
N61.20,"Granulomatous mastitis, unspecified breast"
N61.21,"Granulomatous mastitis, right breast"
N61.22,"Granulomatous mastitis, left breast"
N61.23,"Granulomatous mastitis, bilateral breast"
N62,Hypertrophy of breast
N63.0,Unspecified lump in unspecified breast
N63.10,"Unspecified lump in the right breast, unspecified quadrant"
N63.11,"Unspecified lump in the right breast, upper outer quadrant"
N63.12,"Unspecified lump in the right breast, upper inner quadrant"
N63.13,"Unspecified lump in the right breast, lower outer quadrant"
N63.14,"Unspecified lump in the right breast, lower inner quadrant"
N63.15,"Unspecified lump in the right breast, overlapping quadrants"
N63.20,"Unspecified lump in the left breast, unspecified quadrant"
N63.21,"Unspecified lump in the left breast, upper outer quadrant"
N63.22,"Unspecified lump in the left breast, upper inner quadrant"
N63.23,"Unspecified lump in the left breast, lower outer quadrant"
N63.24,"Unspecified lump in the left breast, lower inner quadrant"
N63.25,"Unspecified lump in the left breast, overlapping quadrants"
N63.31,Unspecified lump in axillary tail of the right breast
N63.32,Unspecified lump in axillary tail of the left breast
N63.41,"Unspecified lump in right breast, subareolar"
N63.42,"Unspecified lump in left breast, subareolar"
N64.0,Fissure and fistula of nipple
N64.1,Fat necrosis of breast
N64.2,Atrophy of breast
N64.3,Galactorrhea not associated with childbirth
N64.4,Mastodynia
N64.51,Induration of breast
N64.52,Nipple discharge
N64.53,Retraction of nipple
N64.59,Other signs and symptoms in breast
N64.81,Ptosis of breast
N64.82,Hypoplasia of breast
N64.89,Other specified disorders of breast
N64.9,"Disorder of breast, unspecified"
N65.0,Deformity of reconstructed breast
N65.1,Disproportion of reconstructed breast
N70.01,Acute salpingitis
N70.02,Acute oophoritis
N70.03,Acute salpingitis and oophoritis
N70.11,Chronic salpingitis
N70.12,Chronic oophoritis
N70.13,Chronic salpingitis and oophoritis
N70.91,"Salpingitis, unspecified"
N70.92,"Oophoritis, unspecified"
N70.93,"Salpingitis and oophoritis, unspecified"
N71.0,Acute inflammatory disease of uterus
N71.1,Chronic inflammatory disease of uterus
N71.9,"Inflammatory disease of uterus, unspecified"
N72,Inflammatory disease of cervix uteri
N73.0,Acute parametritis and pelvic cellulitis
N73.1,Chronic parametritis and pelvic cellulitis
N73.2,Unspecified parametritis and pelvic cellulitis
N73.3,Female acute pelvic peritonitis
N73.4,Female chronic pelvic peritonitis
N73.5,"Female pelvic peritonitis, unspecified"
N73.6,Female pelvic peritoneal adhesions (postinfective)
N73.8,Other specified female pelvic inflammatory diseases
N73.9,"Female pelvic inflammatory disease, unspecified"
N74,Female pelvic inflammatory disorders in diseases classified elsewhere
N75.0,Cyst of Bartholin's gland
N75.1,Abscess of Bartholin's gland
N75.8,Other diseases of Bartholin's gland
N75.9,"Disease of Bartholin's gland, unspecified"
N76.0,Acute vaginitis
N76.1,Subacute and chronic vaginitis
N76.2,Acute vulvitis
N76.3,Subacute and chronic vulvitis
N76.4,Abscess of vulva
N76.5,Ulceration of vagina
N76.6,Ulceration of vulva
N76.81,Mucositis (ulcerative) of vagina and vulva
N76.82,Fournier disease of vagina and vulva
N76.89,Other specified inflammation of vagina and vulva
N77.0,Ulceration of vulva in diseases classified elsewhere
N77.1,"Vaginitis, vulvitis and vulvovaginitis in diseases classified elsewhere"
N80.00,"Endometriosis of the uterus, unspecified"
N80.01,Superficial endometriosis of the uterus
N80.02,Deep endometriosis of the uterus
N80.03,Adenomyosis of the uterus
N80.101,"Endometriosis of right ovary, unspecified depth"
N80.102,"Endometriosis of left ovary, unspecified depth"
O00.00,Abdominal pregnancy without intrauterine pregnancy
O00.01,Abdominal pregnancy with intrauterine pregnancy
O00.101,Right tubal pregnancy without intrauterine pregnancy
O00.102,Left tubal pregnancy without intrauterine pregnancy
O00.109,Unspecified tubal pregnancy without intrauterine pregnancy
O00.111,Right tubal pregnancy with intrauterine pregnancy
O00.112,Left tubal pregnancy with intrauterine pregnancy
O00.119,Unspecified tubal pregnancy with intrauterine pregnancy
O00.201,Right ovarian pregnancy without intrauterine pregnancy
O00.202,Left ovarian pregnancy without intrauterine pregnancy
O00.209,Unspecified ovarian pregnancy without intrauterine pregnancy
O00.211,Right ovarian pregnancy with intrauterine pregnancy
O00.212,Left ovarian pregnancy with intrauterine pregnancy
O00.219,Unspecified ovarian pregnancy with intrauterine pregnancy
O00.80,Other ectopic pregnancy without intrauterine pregnancy
O00.81,Other ectopic pregnancy with intrauterine pregnancy
O00.90,Unspecified ectopic pregnancy without intrauterine pregnancy
O00.91,Unspecified ectopic pregnancy with intrauterine pregnancy
O01.0,Classical hydatidiform mole
O01.1,Incomplete and partial hydatidiform mole
O01.9,"Hydatidiform mole, unspecified"
O02.0,Blighted ovum and nonhydatidiform mole
O02.1,Missed abortion
O02.81,Inappropriate change in quantitative human chorionic gonadotropin (hCG) in early pregnancy
O02.89,Other abnormal products of conception
O02.9,"Abnormal product of conception, unspecified"
O03.0,Genital tract and pelvic infection following incomplete spontaneous abortion
O03.1,Delayed or excessive hemorrhage following incomplete spontaneous abortion
O03.2,Embolism following incomplete spontaneous abortion
O03.30,Unspecified complication following incomplete spontaneous abortion
O03.31,Shock following incomplete spontaneous abortion
O03.32,Renal failure following incomplete spontaneous abortion
O03.33,Metabolic disorder following incomplete spontaneous abortion
O03.34,Damage to pelvic organs following incomplete spontaneous abortion
O03.35,Other venous complications following incomplete spontaneous abortion
O03.36,Cardiac arrest following incomplete spontaneous abortion
O03.37,Sepsis following incomplete spontaneous abortion
O03.38,Urinary tract infection following incomplete spontaneous abortion
O03.39,Incomplete spontaneous abortion with other complications
O03.4,Incomplete spontaneous abortion without complication
O03.5,Genital tract and pelvic infection following complete or unspecified spontaneous abortion
O03.6,Delayed or excessive hemorrhage following complete or unspecified spontaneous abortion
O03.7,Embolism following complete or unspecified spontaneous abortion
O03.80,Unspecified complication following complete or unspecified spontaneous abortion
O03.81,Shock following complete or unspecified spontaneous abortion
O03.82,Renal failure following complete or unspecified spontaneous abortion
O03.83,Metabolic disorder following complete or unspecified spontaneous abortion
O03.84,Damage to pelvic organs following complete or unspecified spontaneous abortion
O03.85,Other venous complications following complete or unspecified spontaneous abortion
O03.86,Cardiac arrest following complete or unspecified spontaneous abortion
O03.87,Sepsis following complete or unspecified spontaneous abortion
O03.88,Urinary tract infection following complete or unspecified spontaneous abortion
O03.89,Complete or unspecified spontaneous abortion with other complications
O03.9,Complete or unspecified spontaneous abortion without complication
O04.5,Genital tract and pelvic infection following (induced) termination of pregnancy
O04.6,Delayed or excessive hemorrhage following (induced) termination of pregnancy
O04.7,Embolism following (induced) termination of pregnancy
O04.80,(Induced) termination of pregnancy with unspecified complications
O04.81,Shock following (induced) termination of pregnancy
O04.82,Renal failure following (induced) termination of pregnancy
O04.83,Metabolic disorder following (induced) termination of pregnancy
O04.84,Damage to pelvic organs following (induced) termination of pregnancy
O04.85,Other venous complications following (induced) termination of pregnancy
O04.86,Cardiac arrest following (induced) termination of pregnancy
O04.87,Sepsis following (induced) termination of pregnancy
O04.88,Urinary tract infection following (induced) termination of pregnancy
O04.89,(Induced) termination of pregnancy with other complications
O07.0,Genital tract and pelvic infection following failed attempted termination of pregnancy
O07.1,Delayed or excessive hemorrhage following failed attempted termination of pregnancy
O07.2,Embolism following failed attempted termination of pregnancy
O07.30,Failed attempted termination of pregnancy with unspecified complications
O07.31,Shock following failed attempted termination of pregnancy
O07.32,Renal failure following failed attempted termination of pregnancy
O07.33,Metabolic disorder following failed attempted termination of pregnancy
O07.34,Damage to pelvic organs following failed attempted termination of pregnancy
O07.35,Other venous complications following failed attempted termination of pregnancy
O07.36,Cardiac arrest following failed attempted termination of pregnancy
O07.37,Sepsis following failed attempted termination of pregnancy
O07.38,Urinary tract infection following failed attempted termination of pregnancy
O07.39,Failed attempted termination of pregnancy with other complications
O07.4,Failed attempted termination of pregnancy without complication
O08.0,Genital tract and pelvic infection following ectopic and molar pregnancy
O08.1,Delayed or excessive hemorrhage following ectopic and molar pregnancy
O08.2,Embolism following ectopic and molar pregnancy
O08.3,Shock following ectopic and molar pregnancy
O08.4,Renal failure following ectopic and molar pregnancy
O08.5,Metabolic disorders following an ectopic and molar pregnancy
O08.6,Damage to pelvic organs and tissues following an ectopic and molar pregnancy
O08.7,Other venous complications following an ectopic and molar pregnancy
O08.81,Cardiac arrest following an ectopic and molar pregnancy
O08.82,Sepsis following ectopic and molar pregnancy
O08.83,Urinary tract infection following an ectopic and molar pregnancy
O08.89,Other complications following an ectopic and molar pregnancy
O08.9,Unspecified complication following an ectopic and molar pregnancy
O09.00,"Supervision of pregnancy with history of infertility, unspecified trimester"
O09.01,"Supervision of pregnancy with history of infertility, first trimester"
O09.02,"Supervision of pregnancy with history of infertility, second trimester"
O09.03,"Supervision of pregnancy with history of infertility, third trimester"
O09.10,"Supervision of pregnancy with history of ectopic pregnancy, unspecified trimester"
O09.11,"Supervision of pregnancy with history of ectopic pregnancy, first trimester"
O09.12,"Supervision of pregnancy with history of ectopic pregnancy, second trimester"
O09.13,"Supervision of pregnancy with history of ectopic pregnancy, third trimester"
O09.A0,"Supervision of pregnancy with history of molar pregnancy, unspecified trimester"
O09.A1,"Supervision of pregnancy with history of molar pregnancy, first trimester"
O09.A2,"Supervision of pregnancy with history of molar pregnancy, second trimester"
O09.A3,"Supervision of pregnancy with history of molar pregnancy, third trimester"
O09.211,"Supervision of pregnancy with history of pre-term labor, first trimester"
O09.212,"Supervision of pregnancy with history of pre-term labor, second trimester"
O09.213,"Supervision of pregnancy with history of pre-term labor, third trimester"
O09.219,"Supervision of pregnancy with history of pre-term labor, unspecified trimester"
O09.291,"Supervision of pregnancy with other poor reproductive or obstetric history, first trimester"
O09.292,"Supervision of pregnancy with other poor reproductive or obstetric history, second trimester"
O09.293,"Supervision of pregnancy with other poor reproductive or obstetric history, third trimester"
O09.299,"Supervision of pregnancy with other poor reproductive or obstetric history, unspecified trimester"
O09.30,"Supervision of pregnancy with insufficient antenatal care, unspecified trimester"
O09.31,"Supervision of pregnancy with insufficient antenatal care, first trimester"
O09.32,"Supervision of pregnancy with insufficient antenatal care, second trimester"
O09.33,"Supervision of pregnancy with insufficient antenatal care, third trimester"
O09.40,"Supervision of pregnancy with grand multiparity, unspecified trimester"
O09.41,"Supervision of pregnancy with grand multiparity, first trimester"
O09.42,"Supervision of pregnancy with grand multiparity, second trimester"
O09.43,"Supervision of pregnancy with grand multiparity, third trimester"
O09.511,"Supervision of elderly primigravida, first trimester"
O09.512,"Supervision of elderly primigravida, second trimester"
O09.513,"Supervision of elderly primigravida, third trimester"
O09.519,"Supervision of elderly primigravida, unspecified trimester"
O09.521,"Supervision of elderly multigravida, first trimester"
O09.522,"Supervision of elderly multigravida, second trimester"
O09.523,"Supervision of elderly multigravida, third trimester"
O09.529,"Supervision of elderly multigravida, unspecified trimester"
O09.611,"Supervision of young primigravida, first trimester"
O09.612,"Supervision of young primigravida, second trimester"
O09.613,"Supervision of young primigravida, third trimester"
O09.619,"Supervision of young primigravida, unspecified trimester"
O09.621,"Supervision of young multigravida, first trimester"
O09.622,"Supervision of young multigravida, second trimester"
O09.623,"Supervision of young multigravida, third trimester"
O09.629,"Supervision of young multigravida, unspecified trimester"
O09.70,"Supervision of high risk pregnancy due to social problems, unspecified trimester"
O09.71,"Supervision of high risk pregnancy due to social problems, first trimester"
O09.72,"Supervision of high risk pregnancy due to social problems, second trimester"
O09.73,"Supervision of high risk pregnancy due to social problems, third trimester"
O09.811,"Supervision of pregnancy resulting from assisted reproductive technology, first trimester"
O09.812,"Supervision of pregnancy resulting from assisted reproductive technology, second trimester"
O09.813,"Supervision of pregnancy resulting from assisted reproductive technology, third trimester"
O09.819,"Supervision of pregnancy resulting from assisted reproductive technology, unspecified trimester"
O09.821,"Supervision of pregnancy with history of in utero procedure during previous pregnancy, first trimester"
O09.822,"Supervision of pregnancy with history of in utero procedure during previous pregnancy, second trimester"
O09.823,"Supervision of pregnancy with history of in utero procedure during previous pregnancy, third trimester"
O09.829,"Supervision of pregnancy with history of in utero procedure during previous pregnancy, unspecified trimester"
O09.891,"Supervision of other high risk pregnancies, first trimester"
O09.892,"Supervision of other high risk pregnancies, second trimester"
O09.893,"Supervision of other high risk pregnancies, third trimester"
O09.899,"Supervision of other high risk pregnancies, unspecified trimester"
O09.90,"Supervision of high risk pregnancy, unspecified, unspecified trimester"
O09.91,"Supervision of high risk pregnancy, unspecified, first trimester"
O09.92,"Supervision of high risk pregnancy, unspecified, second trimester"
O09.93,"Supervision of high risk pregnancy, unspecified, third trimester"
O10.011,"Pre-existing essential hypertension complicating pregnancy, first trimester"
O10.012,"Pre-existing essential hypertension complicating pregnancy, second trimester"
O10.013,"Pre-existing essential hypertension complicating pregnancy, third trimester"
O10.019,"Pre-existing essential hypertension complicating pregnancy, unspecified trimester"
O10.02,Pre-existing essential hypertension complicating childbirth
O10.03,Pre-existing essential hypertension complicating the puerperium
O10.111,"Pre-existing hypertensive heart disease complicating pregnancy, first trimester"
O10.112,"Pre-existing hypertensive heart disease complicating pregnancy, second trimester"
O10.113,"Pre-existing hypertensive heart disease complicating pregnancy, third trimester"
O10.119,"Pre-existing hypertensive heart disease complicating pregnancy, unspecified trimester"
O10.12,Pre-existing hypertensive heart disease complicating childbirth
O10.13,Pre-existing hypertensive heart disease complicating the puerperium
O10.211,"Pre-existing hypertensive chronic kidney disease complicating pregnancy, first trimester"
O10.212,"Pre-existing hypertensive chronic kidney disease complicating pregnancy, second trimester"
O10.213,"Pre-existing hypertensive chronic kidney disease complicating pregnancy, third trimester"
O10.219,"Pre-existing hypertensive chronic kidney disease complicating pregnancy, unspecified trimester"
O10.22,Pre-existing hypertensive chronic kidney disease complicating childbirth
O10.23,Pre-existing hypertensive chronic kidney disease complicating the puerperium
O10.311,"Pre-existing hypertensive heart and chronic kidney disease complicating pregnancy, first trimester"
O10.312,"Pre-existing hypertensive heart and chronic kidney disease complicating pregnancy, second trimester"
O10.313,"Pre-existing hypertensive heart and chronic kidney disease complicating pregnancy, third trimester"
O10.319,"Pre-existing hypertensive heart and chronic kidney disease complicating pregnancy, unspecified trimester"
O10.32,Pre-existing hypertensive heart and chronic kidney disease complicating childbirth
O10.33,Pre-existing hypertensive heart and chronic kidney disease complicating the puerperium
O10.411,"Pre-existing secondary hypertension complicating pregnancy, first trimester"
O10.412,"Pre-existing secondary hypertension complicating pregnancy, second trimester"
O10.413,"Pre-existing secondary hypertension complicating pregnancy, third trimester"
O10.419,"Pre-existing secondary hypertension complicating pregnancy, unspecified trimester"
O10.42,Pre-existing secondary hypertension complicating childbirth
O10.43,Pre-existing secondary hypertension complicating the puerperium
O10.911,"Unspecified pre-existing hypertension complicating pregnancy, first trimester"
O10.912,"Unspecified pre-existing hypertension complicating pregnancy, second trimester"
O10.913,"Unspecified pre-existing hypertension complicating pregnancy, third trimester"
O10.919,"Unspecified pre-existing hypertension complicating pregnancy, unspecified trimester"
O10.92,Unspecified pre-existing hypertension complicating childbirth
O10.93,Unspecified pre-existing hypertension complicating the puerperium
O11.1,"Pre-existing hypertension with pre-eclampsia, first trimester"
O11.2,"Pre-existing hypertension with pre-eclampsia, second trimester"
O11.3,"Pre-existing hypertension with pre-eclampsia, third trimester"
O11.4,"Pre-existing hypertension with pre-eclampsia, complicating childbirth"
O11.5,"Pre-existing hypertension with pre-eclampsia, complicating the puerperium"
O11.9,"Pre-existing hypertension with pre-eclampsia, unspecified trimester"
O12.00,"Gestational edema, unspecified trimester"
O12.01,"Gestational edema, first trimester"
O12.02,"Gestational edema, second trimester"
O12.03,"Gestational edema, third trimester"
O12.04,"Gestational edema, complicating childbirth"
O12.05,"Gestational edema, complicating the puerperium"
O12.10,"Gestational proteinuria, unspecified trimester"
O12.11,"Gestational proteinuria, first trimester"
O12.12,"Gestational proteinuria, second trimester"
O12.13,"Gestational proteinuria, third trimester"
O12.14,"Gestational proteinuria, complicating childbirth"
O12.15,"Gestational proteinuria, complicating the puerperium"
O12.20,"Gestational edema with proteinuria, unspecified trimester"
O12.21,"Gestational edema with proteinuria, first trimester"
O12.22,"Gestational edema with proteinuria, second trimester"
O12.23,"Gestational edema with proteinuria, third trimester"
O12.24,"Gestational edema with proteinuria, complicating childbirth"
O12.25,"Gestational edema with proteinuria, complicating the puerperium"
O13.1,"Gestational [pregnancy-induced] hypertension without significant proteinuria, first trimester"
O13.2,"Gestational [pregnancy-induced] hypertension without significant proteinuria, second trimester"
O13.3,"Gestational [pregnancy-induced] hypertension without significant proteinuria, third trimester"
O13.4,"Gestational [pregnancy-induced] hypertension without significant proteinuria, complicating childbirth"
O13.5,"Gestational [pregnancy-induced] hypertension without significant proteinuria, complicating the puerperium"
O13.9,"Gestational [pregnancy-induced] hypertension without significant proteinuria, unspecified trimester"
O14.00,"Mild to moderate pre-eclampsia, unspecified trimester"
O14.02,"Mild to moderate pre-eclampsia, second trimester"
O14.03,"Mild to moderate pre-eclampsia, third trimester"
O14.04,"Mild to moderate pre-eclampsia, complicating childbirth"
O14.05,"Mild to moderate pre-eclampsia, complicating the puerperium"
O14.10,"Severe pre-eclampsia, unspecified trimester"
O14.12,"Severe pre-eclampsia, second trimester"
O14.13,"Severe pre-eclampsia, third trimester"
O14.14,Severe pre-eclampsia complicating childbirth
O14.15,"Severe pre-eclampsia, complicating the puerperium"
O14.20,"HELLP syndrome (HELLP), unspecified trimester"
O14.22,"HELLP syndrome (HELLP), second trimester"
O14.23,"HELLP syndrome (HELLP), third trimester"
O14.24,"HELLP syndrome, complicating childbirth"
O14.25,"HELLP syndrome, complicating the puerperium"
O14.90,"Unspecified pre-eclampsia, unspecified trimester"
O14.92,"Unspecified pre-eclampsia, second trimester"
O14.93,"Unspecified pre-eclampsia, third trimester"
O14.94,"Unspecified pre-eclampsia, complicating childbirth"
O14.95,"Unspecified pre-eclampsia, complicating the puerperium"
O15.00,"Eclampsia complicating pregnancy, unspecified trimester"
O15.02,"Eclampsia complicating pregnancy, second trimester"
O15.03,"Eclampsia complicating pregnancy, third trimester"
O15.1,Eclampsia complicating labor
O15.2,Eclampsia complicating the puerperium
O15.9,"Eclampsia, unspecified as to time period"
O16.1,"Unspecified maternal hypertension, first trimester"
O16.2,"Unspecified maternal hypertension, second trimester"
O16.3,"Unspecified maternal hypertension, third trimester"
O16.4,"Unspecified maternal hypertension, complicating childbirth"
O16.5,"Unspecified maternal hypertension, complicating the puerperium"
O16.9,"Unspecified maternal hypertension, unspecified trimester"
O20.0,Threatened abortion
O20.8,Other hemorrhage in early pregnancy
O20.9,"Hemorrhage in early pregnancy, unspecified"
O21.0,Mild hyperemesis gravidarum
O21.1,Hyperemesis gravidarum with metabolic disturbance
O21.2,Late vomiting of pregnancy
O21.8,Other vomiting complicating pregnancy
O21.9,"Vomiting of pregnancy, unspecified"
O22.00,"Varicose veins of lower extremity in pregnancy, unspecified trimester"
O22.01,"Varicose veins of lower extremity in pregnancy, first trimester"
O22.02,"Varicose veins of lower extremity in pregnancy, second trimester"
O22.03,"Varicose veins of lower extremity in pregnancy, third trimester"
O22.10,"Genital varices in pregnancy, unspecified trimester"
O22.11,"Genital varices in pregnancy, first trimester"
O22.12,"Genital varices in pregnancy, second trimester"
O22.13,"Genital varices in pregnancy, third trimester"
O22.20,"Superficial thrombophlebitis in pregnancy, unspecified trimester"
O22.21,"Superficial thrombophlebitis in pregnancy, first trimester"
O22.22,"Superficial thrombophlebitis in pregnancy, second trimester"
O22.23,"Superficial thrombophlebitis in pregnancy, third trimester"
O22.30,"Deep phlebothrombosis in pregnancy, unspecified trimester"
O22.31,"Deep phlebothrombosis in pregnancy, first trimester"
O22.32,"Deep phlebothrombosis in pregnancy, second trimester"
O22.33,"Deep phlebothrombosis in pregnancy, third trimester"
O22.40,"Hemorrhoids in pregnancy, unspecified trimester"
O22.41,"Hemorrhoids in pregnancy, first trimester"
O22.42,"Hemorrhoids in pregnancy, second trimester"
O22.43,"Hemorrhoids in pregnancy, third trimester"
O22.50,"Cerebral venous thrombosis in pregnancy, unspecified trimester"
O22.51,"Cerebral venous thrombosis in pregnancy, first trimester"
O22.52,"Cerebral venous thrombosis in pregnancy, second trimester"
O22.53,"Cerebral venous thrombosis in pregnancy, third trimester"
O22.8X1,"Other venous complications in pregnancy, first trimester"
O22.8X2,"Other venous complications in pregnancy, second trimester"
O22.8X3,"Other venous complications in pregnancy, third trimester"
O22.8X9,"Other venous complications in pregnancy, unspecified trimester"
O22.90,"Venous complication in pregnancy, unspecified, unspecified trimester"
O22.91,"Venous complication in pregnancy, unspecified, first trimester"
O22.92,"Venous complication in pregnancy, unspecified, second trimester"
O22.93,"Venous complication in pregnancy, unspecified, third trimester"
O23.00,"Infections of kidney in pregnancy, unspecified trimester"
O23.01,"Infections of kidney in pregnancy, first trimester"
O23.02,"Infections of kidney in pregnancy, second trimester"
O23.03,"Infections of kidney in pregnancy, third trimester"
O23.10,"Infections of bladder in pregnancy, unspecified trimester"
O23.11,"Infections of bladder in pregnancy, first trimester"
O23.12,"Infections of bladder in pregnancy, second trimester"
O23.13,"Infections of bladder in pregnancy, third trimester"
O23.20,"Infections of urethra in pregnancy, unspecified trimester"
O23.21,"Infections of urethra in pregnancy, first trimester"
O23.22,"Infections of urethra in pregnancy, second trimester"
O23.23,"Infections of urethra in pregnancy, third trimester"
O23.30,"Infections of other parts of urinary tract in pregnancy, unspecified trimester"
O23.31,"Infections of other parts of urinary tract in pregnancy, first trimester"
O23.32,"Infections of other parts of urinary tract in pregnancy, second trimester"
O23.33,"Infections of other parts of urinary tract in pregnancy, third trimester"
O23.40,"Unspecified infection of urinary tract in pregnancy, unspecified trimester"
O23.41,"Unspecified infection of urinary tract in pregnancy, first trimester"
O23.42,"Unspecified infection of urinary tract in pregnancy, second trimester"
O23.43,"Unspecified infection of urinary tract in pregnancy, third trimester"
O23.511,"Infections of cervix in pregnancy, first trimester"
O23.512,"Infections of cervix in pregnancy, second trimester"
O23.513,"Infections of cervix in pregnancy, third trimester"
O23.519,"Infections of cervix in pregnancy, unspecified trimester"
O23.521,"Salpingo-oophoritis in pregnancy, first trimester"
O23.522,"Salpingo-oophoritis in pregnancy, second trimester"
O23.523,"Salpingo-oophoritis in pregnancy, third trimester"
O23.529,"Salpingo-oophoritis in pregnancy, unspecified trimester"
O23.591,"Infection of other part of genital tract in pregnancy, first trimester"
O23.592,"Infection of other part of genital tract in pregnancy, second trimester"
O23.593,"Infection of other part of genital tract in pregnancy, third trimester"
O23.599,"Infection of other part of genital tract in pregnancy, unspecified trimester"
O23.90,"Unspecified genitourinary tract infection in pregnancy, unspecified trimester"
O23.91,"Unspecified genitourinary tract infection in pregnancy, first trimester"
O23.92,"Unspecified genitourinary tract infection in pregnancy, second trimester"
O23.93,"Unspecified genitourinary tract infection in pregnancy, third trimester"
O24.011,"Pre-existing type 1 diabetes mellitus, in pregnancy, first trimester"
O24.012,"Pre-existing type 1 diabetes mellitus, in pregnancy, second trimester"
O24.013,"Pre-existing type 1 diabetes mellitus, in pregnancy, third trimester"
O24.019,"Pre-existing type 1 diabetes mellitus, in pregnancy, unspecified trimester"
O24.02,"Pre-existing type 1 diabetes mellitus, in childbirth"
O24.03,"Pre-existing type 1 diabetes mellitus, in the puerperium"
O24.111,"Pre-existing type 2 diabetes mellitus, in pregnancy, first trimester"
O24.112,"Pre-existing type 2 diabetes mellitus, in pregnancy, second trimester"
O24.113,"Pre-existing type 2 diabetes mellitus, in pregnancy, third trimester"
O24.119,"Pre-existing type 2 diabetes mellitus, in pregnancy, unspecified trimester"
O24.12,"Pre-existing type 2 diabetes mellitus, in childbirth"
O24.13,"Pre-existing type 2 diabetes mellitus, in the puerperium"
O24.311,"Unspecified pre-existing diabetes mellitus in pregnancy, first trimester"
O24.312,"Unspecified pre-existing diabetes mellitus in pregnancy, second trimester"
O24.313,"Unspecified pre-existing diabetes mellitus in pregnancy, third trimester"
O24.319,"Unspecified pre-existing diabetes mellitus in pregnancy, unspecified trimester"
O24.32,Unspecified pre-existing diabetes mellitus in childbirth
O24.33,Unspecified pre-existing diabetes mellitus in the puerperium
O24.410,"Gestational diabetes mellitus in pregnancy, diet controlled"
O24.414,"Gestational diabetes mellitus in pregnancy, insulin controlled"
O24.415,"Gestational diabetes mellitus in pregnancy, controlled by oral hypoglycemic drugs"
O24.419,"Gestational diabetes mellitus in pregnancy, unspecified control"
O24.420,"Gestational diabetes mellitus in childbirth, diet controlled"
O24.424,"Gestational diabetes mellitus in childbirth, insulin controlled"
O24.425,"Gestational diabetes mellitus in childbirth, controlled by oral hypoglycemic drugs"
O24.429,"Gestational diabetes mellitus in childbirth, unspecified control"
O24.430,"Gestational diabetes mellitus in the puerperium, diet controlled"
O24.434,"Gestational diabetes mellitus in the puerperium, insulin controlled"
O24.435,"Gestational diabetes mellitus in puerperium, controlled by oral hypoglycemic drugs"
O24.439,"Gestational diabetes mellitus in the puerperium, unspecified control"
O24.811,"Other pre-existing diabetes mellitus in pregnancy, first trimester"
O24.812,"Other pre-existing diabetes mellitus in pregnancy, second trimester"
O24.813,"Other pre-existing diabetes mellitus in pregnancy, third trimester"
O24.819,"Other pre-existing diabetes mellitus in pregnancy, unspecified trimester"
O24.82,Other pre-existing diabetes mellitus in childbirth
O24.83,Other pre-existing diabetes mellitus in the puerperium
O24.911,"Unspecified diabetes mellitus in pregnancy, first trimester"
O24.912,"Unspecified diabetes mellitus in pregnancy, second trimester"
O24.913,"Unspecified diabetes mellitus in pregnancy, third trimester"
O24.919,"Unspecified diabetes mellitus in pregnancy, unspecified trimester"
O24.92,Unspecified diabetes mellitus in childbirth
O24.93,Unspecified diabetes mellitus in the puerperium
O25.10,"Malnutrition in pregnancy, unspecified trimester"
O25.11,"Malnutrition in pregnancy, first trimester"
O25.12,"Malnutrition in pregnancy, second trimester"
O25.13,"Malnutrition in pregnancy, third trimester"
O25.2,Malnutrition in childbirth
O25.3,Malnutrition in the puerperium
O26.00,"Excessive weight gain in pregnancy, unspecified trimester"
O26.01,"Excessive weight gain in pregnancy, first trimester"
O26.02,"Excessive weight gain in pregnancy, second trimester"
O26.03,"Excessive weight gain in pregnancy, third trimester"
O26.10,"Low weight gain in pregnancy, unspecified trimester"
O26.11,"Low weight gain in pregnancy, first trimester"
O26.12,"Low weight gain in pregnancy, second trimester"
O26.13,"Low weight gain in pregnancy, third trimester"
O26.20,"Pregnancy care for patient with recurrent pregnancy loss, unspecified trimester"
O26.21,"Pregnancy care for patient with recurrent pregnancy loss, first trimester"
O26.22,"Pregnancy care for patient with recurrent pregnancy loss, second trimester"
O26.23,"Pregnancy care for patient with recurrent pregnancy loss, third trimester"
O26.30,"Retained intrauterine contraceptive device in pregnancy, unspecified trimester"
O26.31,"Retained intrauterine contraceptive device in pregnancy, first trimester"
O26.32,"Retained intrauterine contraceptive device in pregnancy, second trimester"
O26.33,"Retained intrauterine contraceptive device in pregnancy, third trimester"
O26.40,"Herpes gestationis, unspecified trimester"
O26.41,"Herpes gestationis, first trimester"
O26.42,"Herpes gestationis, second trimester"
O26.43,"Herpes gestationis, third trimester"
O26.50,"Maternal hypotension syndrome, unspecified trimester"
O26.51,"Maternal hypotension syndrome, first trimester"
O26.52,"Maternal hypotension syndrome, second trimester"
O26.53,"Maternal hypotension syndrome, third trimester"
O26.611,"Liver and biliary tract disorders in pregnancy, first trimester"
O26.612,"Liver and biliary tract disorders in pregnancy, second trimester"
O26.613,"Liver and biliary tract disorders in pregnancy, third trimester"
O26.619,"Liver and biliary tract disorders in pregnancy, unspecified trimester"
O26.62,Liver and biliary tract disorders in childbirth
O26.63,Liver and biliary tract disorders in the puerperium
O26.641,"Intrahepatic cholestasis of pregnancy, first trimester"
O26.642,"Intrahepatic cholestasis of pregnancy, second trimester"
O26.643,"Intrahepatic cholestasis of pregnancy, third trimester"
O26.649,"Intrahepatic cholestasis of pregnancy, unspecified trimester"
O26.711,"Subluxation of symphysis (pubis) in pregnancy, first trimester"
O26.712,"Subluxation of symphysis (pubis) in pregnancy, second trimester"
O26.713,"Subluxation of symphysis (pubis) in pregnancy, third trimester"
O26.719,"Subluxation of symphysis (pubis) in pregnancy, unspecified trimester"
O26.72,Subluxation of symphysis (pubis) in childbirth
O26.73,Subluxation of symphysis (pubis) in the puerperium
O26.811,"Pregnancy related exhaustion and fatigue, first trimester"
O26.812,"Pregnancy related exhaustion and fatigue, second trimester"
O26.813,"Pregnancy related exhaustion and fatigue, third trimester"
O26.819,"Pregnancy related exhaustion and fatigue, unspecified trimester"
O26.821,"Pregnancy related peripheral neuritis, first trimester"
O26.822,"Pregnancy related peripheral neuritis, second trimester"
O26.823,"Pregnancy related peripheral neuritis, third trimester"
O26.829,"Pregnancy related peripheral neuritis, unspecified trimester"
O26.831,"Pregnancy related renal disease, first trimester"
O26.832,"Pregnancy related renal disease, second trimester"
O26.833,"Pregnancy related renal disease, third trimester"
O26.839,"Pregnancy related renal disease, unspecified trimester"
O26.841,"Uterine size-date discrepancy, first trimester"
O26.842,"Uterine size-date discrepancy, second trimester"
O26.843,"Uterine size-date discrepancy, third trimester"
O26.849,"Uterine size-date discrepancy, unspecified trimester"
O26.851,"Spotting complicating pregnancy, first trimester"
O26.852,"Spotting complicating pregnancy, second trimester"
O26.853,"Spotting complicating pregnancy, third trimester"
O26.859,"Spotting complicating pregnancy, unspecified trimester"
O26.86,Pruritic urticarial papules and plaques of pregnancy (PUPPP)
O26.872,"Cervical shortening, second trimester"
O26.873,"Cervical shortening, third trimester"
O26.879,"Cervical shortening, unspecified trimester"
O26.891,"Other specified pregnancy related conditions, first trimester"
O26.892,"Other specified pregnancy related conditions, second trimester"
O26.893,"Other specified pregnancy related conditions, third trimester"
O26.899,"Other specified pregnancy related conditions, unspecified trimester"
O26.90,"Pregnancy related conditions, unspecified, unspecified trimester"
O26.91,"Pregnancy related conditions, unspecified, first trimester"
O26.92,"Pregnancy related conditions, unspecified, second trimester"
O26.93,"Pregnancy related conditions, unspecified, third trimester"
O28.0,Abnormal hematological finding on antenatal screening of mother
O28.1,Abnormal biochemical finding on antenatal screening of mother
O28.2,Abnormal cytological finding on antenatal screening of mother
O28.3,Abnormal ultrasonic finding on antenatal screening of mother
O28.4,Abnormal radiological finding on antenatal screening of mother
O28.5,Abnormal chromosomal and genetic finding on antenatal screening of mother
O28.8,Other abnormal findings on antenatal screening of mother
O28.9,Unspecified abnormal findings on antenatal screening of mother
O29.011,"Aspiration pneumonitis due to anesthesia during pregnancy, first trimester"
O29.012,"Aspiration pneumonitis due to anesthesia during pregnancy, second trimester"
O29.013,"Aspiration pneumonitis due to anesthesia during pregnancy, third trimester"
O29.019,"Aspiration pneumonitis due to anesthesia during pregnancy, unspecified trimester"
O29.021,"Pressure collapse of lung due to anesthesia during pregnancy, first trimester"
O29.022,"Pressure collapse of lung due to anesthesia during pregnancy, second trimester"
O29.023,"Pressure collapse of lung due to anesthesia during pregnancy, third trimester"
O29.029,"Pressure collapse of lung due to anesthesia during pregnancy, unspecified trimester"
O29.091,"Other pulmonary complications of anesthesia during pregnancy, first trimester"
O29.092,"Other pulmonary complications of anesthesia during pregnancy, second trimester"
O29.093,"Other pulmonary complications of anesthesia during pregnancy, third trimester"
O29.099,"Other pulmonary complications of anesthesia during pregnancy, unspecified trimester"
O29.111,"Cardiac arrest due to anesthesia during pregnancy, first trimester"
O29.112,"Cardiac arrest due to anesthesia during pregnancy, second trimester"
O29.113,"Cardiac arrest due to anesthesia during pregnancy, third trimester"
O29.119,"Cardiac arrest due to anesthesia during pregnancy, unspecified trimester"
O29.121,"Cardiac failure due to anesthesia during pregnancy, first trimester"
O29.122,"Cardiac failure due to anesthesia during pregnancy, second trimester"
O29.123,"Cardiac failure due to anesthesia during pregnancy, third trimester"
O29.129,"Cardiac failure due to anesthesia during pregnancy, unspecified trimester"
O29.191,"Other cardiac complications of anesthesia during pregnancy, first trimester"
O29.192,"Other cardiac complications of anesthesia during pregnancy, second trimester"
O29.193,"Other cardiac complications of anesthesia during pregnancy, third trimester"
O29.199,"Other cardiac complications of anesthesia during pregnancy, unspecified trimester"
O29.211,"Cerebral anoxia due to anesthesia during pregnancy, first trimester"
O29.212,"Cerebral anoxia due to anesthesia during pregnancy, second trimester"
O29.213,"Cerebral anoxia due to anesthesia during pregnancy, third trimester"
O29.219,"Cerebral anoxia due to anesthesia during pregnancy, unspecified trimester"
O29.291,"Other central nervous system complications of anesthesia during pregnancy, first trimester"
O29.292,"Other central nervous system complications of anesthesia during pregnancy, second trimester"
O29.293,"Other central nervous system complications of anesthesia during pregnancy, third trimester"
O29.299,"Other central nervous system complications of anesthesia during pregnancy, unspecified trimester"
O29.3X1,"Toxic reaction to local anesthesia during pregnancy, first trimester"
O29.3X2,"Toxic reaction to local anesthesia during pregnancy, second trimester"
O29.3X3,"Toxic reaction to local anesthesia during pregnancy, third trimester"
O29.3X9,"Toxic reaction to local anesthesia during pregnancy, unspecified trimester"
O29.40,"Spinal and epidural anesthesia induced headache during pregnancy, unspecified trimester"
O29.41,"Spinal and epidural anesthesia induced headache during pregnancy, first trimester"
O29.42,"Spinal and epidural anesthesia induced headache during pregnancy, second trimester"
O29.43,"Spinal and epidural anesthesia induced headache during pregnancy, third trimester"
P00.0,Newborn affected by maternal hypertensive disorders
P00.1,Newborn affected by maternal renal and urinary tract diseases
P00.2,Newborn affected by maternal infectious and parasitic diseases
P00.3,Newborn affected by other maternal circulatory and respiratory diseases
P00.4,Newborn affected by maternal nutritional disorders
P00.5,Newborn affected by maternal injury
P00.6,Newborn affected by surgical procedure on mother
P00.7,"Newborn affected by other medical procedures on mother, not elsewhere classified"
P00.81,Newborn affected by periodontal disease in mother
P00.82,Newborn affected by (positive) maternal group B streptococcus (GBS) colonization
P00.89,Newborn affected by other maternal conditions
P00.9,Newborn affected by unspecified maternal condition
P01.0,Newborn affected by incompetent cervix
P01.1,Newborn affected by premature rupture of membranes
P01.2,Newborn affected by oligohydramnios
P01.3,Newborn affected by polyhydramnios
P01.4,Newborn affected by ectopic pregnancy
P01.5,Newborn affected by multiple pregnancy
P01.6,Newborn affected by maternal death
P01.7,Newborn affected by malpresentation before labor
P01.8,Newborn affected by other maternal complications of pregnancy
P01.9,"Newborn affected by maternal complication of pregnancy, unspecified"
P02.0,Newborn affected by placenta previa
P02.1,Newborn affected by other forms of placental separation and hemorrhage
P02.20,Newborn affected by unspecified morphological and functional abnormalities of placenta
P02.29,Newborn affected by other morphological and functional abnormalities of placenta
P02.3,Newborn affected by placental transfusion syndromes
P02.4,Newborn affected by prolapsed cord
P02.5,Newborn affected by other compression of umbilical cord
P02.60,Newborn affected by unspecified conditions of umbilical cord
P02.69,Newborn affected by other conditions of umbilical cord
P02.70,Newborn affected by fetal inflammatory response syndrome
P02.78,Newborn affected by other conditions from chorioamnionitis
P02.8,Newborn affected by other abnormalities of membranes
P02.9,"Newborn affected by abnormality of membranes, unspecified"
P03.0,Newborn affected by breech delivery and extraction
P03.1,"Newborn affected by other malpresentation, malposition and disproportion during labor and delivery"
P03.2,Newborn affected by forceps delivery
P03.3,Newborn affected by delivery by vacuum extractor [ventouse]
P03.4,Newborn affected by Cesarean delivery
P03.5,Newborn affected by precipitate delivery
P03.6,Newborn affected by abnormal uterine contractions
P03.810,Newborn affected by abnormality in fetal (intrauterine) heart rate or rhythm before the onset of labor
P03.811,Newborn affected by abnormality in fetal (intrauterine) heart rate or rhythm during labor
P03.819,"Newborn affected by abnormality in fetal (intrauterine) heart rate or rhythm, unspecified as to time of onset"
P03.82,Meconium passage during delivery
P03.89,Newborn affected by other specified complications of labor and delivery
P03.9,"Newborn affected by complication of labor and delivery, unspecified"
P04.0,"Newborn affected by maternal anesthesia and analgesia in pregnancy, labor and delivery"
P04.11,Newborn affected by maternal antineoplastic chemotherapy
P04.12,Newborn affected by maternal cytotoxic drugs
P04.13,Newborn affected by maternal use of anticonvulsants
P04.14,Newborn affected by maternal use of opiates
P04.15,Newborn affected by maternal use of antidepressants
P04.16,Newborn affected by maternal use of amphetamines
P04.17,Newborn affected by maternal use of sedative-hypnotics
P04.1A,Newborn affected by maternal use of anxiolytics
P04.18,Newborn affected by other maternal medication
P04.19,Newborn affected by maternal use of unspecified medication
P04.2,Newborn affected by maternal use of tobacco
P04.3,Newborn affected by maternal use of alcohol
P04.40,Newborn affected by maternal use of unspecified drugs of addiction
P04.41,Newborn affected by maternal use of cocaine
P04.42,Newborn affected by maternal use of hallucinogens
P04.49,Newborn affected by maternal use of other drugs of addiction
P04.5,Newborn affected by maternal use of nutritional chemical substances
P04.6,Newborn affected by maternal exposure to environmental chemical substances
P04.81,Newborn affected by maternal use of cannabis
P04.89,Newborn affected by other maternal noxious substances
P04.9,"Newborn affected by maternal noxious substance, unspecified"
P05.00,"Newborn light for gestational age, unspecified weight"
P05.01,"Newborn light for gestational age, less than 500 grams"
P05.02,"Newborn light for gestational age, 500-749 grams"
P05.03,"Newborn light for gestational age, 750-999 grams"
P05.04,"Newborn light for gestational age, 1000-1249 grams"
P05.05,"Newborn light for gestational age, 1250-1499 grams"
P05.06,"Newborn light for gestational age, 1500-1749 grams"
P05.07,"Newborn light for gestational age, 1750-1999 grams"
P05.08,"Newborn light for gestational age, 2000-2499 grams"
P05.09,"Newborn light for gestational age, 2500 grams and over"
P05.10,"Newborn small for gestational age, unspecified weight"
P05.11,"Newborn small for gestational age, less than 500 grams"
P05.12,"Newborn small for gestational age, 500-749 grams"
P05.13,"Newborn small for gestational age, 750-999 grams"
P05.14,"Newborn small for gestational age, 1000-1249 grams"
P05.15,"Newborn small for gestational age, 1250-1499 grams"
P05.16,"Newborn small for gestational age, 1500-1749 grams"
P05.17,"Newborn small for gestational age, 1750-1999 grams"
P05.18,"Newborn small for gestational age, 2000-2499 grams"
P05.19,"Newborn small for gestational age, other"
P05.2,Newborn affected by fetal (intrauterine) malnutrition not light or small for gestational age
P05.9,"Newborn affected by slow intrauterine growth, unspecified"
P07.00,"Extremely low birth weight newborn, unspecified weight"
P07.01,"Extremely low birth weight newborn, less than 500 grams"
P07.02,"Extremely low birth weight newborn, 500-749 grams"
P07.03,"Extremely low birth weight newborn, 750-999 grams"
P07.10,"Other low birth weight newborn, unspecified weight"
P07.14,"Other low birth weight newborn, 1000-1249 grams"
P07.15,"Other low birth weight newborn, 1250-1499 grams"
P07.16,"Other low birth weight newborn, 1500-1749 grams"
P07.17,"Other low birth weight newborn, 1750-1999 grams"
P07.18,"Other low birth weight newborn, 2000-2499 grams"
P07.20,"Extreme immaturity of newborn, unspecified weeks of gestation"
P07.21,"Extreme immaturity of newborn, gestational age less than 23 completed weeks"
P07.22,"Extreme immaturity of newborn, gestational age 23 completed weeks"
P07.23,"Extreme immaturity of newborn, gestational age 24 completed weeks"
P07.24,"Extreme immaturity of newborn, gestational age 25 completed weeks"
P07.25,"Extreme immaturity of newborn, gestational age 26 completed weeks"
P07.26,"Extreme immaturity of newborn, gestational age 27 completed weeks"
P07.30,"Preterm newborn, unspecified weeks of gestation"
P07.31,"Preterm newborn, gestational age 28 completed weeks"
P07.32,"Preterm newborn, gestational age 29 completed weeks"
P07.33,"Preterm newborn, gestational age 30 completed weeks"
P07.34,"Preterm newborn, gestational age 31 completed weeks"
P07.35,"Preterm newborn, gestational age 32 completed weeks"
P07.36,"Preterm newborn, gestational age 33 completed weeks"
P07.37,"Preterm newborn, gestational age 34 completed weeks"
P07.38,"Preterm newborn, gestational age 35 completed weeks"
P07.39,"Preterm newborn, gestational age 36 completed weeks"
P08.0,Exceptionally large newborn baby
P08.1,Other heavy for gestational age newborn
P08.21,Post-term newborn
P08.22,Prolonged gestation of newborn
P09.1,Abnormal findings on neonatal screening for inborn errors of metabolism
P09.2,Abnormal findings on neonatal screening for congenital endocrine disease
P09.3,Abnormal findings on neonatal screening for congenital hematologic disorders
P09.4,Abnormal findings on neonatal screening for cystic fibrosis
P09.5,Abnormal findings on neonatal screening for critical congenital heart disease
P09.6,Abnormal findings on neonatal hearing screening
P09.8,Other abnormal findings on neonatal screening
P09.9,"Abnormal findings on neonatal screening, unspecified"
P10.0,Subdural hemorrhage due to birth injury
P10.1,Cerebral hemorrhage due to birth injury
P10.2,Intraventricular hemorrhage due to birth injury
P10.3,Subarachnoid hemorrhage due to birth injury
P10.4,Tentorial tear due to birth injury
P10.8,Other intracranial lacerations and hemorrhages due to birth injury
P10.9,Unspecified intracranial laceration and hemorrhage due to birth injury
P11.0,Cerebral edema due to birth injury
P11.1,Other specified brain damage due to birth injury
P11.2,Unspecified brain damage due to birth injury
P11.3,Birth injury to facial nerve
P11.4,Birth injury to other cranial nerves
P11.5,Birth injury to spine and spinal cord
P11.9,"Birth injury to central nervous system, unspecified"
P12.0,Cephalhematoma due to birth injury
P12.1,Chignon (from vacuum extraction) due to birth injury
P12.2,Epicranial subaponeurotic hemorrhage due to birth injury
P12.3,Bruising of scalp due to birth injury
P12.4,Injury of scalp of newborn due to monitoring equipment
P12.81,Caput succedaneum
P12.89,Other birth injuries to scalp
P12.9,"Birth injury to scalp, unspecified"
P13.0,Fracture of skull due to birth injury
P13.1,Other birth injuries to skull
P13.2,Birth injury to femur
P13.3,Birth injury to other long bones
P13.4,Fracture of clavicle due to birth injury
P13.8,Birth injuries to other parts of skeleton
P13.9,"Birth injury to skeleton, unspecified"
P14.0,Erb's paralysis due to birth injury
P14.1,Klumpke's paralysis due to birth injury
P14.2,Phrenic nerve paralysis due to birth injury
P14.3,Other brachial plexus birth injuries
P14.8,Birth injuries to other parts of peripheral nervous system
P14.9,"Birth injury to peripheral nervous system, unspecified"
P15.0,Birth injury to liver
P15.1,Birth injury to spleen
P15.2,Sternomastoid injury due to birth injury
P15.3,Birth injury to eye
P15.4,Birth injury to face
P15.5,Birth injury to external genitalia
P15.6,Subcutaneous fat necrosis due to birth injury
P15.8,Other specified birth injuries
P15.9,"Birth injury, unspecified"
P19.0,Metabolic acidemia in newborn first noted before onset of labor
P19.1,Metabolic acidemia in newborn first noted during labor
P19.2,Metabolic acidemia noted at birth
P19.9,"Metabolic acidemia in newborn, unspecified"
P22.0,Respiratory distress syndrome of newborn
P22.1,Transient tachypnea of newborn
P22.8,Other respiratory distress of newborn
P22.9,"Respiratory distress of newborn, unspecified"
P23.0,Congenital pneumonia due to viral agent
P23.1,Congenital pneumonia due to Chlamydia
P23.2,Congenital pneumonia due to staphylococcus
P23.3,"Congenital pneumonia due to streptococcus, group B"
P23.4,Congenital pneumonia due to Escherichia coli
P23.5,Congenital pneumonia due to Pseudomonas
P23.6,Congenital pneumonia due to other bacterial agents
P23.8,Congenital pneumonia due to other organisms
P23.9,"Congenital pneumonia, unspecified"
P24.00,Meconium aspiration without respiratory symptoms
P24.01,Meconium aspiration with respiratory symptoms
P24.10,Neonatal aspiration of (clear) amniotic fluid and mucus without respiratory symptoms
P24.11,Neonatal aspiration of (clear) amniotic fluid and mucus with respiratory symptoms
P24.20,Neonatal aspiration of blood without respiratory symptoms
P24.21,Neonatal aspiration of blood with respiratory symptoms
P24.30,Neonatal aspiration of milk and regurgitated food without respiratory symptoms
P24.31,Neonatal aspiration of milk and regurgitated food with respiratory symptoms
P24.80,Other neonatal aspiration without respiratory symptoms
P24.81,Other neonatal aspiration with respiratory symptoms
P24.9,"Neonatal aspiration, unspecified"
P25.0,Interstitial emphysema originating in the perinatal period
P25.1,Pneumothorax originating in the perinatal period
P25.2,Pneumomediastinum originating in the perinatal period
P25.3,Pneumopericardium originating in the perinatal period
P25.8,Other conditions related to interstitial emphysema originating in the perinatal period
P26.0,Tracheobronchial hemorrhage originating in the perinatal period
P26.1,Massive pulmonary hemorrhage originating in the perinatal period
P26.8,Other pulmonary hemorrhages originating in the perinatal period
P26.9,Unspecified pulmonary hemorrhage originating in the perinatal period
P27.0,Wilson-Mikity syndrome
P27.1,Bronchopulmonary dysplasia originating in the perinatal period
P27.8,Other chronic respiratory diseases originating in the perinatal period
P27.9,Unspecified chronic respiratory disease originating in the perinatal period
P28.0,Primary atelectasis of newborn
P28.10,Unspecified atelectasis of newborn
P28.11,Resorption atelectasis without respiratory distress syndrome
P28.19,Other atelectasis of newborn
P28.2,Cyanotic attacks of newborn
P28.30,"Primary sleep apnea of newborn, unspecified"
P28.31,Primary central sleep apnea of newborn
P28.32,Primary obstructive sleep apnea of newborn
P28.33,Primary mixed sleep apnea of newborn
P28.39,Other primary sleep apnea of newborn
P28.40,Unspecified apnea of newborn
P28.41,Central neonatal apnea of newborn
P28.42,Obstructive apnea of newborn
P28.43,Mixed neonatal apnea of newborn
P28.49,Other apnea of newborn
P28.5,Respiratory failure of newborn
P28.81,Respiratory arrest of newborn
P28.89,Other specified respiratory conditions of newborn
P28.9,"Respiratory condition of newborn, unspecified"
P29.0,Neonatal cardiac failure
P29.11,Neonatal tachycardia
P29.12,Neonatal bradycardia
P29.2,Neonatal hypertension
P29.30,Pulmonary hypertension of newborn
P29.38,Other persistent fetal circulation
P29.4,Transient myocardial ischemia in newborn
P29.81,Cardiac arrest of newborn
P29.89,Other cardiovascular disorders originating in the perinatal period
P29.9,"Cardiovascular disorder originating in the perinatal period, unspecified"
P35.0,Congenital rubella syndrome
P35.1,Congenital cytomegalovirus infection
P35.2,Congenital herpesviral [herpes simplex] infection
P35.3,Congenital viral hepatitis
P35.4,Congenital Zika virus disease
P35.8,Other congenital viral diseases
P35.9,"Congenital viral disease, unspecified"
P36.0,"Sepsis of newborn due to streptococcus, group B"
P36.10,Sepsis of newborn due to unspecified streptococci
P36.19,Sepsis of newborn due to other streptococci
P36.2,Sepsis of newborn due to Staphylococcus aureus
P36.30,Sepsis of newborn due to unspecified staphylococci
P36.39,Sepsis of newborn due to other staphylococci
P36.4,Sepsis of newborn due to Escherichia coli
P36.5,Sepsis of newborn due to anaerobes
P36.8,Other bacterial sepsis of newborn
P36.9,"Bacterial sepsis of newborn, unspecified"
P37.0,Congenital tuberculosis
P37.1,Congenital toxoplasmosis
P37.2,Neonatal (disseminated) listeriosis
P37.3,Congenital falciparum malaria
P37.4,Other congenital malaria
P37.5,Neonatal candidiasis
P37.8,Other specified congenital infectious and parasitic diseases
P37.9,"Congenital infectious or parasitic disease, unspecified"
P38.1,Omphalitis with mild hemorrhage
P38.9,Omphalitis without hemorrhage
P39.0,Neonatal infective mastitis
P39.1,Neonatal conjunctivitis and dacryocystitis
P39.2,"Intra-amniotic infection affecting newborn, not elsewhere classified"
P39.3,Neonatal urinary tract infection
P39.4,Neonatal skin infection
P39.8,Other specified infections specific to the perinatal period
P39.9,"Infection specific to the perinatal period, unspecified"
P50.0,Newborn affected by intrauterine (fetal) blood loss from vasa previa
P50.1,Newborn affected by intrauterine (fetal) blood loss from ruptured cord
P50.2,Newborn affected by intrauterine (fetal) blood loss from placenta
P50.3,Newborn affected by hemorrhage into co-twin
P50.4,Newborn affected by hemorrhage into maternal circulation
P50.5,Newborn affected by intrauterine (fetal) blood loss from cut end of co-twin's cord
P50.8,Newborn affected by other intrauterine (fetal) blood loss
P50.9,"Newborn affected by intrauterine (fetal) blood loss, unspecified"
P51.0,Massive umbilical hemorrhage of newborn
P51.8,Other umbilical hemorrhages of newborn
P51.9,"Umbilical hemorrhage of newborn, unspecified"
P52.0,"Intraventricular (nontraumatic) hemorrhage, grade 1, of newborn"
P52.1,"Intraventricular (nontraumatic) hemorrhage, grade 2, of newborn"
P52.21,"Intraventricular (nontraumatic) hemorrhage, grade 3, of newborn"
P52.22,"Intraventricular (nontraumatic) hemorrhage, grade 4, of newborn"
P52.3,Unspecified intraventricular (nontraumatic) hemorrhage of newborn
P52.4,Intracerebral (nontraumatic) hemorrhage of newborn
P52.5,Subarachnoid (nontraumatic) hemorrhage of newborn
P52.6,Cerebellar (nontraumatic) and posterior fossa hemorrhage of newborn
P52.8,Other intracranial (nontraumatic) hemorrhages of newborn
P52.9,"Intracranial (nontraumatic) hemorrhage of newborn, unspecified"
P53,Hemorrhagic disease of newborn
P54.0,Neonatal hematemesis
P54.1,Neonatal melena
P54.2,Neonatal rectal hemorrhage
P54.3,Other neonatal gastrointestinal hemorrhage
P54.4,Neonatal adrenal hemorrhage
P54.5,Neonatal cutaneous hemorrhage
P54.6,Neonatal vaginal hemorrhage
P54.8,Other specified neonatal hemorrhages
P54.9,"Neonatal hemorrhage, unspecified"
P55.0,Rh isoimmunization of newborn
P55.1,ABO isoimmunization of newborn
P55.8,Other hemolytic diseases of newborn
P55.9,"Hemolytic disease of newborn, unspecified"
P56.0,Hydrops fetalis due to isoimmunization
P56.90,Hydrops fetalis due to unspecified hemolytic disease
P56.99,Hydrops fetalis due to other hemolytic disease
P57.0,Kernicterus due to isoimmunization
P57.8,Other specified kernicterus
P57.9,"Kernicterus, unspecified"
P58.0,Neonatal jaundice due to bruising
P58.1,Neonatal jaundice due to bleeding
P58.2,Neonatal jaundice due to infection
P58.3,Neonatal jaundice due to polycythemia
P58.41,Neonatal jaundice due to drugs or toxins transmitted from mother
P58.42,Neonatal jaundice due to drugs or toxins given to newborn
P58.5,Neonatal jaundice due to swallowed maternal blood
P58.8,Neonatal jaundice due to other specified excessive hemolysis
P58.9,"Neonatal jaundice due to excessive hemolysis, unspecified"
P59.0,Neonatal jaundice associated with preterm delivery
P59.1,Inspissated bile syndrome
P59.20,Neonatal jaundice from unspecified hepatocellular damage
P59.29,Neonatal jaundice from other hepatocellular damage
P59.3,Neonatal jaundice from breast milk inhibitor
P59.8,Neonatal jaundice from other specified causes
P59.9,"Neonatal jaundice, unspecified"
P60,Disseminated intravascular coagulation of newborn
P61.0,Transient neonatal thrombocytopenia
P61.1,Polycythemia neonatorum
P61.2,Anemia of prematurity
P61.3,Congenital anemia from fetal blood loss
P61.4,"Other congenital anemias, not elsewhere classified"
P61.5,Transient neonatal neutropenia
P61.6,Other transient neonatal disorders of coagulation
P61.8,Other specified perinatal hematological disorders
P61.9,"Perinatal hematological disorder, unspecified"
P70.0,Syndrome of infant of mother with gestational diabetes
P70.1,Syndrome of infant of a diabetic mother
P70.2,Neonatal diabetes mellitus
P70.3,Iatrogenic neonatal hypoglycemia
P70.4,Other neonatal hypoglycemia
P70.8,Other transitory disorders of carbohydrate metabolism of newborn
P70.9,"Transitory disorder of carbohydrate metabolism of newborn, unspecified"
P71.0,Cow's milk hypocalcemia in newborn
P71.1,Other neonatal hypocalcemia
P71.2,Neonatal hypomagnesemia
P71.3,Neonatal tetany without calcium or magnesium deficiency
P71.4,Transitory neonatal hypoparathyroidism
P71.8,Other transitory neonatal disorders of calcium and magnesium metabolism
P71.9,"Transitory neonatal disorder of calcium and magnesium metabolism, unspecified"
P72.0,"Neonatal goiter, not elsewhere classified"
P72.1,Transitory neonatal hyperthyroidism
P72.2,"Other transitory neonatal disorders of thyroid function, not elsewhere classified"
P72.8,Other specified transitory neonatal endocrine disorders
P72.9,"Transitory neonatal endocrine disorder, unspecified"
P74.0,Late metabolic acidosis of newborn
P74.1,Dehydration of newborn
P74.21,Hypernatremia of newborn
P74.22,Hyponatremia of newborn
P74.31,Hyperkalemia of newborn
P74.32,Hypokalemia of newborn
P74.41,Alkalosis of newborn
P74.421,Hyperchloremia of newborn
P74.422,Hypochloremia of newborn
P74.49,Other transitory electrolyte disturbance of newborn
P74.5,Transitory tyrosinemia of newborn
P74.6,Transitory hyperammonemia of newborn
P74.8,Other transitory metabolic disturbances of newborn
P74.9,"Transitory metabolic disturbance of newborn, unspecified"
P76.0,Meconium plug syndrome
P76.1,Transitory ileus of newborn
P76.2,Intestinal obstruction due to inspissated milk
P76.8,Other specified intestinal obstruction of newborn
P76.9,"Intestinal obstruction of newborn, unspecified"
P77.1,Stage 1 necrotizing enterocolitis in newborn
P77.2,Stage 2 necrotizing enterocolitis in newborn
P77.3,Stage 3 necrotizing enterocolitis in newborn
P77.9,"Necrotizing enterocolitis in newborn, unspecified"
P78.0,Perinatal intestinal perforation
P78.1,Other neonatal peritonitis
P78.2,Neonatal hematemesis and melena due to swallowed maternal blood
P78.3,Noninfective neonatal diarrhea
P78.81,Congenital cirrhosis (of liver)
P78.82,Peptic ulcer of newborn
P78.83,Newborn esophageal reflux
P78.84,Gestational alloimmune liver disease
P78.89,Other specified perinatal digestive system disorders
P78.9,"Perinatal digestive system disorder, unspecified"
P80.0,Cold injury syndrome
P80.8,Other hypothermia of newborn
P80.9,"Hypothermia of newborn, unspecified"
P81.0,Environmental hyperthermia of newborn
P81.8,Other specified disturbances of temperature regulation of newborn
P81.9,"Disturbance of temperature regulation of newborn, unspecified"
P83.0,Sclerema neonatorum
P83.1,Neonatal erythema toxicum
P83.2,Hydrops fetalis not due to hemolytic disease
P83.30,Unspecified edema specific to newborn
P83.39,Other edema specific to newborn
P83.4,Breast engorgement of newborn
P83.5,Congenital hydrocele
P83.6,Umbilical polyp of newborn
P83.81,Umbilical granuloma
P83.88,Other specified conditions of integument specific to newborn
P83.9,"Condition of the integument specific to newborn, unspecified"
P84,Other problems with newborn
P90,Convulsions of newborn
P91.0,Neonatal cerebral ischemia
P91.1,Acquired periventricular cysts of newborn
P91.2,Neonatal cerebral leukomalacia
P91.3,Neonatal cerebral irritability
P91.4,Neonatal cerebral depression
P91.5,Neonatal coma
P91.60,"Hypoxic ischemic encephalopathy [HIE], unspecified"
P91.61,Mild hypoxic ischemic encephalopathy [HIE]
P91.62,Moderate hypoxic ischemic encephalopathy [HIE]
P91.63,Severe hypoxic ischemic encephalopathy [HIE]
P91.811,Neonatal encephalopathy in diseases classified elsewhere
P91.819,"Neonatal encephalopathy, unspecified"
P91.821,"Neonatal cerebral infarction, right side of brain"
P91.822,"Neonatal cerebral infarction, left side of brain"
P91.823,"Neonatal cerebral infarction, bilateral"
P91.829,"Neonatal cerebral infarction, unspecified side"
P91.88,Other specified disturbances of cerebral status of newborn
P91.9,"Disturbance of cerebral status of newborn, unspecified"
P92.01,Bilious vomiting of newborn
P92.09,Other vomiting of newborn
P92.1,Regurgitation and rumination of newborn
P92.2,Slow feeding of newborn
P92.3,Underfeeding of newborn
P92.4,Overfeeding of newborn
P92.5,Neonatal difficulty in feeding at breast
P92.6,Failure to thrive in newborn
P92.8,Other feeding problems of newborn
P92.9,"Feeding problem of newborn, unspecified"
P93.0,Grey baby syndrome
P93.8,Other reactions and intoxications due to drugs administered to newborn
P94.0,Transient neonatal myasthenia gravis
P94.1,Congenital hypertonia
P94.2,Congenital hypotonia
P94.8,Other disorders of muscle tone of newborn
P94.9,"Disorder of muscle tone of newborn, unspecified"
P95,Stillbirth
P96.0,Congenital renal failure
P96.1,Neonatal withdrawal symptoms from maternal use of drugs of addiction
P96.2,Withdrawal symptoms from therapeutic use of drugs in newborn
P96.3,Wide cranial sutures of newborn
P96.5,Complication to newborn due to (fetal) intrauterine procedure
P96.81,Exposure to (parental) (environmental) tobacco smoke in the perinatal period
P96.82,Delayed separation of umbilical cord
P96.83,Meconium staining
P96.89,Other specified conditions originating in the perinatal period
P96.9,"Condition originating in the perinatal period, unspecified"
Q00.0,Anencephaly
Q00.1,Craniorachischisis
Q00.2,Iniencephaly
Q01.0,Frontal encephalocele
Q01.1,Nasofrontal encephalocele
Q01.2,Occipital encephalocele
Q01.8,Encephalocele of other sites
Q01.9,"Encephalocele, unspecified"
Q02,Microcephaly
Q03.0,Malformations of aqueduct of Sylvius
Q03.1,Atresia of foramina of Magendie and Luschka
Q03.8,Other congenital hydrocephalus
Q03.9,"Congenital hydrocephalus, unspecified"
Q04.0,Congenital malformations of corpus callosum
Q04.1,Arhinencephaly
Q04.2,Holoprosencephaly
Q04.3,Other reduction deformities of brain
Q04.4,Septo-optic dysplasia of brain
Q04.5,Megalencephaly
Q04.6,Congenital cerebral cysts
Q04.8,Other specified congenital malformations of brain
Q04.9,"Congenital malformation of brain, unspecified"
Q05.0,Cervical spina bifida with hydrocephalus
Q05.1,Thoracic spina bifida with hydrocephalus
Q05.2,Lumbar spina bifida with hydrocephalus
Q05.3,Sacral spina bifida with hydrocephalus
Q05.4,Unspecified spina bifida with hydrocephalus
Q05.5,Cervical spina bifida without hydrocephalus
Q05.6,Thoracic spina bifida without hydrocephalus
Q05.7,Lumbar spina bifida without hydrocephalus
Q05.8,Sacral spina bifida without hydrocephalus
Q05.9,"Spina bifida, unspecified"
Q06.0,Amyelia
Q06.1,Hypoplasia and dysplasia of spinal cord
Q06.2,Diastematomyelia
Q06.3,Other congenital cauda equina malformations
Q06.4,Hydromyelia
Q06.8,Other specified congenital malformations of spinal cord
Q06.9,"Congenital malformation of spinal cord, unspecified"
Q07.00,Arnold-Chiari syndrome without spina bifida or hydrocephalus
Q07.01,Arnold-Chiari syndrome with spina bifida
Q07.02,Arnold-Chiari syndrome with hydrocephalus
Q07.03,Arnold-Chiari syndrome with spina bifida and hydrocephalus
Q07.8,Other specified congenital malformations of nervous system
Q07.9,"Congenital malformation of nervous system, unspecified"
Q10.0,Congenital ptosis
Q10.1,Congenital ectropion
Q10.2,Congenital entropion
Q10.3,Other congenital malformations of eyelid
Q10.4,Absence and agenesis of lacrimal apparatus
Q10.5,Congenital stenosis and stricture of lacrimal duct
Q10.6,Other congenital malformations of lacrimal apparatus
Q10.7,Congenital malformation of orbit
Q11.0,Cystic eyeball
Q11.1,Other anophthalmos
Q11.2,Microphthalmos
Q11.3,Macrophthalmos
Q12.0,Congenital cataract
Q12.1,Congenital displaced lens
Q12.2,Coloboma of lens
Q12.3,Congenital aphakia
Q12.4,Spherophakia
Q12.8,Other congenital lens malformations
Q12.9,"Congenital lens malformation, unspecified"
Q13.0,Coloboma of iris
Q13.1,Absence of iris
Q13.2,Other congenital malformations of iris
Q13.3,Congenital corneal opacity
Q13.4,Other congenital corneal malformations
Q13.5,Blue sclera
Q13.81,Rieger anomaly
Q13.89,Other congenital malformations of anterior segment of eye
Q13.9,"Congenital malformation of anterior segment of eye, unspecified"
Q14.0,Congenital malformation of vitreous humor
Q14.1,Congenital malformation of retina
Q14.2,Congenital malformation of optic disc
Q14.3,Congenital malformation of choroid
Q14.8,Other congenital malformations of posterior segment of eye
Q14.9,"Congenital malformation of posterior segment of eye, unspecified"
Q15.0,Congenital glaucoma
Q15.8,Other specified congenital malformations of eye
Q15.9,"Congenital malformation of eye, unspecified"
Q16.0,Congenital absence of (ear) auricle
Q16.1,"Congenital absence, atresia and stricture of auditory canal (external)"
Q16.2,Absence of eustachian tube
Q16.3,Congenital malformation of ear ossicles
Q16.4,Other congenital malformations of middle ear
Q16.5,Congenital malformation of inner ear
Q16.9,"Congenital malformation of ear causing impairment of hearing, unspecified"
Q17.0,Accessory auricle
Q17.1,Macrotia
Q17.2,Microtia
Q17.3,Other misshapen ear
Q17.4,Misplaced ear
Q17.5,Prominent ear
Q17.8,Other specified congenital malformations of ear
Q17.9,"Congenital malformation of ear, unspecified"
Q18.0,"Sinus, fistula and cyst of branchial cleft"
Q18.1,Preauricular sinus and cyst
Q18.2,Other branchial cleft malformations
Q18.3,Webbing of neck
Q18.4,Macrostomia
Q18.5,Microstomia
Q18.6,Macrocheilia
Q18.7,Microcheilia
Q18.8,Other specified congenital malformations of face and neck
Q18.9,"Congenital malformation of face and neck, unspecified"
Q20.0,Common arterial trunk
Q20.1,Double outlet right ventricle
Q20.2,Double outlet left ventricle
Q20.3,Discordant ventriculoarterial connection
Q20.4,Double inlet ventricle
Q20.5,Discordant atrioventricular connection
Q20.6,Isomerism of atrial appendages
Q20.8,Other congenital malformations of cardiac chambers and connections
Q20.9,"Congenital malformation of cardiac chambers and connections, unspecified"
Q21.0,Ventricular septal defect
Q21.10,"Atrial septal defect, unspecified"
Q21.11,Secundum atrial septal defect
Q21.12,Patent foramen ovale
Q21.13,Coronary sinus atrial septal defect
Q21.14,Superior sinus venosus atrial septal defect
Q21.15,Inferior sinus venosus atrial septal defect
Q21.16,"Sinus venosus atrial septal defect, unspecified"
Q21.19,Other specified atrial septal defect
Q21.20,"Atrioventricular septal defect, unspecified as to partial or complete"
Q21.21,Partial atrioventricular septal defect
Q21.22,Transitional atrioventricular septal defect
Q21.23,Complete atrioventricular septal defect
Q21.3,Tetralogy of Fallot
Q21.4,Aortopulmonary septal defect
Q21.8,Other congenital malformations of cardiac septa
Q21.9,"Congenital malformation of cardiac septum, unspecified"
Q22.0,Pulmonary valve atresia
Q22.1,Congenital pulmonary valve stenosis
Q22.2,Congenital pulmonary valve insufficiency
Q22.3,Other congenital malformations of pulmonary valve
Q22.4,Congenital tricuspid stenosis
Q22.5,Ebstein's anomaly
Q22.6,Hypoplastic right heart syndrome
Q22.8,Other congenital malformations of tricuspid valve
Q22.9,"Congenital malformation of tricuspid valve, unspecified"
Q23.0,Congenital stenosis of aortic valve
Q23.1,Congenital insufficiency of aortic valve
Q23.2,Congenital mitral stenosis
Q23.3,Congenital mitral insufficiency
Q23.4,Hypoplastic left heart syndrome
Q23.81,Bicuspid aortic valve
Q23.82,Congenital mitral valve cleft leaflet
Q23.88,Other congenital malformations of aortic and mitral valves
Q23.9,"Congenital malformation of aortic and mitral valves, unspecified"
Q24.0,Dextrocardia
Q24.1,Levocardia
Q24.2,Cor triatriatum
Q24.3,Pulmonary infundibular stenosis
Q24.4,Congenital subaortic stenosis
Q24.5,Malformation of coronary vessels
Q24.6,Congenital heart block
Q24.8,Other specified congenital malformations of heart
Q24.9,"Congenital malformation of heart, unspecified"
Q25.0,Patent ductus arteriosus
Q25.1,Coarctation of aorta
Q25.21,Interruption of aortic arch
Q25.29,Other atresia of aorta
Q25.3,Supravalvular aortic stenosis
Q25.40,Congenital malformation of aorta unspecified
Q25.41,Absence and aplasia of aorta
Q25.42,Hypoplasia of aorta
Q25.43,Congenital aneurysm of aorta
Q25.44,Congenital dilation of aorta
Q25.45,Double aortic arch
Q25.46,Tortuous aortic arch
Q25.47,Right aortic arch
Q25.48,Anomalous origin of subclavian artery
Q25.49,Other congenital malformations of aorta
Q25.5,Atresia of pulmonary artery
Q25.6,Stenosis of pulmonary artery
Q25.71,Coarctation of pulmonary artery
Q25.72,Congenital pulmonary arteriovenous malformation
Q25.79,Other congenital malformations of pulmonary artery
Q25.8,Other congenital malformations of other great arteries
Q25.9,"Congenital malformation of great arteries, unspecified"
Q26.0,Congenital stenosis of vena cava
Q26.1,Persistent left superior vena cava
Q26.2,Total anomalous pulmonary venous connection
Q26.3,Partial anomalous pulmonary venous connection
Q26.4,"Anomalous pulmonary venous connection, unspecified"
Q26.5,Anomalous portal venous connection
Q26.6,Portal vein-hepatic artery fistula
Q26.8,Other congenital malformations of great veins
Q26.9,"Congenital malformation of great vein, unspecified"
Q27.0,Congenital absence and hypoplasia of umbilical artery
Q27.1,Congenital renal artery stenosis
Q27.2,Other congenital malformations of renal artery
Q27.30,"Arteriovenous malformation, site unspecified"
Q27.31,Arteriovenous malformation of vessel of upper limb
Q27.32,Arteriovenous malformation of vessel of lower limb
Q27.33,Arteriovenous malformation of digestive system vessel
Q27.34,Arteriovenous malformation of renal vessel
Q27.39,"Arteriovenous malformation, other site"
Q27.4,Congenital phlebectasia
Q27.8,Other specified congenital malformations of peripheral vascular system
Q27.9,"Congenital malformation of peripheral vascular system, unspecified"
Q28.0,Arteriovenous malformation of precerebral vessels
Q28.1,Other malformations of precerebral vessels
Q28.2,Arteriovenous malformation of cerebral vessels
Q28.3,Other malformations of cerebral vessels
Q28.8,Other specified congenital malformations of circulatory system
Q28.9,"Congenital malformation of circulatory system, unspecified"
Q30.0,Choanal atresia
Q30.1,Agenesis and underdevelopment of nose
Q30.2,"Fissured, notched and cleft nose"
Q30.3,Congenital perforated nasal septum
Q30.8,Other congenital malformations of nose
Q30.9,"Congenital malformation of nose, unspecified"
Q31.0,Web of larynx
Q31.1,Congenital subglottic stenosis
Q31.2,Laryngeal hypoplasia
Q31.3,Laryngocele
Q31.5,Congenital laryngomalacia
Q31.8,Other congenital malformations of larynx
Q31.9,"Congenital malformation of larynx, unspecified"
Q32.0,Congenital tracheomalacia
Q32.1,Other congenital malformations of trachea
Q32.2,Congenital bronchomalacia
Q32.3,Congenital stenosis of bronchus
Q32.4,Other congenital malformations of bronchus
Q33.0,Congenital cystic lung
Q33.1,Accessory lobe of lung
Q33.2,Sequestration of lung
Q33.3,Agenesis of lung
Q33.4,Congenital bronchiectasis
Q33.5,Ectopic tissue in lung
Q33.6,Congenital hypoplasia and dysplasia of lung
Q33.8,Other congenital malformations of lung
Q33.9,"Congenital malformation of lung, unspecified"
Q34.0,Anomaly of pleura
Q34.1,Congenital cyst of mediastinum
Q34.8,Other specified congenital malformations of respiratory system
Q34.9,"Congenital malformation of respiratory system, unspecified"
Q35.1,Cleft hard palate
Q35.3,Cleft soft palate
Q35.5,Cleft hard palate with cleft soft palate
Q35.7,Cleft uvula
Q35.9,"Cleft palate, unspecified"
Q36.0,"Cleft lip, bilateral"
Q36.1,"Cleft lip, median"
Q36.9,"Cleft lip, unilateral"
Q37.0,Cleft hard palate with bilateral cleft lip
Q37.1,Cleft hard palate with unilateral cleft lip
Q37.2,Cleft soft palate with bilateral cleft lip
Q37.3,Cleft soft palate with unilateral cleft lip
Q37.4,Cleft hard and soft palate with bilateral cleft lip
Q37.5,Cleft hard and soft palate with unilateral cleft lip
Q37.8,Unspecified cleft palate with bilateral cleft lip
Q37.9,Unspecified cleft palate with unilateral cleft lip
Q38.0,"Congenital malformations of lips, not elsewhere classified"
Q38.1,Ankyloglossia
Q38.2,Macroglossia
Q38.3,Other congenital malformations of tongue
Q38.4,Congenital malformations of salivary glands and ducts
Q38.5,"Congenital malformations of palate, not elsewhere classified"
Q38.6,Other congenital malformations of mouth
Q38.7,Congenital pharyngeal pouch
Q38.8,Other congenital malformations of pharynx
Q39.0,Atresia of esophagus without fistula
Q39.1,Atresia of esophagus with tracheo-esophageal fistula
Q39.2,Congenital tracheo-esophageal fistula without atresia
Q39.3,Congenital stenosis and stricture of esophagus
Q39.4,Esophageal web
Q39.5,Congenital dilatation of esophagus
Q39.6,Congenital diverticulum of esophagus
Q39.8,Other congenital malformations of esophagus
Q39.9,"Congenital malformation of esophagus, unspecified"
Q40.0,Congenital hypertrophic pyloric stenosis
Q40.1,Congenital hiatus hernia
Q40.2,Other specified congenital malformations of stomach
Q40.3,"Congenital malformation of stomach, unspecified"
Q40.8,Other specified congenital malformations of upper alimentary tract
Q40.9,"Congenital malformation of upper alimentary tract, unspecified"
Q41.0,"Congenital absence, atresia and stenosis of duodenum"
Q41.1,"Congenital absence, atresia and stenosis of jejunum"
Q41.2,"Congenital absence, atresia and stenosis of ileum"
Q41.8,"Congenital absence, atresia and stenosis of other specified parts of small intestine"
Q41.9,"Congenital absence, atresia and stenosis of small intestine, part unspecified"
Q42.0,"Congenital absence, atresia and stenosis of rectum with fistula"
Q42.1,"Congenital absence, atresia and stenosis of rectum without fistula"
Q42.2,"Congenital absence, atresia and stenosis of anus with fistula"
Q42.3,"Congenital absence, atresia and stenosis of anus without fistula"
Q42.8,"Congenital absence, atresia and stenosis of other parts of large intestine"
Q42.9,"Congenital absence, atresia and stenosis of large intestine, part unspecified"
Q43.0,Meckel's diverticulum (displaced) (hypertrophic)
Q43.1,Hirschsprung's disease
Q43.2,Other congenital functional disorders of colon
Q43.3,Congenital malformations of intestinal fixation
Q43.4,Duplication of intestine
Q43.5,Ectopic anus
Q43.6,Congenital fistula of rectum and anus
Q43.7,Persistent cloaca
Q43.8,Other specified congenital malformations of intestine
Q43.9,"Congenital malformation of intestine, unspecified"
Q44.0,"Agenesis, aplasia and hypoplasia of gallbladder"
Q44.1,Other congenital malformations of gallbladder
Q44.2,Atresia of bile ducts
Q44.3,Congenital stenosis and stricture of bile ducts
Q44.4,Choledochal cyst
Q44.5,Other congenital malformations of bile ducts
Q44.6,Cystic disease of liver
Q44.70,"Other congenital malformation of liver, unspecified"
Q44.71,Alagille syndrome
Q44.79,Other congenital malformations of liver
Q45.0,"Agenesis, aplasia and hypoplasia of pancreas"
Q45.1,Annular pancreas
Q45.2,Congenital pancreatic cyst
Q45.3,Other congenital malformations of pancreas and pancreatic duct
Q45.8,Other specified congenital malformations of digestive system
Q45.9,"Congenital malformation of digestive system, unspecified"
Q50.01,"Congenital absence of ovary, unilateral"
Q50.02,"Congenital absence of ovary, bilateral"
Q50.1,Developmental ovarian cyst
Q50.2,Congenital torsion of ovary
Q50.31,Accessory ovary
Q50.32,Ovarian streak
Q50.39,Other congenital malformation of ovary
Q50.4,Embryonic cyst of fallopian tube
Q50.5,Embryonic cyst of broad ligament
Q50.6,Other congenital malformations of fallopian tube and broad ligament
Q51.0,Agenesis and aplasia of uterus
Q51.10,Doubling of uterus with doubling of cervix and vagina without obstruction
Q51.11,Doubling of uterus with doubling of cervix and vagina with obstruction
Q51.21,Complete doubling of uterus
Q51.22,Partial doubling of uterus
Q51.28,Other and unspecified doubling of uterus
Q51.3,Bicornate uterus
Q51.4,Unicornate uterus
Q51.5,Agenesis and aplasia of cervix
Q51.6,Embryonic cyst of cervix
Q51.7,Congenital fistulae between uterus and digestive and urinary tracts
Q51.810,Arcuate uterus
Q51.811,Hypoplasia of uterus
Q51.818,Other congenital malformations of uterus
Q51.820,Cervical duplication
Q51.821,Hypoplasia of cervix
Q51.828,Other congenital malformations of cervix
Q51.9,"Congenital malformation of uterus and cervix, unspecified"
Q52.0,Congenital absence of vagina
Q52.10,"Doubling of vagina, unspecified"
Q52.11,Transverse vaginal septum
Q52.120,"Longitudinal vaginal septum, nonobstructing"
Q52.121,"Longitudinal vaginal septum, obstructing, right side"
Q52.122,"Longitudinal vaginal septum, obstructing, left side"
Q52.123,"Longitudinal vaginal septum, microperforate, right side"
Q52.124,"Longitudinal vaginal septum, microperforate, left side"
Q52.129,Other and unspecified longitudinal vaginal septum
Q52.2,Congenital rectovaginal fistula
Q52.3,Imperforate hymen
Q52.4,Other congenital malformations of vagina
Q52.5,Fusion of labia
Q52.6,Congenital malformation of clitoris
Q52.70,Unspecified congenital malformations of vulva
Q52.71,Congenital absence of vulva
Q52.79,Other congenital malformations of vulva
Q52.8,Other specified congenital malformations of female genitalia
Q52.9,"Congenital malformation of female genitalia, unspecified"
Q53.00,"Ectopic testis, unspecified"
Q53.01,"Ectopic testis, unilateral"
Q53.02,"Ectopic testes, bilateral"
Q53.10,"Unspecified undescended testicle, unilateral"
Q53.111,Unilateral intraabdominal testis
Q53.112,Unilateral inguinal testis
Q53.12,"Ectopic perineal testis, unilateral"
Q53.13,Unilateral high scrotal testis
Q53.20,"Undescended testicle, unspecified, bilateral"
Q53.211,Bilateral intraabdominal testes
Q53.212,Bilateral inguinal testes
Q53.22,"Ectopic perineal testis, bilateral"
Q53.23,Bilateral high scrotal testes
Q53.9,"Undescended testicle, unspecified"
Q54.0,"Hypospadias, balanic"
Q54.1,"Hypospadias, penile"
Q54.2,"Hypospadias, penoscrotal"
Q54.3,"Hypospadias, perineal"
Q54.4,Congenital chordee
Q54.8,Other hypospadias
Q54.9,"Hypospadias, unspecified"
Q55.0,Absence and aplasia of testis
Q55.1,Hypoplasia of testis and scrotum
Q55.20,Unspecified congenital malformations of testis and scrotum
Q55.21,Polyorchism
Q55.22,Retractile testis
Q55.23,Scrotal transposition
Q55.29,Other congenital malformations of testis and scrotum
Q55.3,Atresia of vas deferens
Q55.4,"Other congenital malformations of vas deferens, epididymis, seminal vesicles and prostate"
Q55.5,Congenital absence and aplasia of penis
Q55.61,Curvature of penis (lateral)
Q55.62,Hypoplasia of penis
Q55.63,Congenital torsion of penis
Q55.64,Hidden penis
Q55.69,Other congenital malformation of penis
Q55.7,Congenital vasocutaneous fistula
Q55.8,Other specified congenital malformations of male genital organs
Q55.9,"Congenital malformation of male genital organ, unspecified"
Q56.0,"Hermaphroditism, not elsewhere classified"
Q56.1,"Male pseudohermaphroditism, not elsewhere classified"
Q56.2,"Female pseudohermaphroditism, not elsewhere classified"
Q56.3,"Pseudohermaphroditism, unspecified"
Q56.4,"Indeterminate sex, unspecified"
Q60.0,"Renal agenesis, unilateral"
Q60.1,"Renal agenesis, bilateral"
Q60.2,"Renal agenesis, unspecified"
Q60.3,"Renal hypoplasia, unilateral"
Q60.4,"Renal hypoplasia, bilateral"
Q60.5,"Renal hypoplasia, unspecified"
Q60.6,Potter's syndrome
Q61.00,"Congenital renal cyst, unspecified"
Q61.01,Congenital single renal cyst
Q61.02,Congenital multiple renal cysts
Q61.11,Cystic dilatation of collecting ducts
Q61.19,"Other polycystic kidney, infantile type"
Q61.2,"Polycystic kidney, adult type"
Q61.3,"Polycystic kidney, unspecified"
Q61.4,Renal dysplasia
Q61.5,Medullary cystic kidney
Q61.8,Other cystic kidney diseases
Q61.9,"Cystic kidney disease, unspecified"
Q62.0,Congenital hydronephrosis
Q62.10,"Congenital occlusion of ureter, unspecified"
Q62.11,Congenital occlusion of ureteropelvic junction
Q62.12,Congenital occlusion of ureterovesical orifice
Q62.2,Congenital megaureter
Q62.31,"Congenital ureterocele, orthotopic"
Q62.32,Cecoureterocele
Q62.39,Other obstructive defects of renal pelvis and ureter
Q62.4,Agenesis of ureter
Q62.5,Duplication of ureter
Q62.60,"Malposition of ureter, unspecified"
Q62.61,Deviation of ureter
Q62.62,Displacement of ureter
Q62.63,Anomalous implantation of ureter
Q62.69,Other malposition of ureter
Q62.7,Congenital vesico-uretero-renal reflux
Q62.8,Other congenital malformations of ureter
Q63.0,Accessory kidney
Q63.1,"Lobulated, fused and horseshoe kidney"
Q63.2,Ectopic kidney
Q63.3,Hyperplastic and giant kidney
Q63.8,Other specified congenital malformations of kidney
Q63.9,"Congenital malformation of kidney, unspecified"
Q64.0,Epispadias
Q64.10,"Exstrophy of urinary bladder, unspecified"
Q64.11,Supravesical fissure of urinary bladder
Q64.12,Cloacal exstrophy of urinary bladder
Q64.19,Other exstrophy of urinary bladder
Q64.2,Congenital posterior urethral valves
Q64.31,Congenital bladder neck obstruction
Q64.32,Congenital stricture of urethra
Q64.33,Congenital stricture of urinary meatus
Q64.39,Other atresia and stenosis of urethra and bladder neck
Q64.4,Malformation of urachus
Q64.5,Congenital absence of bladder and urethra
Q64.6,Congenital diverticulum of bladder
Q64.70,Unspecified congenital malformation of bladder and urethra
Q64.71,Congenital prolapse of urethra
Q64.72,Congenital prolapse of urinary meatus
Q64.73,Congenital urethrorectal fistula
Q64.74,Double urethra
Q64.75,Double urinary meatus
Q64.79,Other congenital malformations of bladder and urethra
Q64.8,Other specified congenital malformations of urinary system
Q64.9,"Congenital malformation of urinary system, unspecified"
Q65.00,"Congenital dislocation of unspecified hip, unilateral"
Q65.01,"Congenital dislocation of right hip, unilateral"
Q65.02,"Congenital dislocation of left hip, unilateral"
Q65.1,"Congenital dislocation of hip, bilateral"
Q65.2,"Congenital dislocation of hip, unspecified"
Q65.30,"Congenital partial dislocation of unspecified hip, unilateral"
Q65.31,"Congenital partial dislocation of right hip, unilateral"
Q65.32,"Congenital partial dislocation of left hip, unilateral"
Q65.4,"Congenital partial dislocation of hip, bilateral"
Q65.5,"Congenital partial dislocation of hip, unspecified"
Q65.6,Congenital unstable hip
Q65.81,Congenital coxa valga
Q65.82,Congenital coxa vara
Q65.89,Other specified congenital deformities of hip
Q65.9,"Congenital deformity of hip, unspecified"
Q66.00,"Congenital talipes equinovarus, unspecified foot"
Q66.01,"Congenital talipes equinovarus, right foot"
Q66.02,"Congenital talipes equinovarus, left foot"
Q66.10,"Congenital talipes calcaneovarus, unspecified foot"
Q66.11,"Congenital talipes calcaneovarus, right foot"
Q66.12,"Congenital talipes calcaneovarus, left foot"
Q66.211,"Congenital metatarsus primus varus, right foot"
Q66.212,"Congenital metatarsus primus varus, left foot"
Q66.219,"Congenital metatarsus primus varus, unspecified foot"
Q66.221,"Congenital metatarsus adductus, right foot"
Q66.222,"Congenital metatarsus adductus, left foot"
Q66.229,"Congenital metatarsus adductus, unspecified foot"
Q66.30,"Other congenital varus deformities of feet, unspecified foot"
Q66.31,"Other congenital varus deformities of feet, right foot"
R00.0,"Tachycardia, unspecified"
R00.1,"Bradycardia, unspecified"
R00.2,Palpitations
R00.8,Other abnormalities of heart beat
R00.9,Unspecified abnormalities of heart beat
R01.0,Benign and innocent cardiac murmurs
R01.1,"Cardiac murmur, unspecified"
R01.2,Other cardiac sounds
R03.0,"Elevated blood-pressure reading, without diagnosis of hypertension"
R03.1,Nonspecific low blood-pressure reading
R04.0,Epistaxis
R04.1,Hemorrhage from throat
R04.2,Hemoptysis
R04.81,Acute idiopathic pulmonary hemorrhage in infants
R04.89,Hemorrhage from other sites in respiratory passages
R04.9,"Hemorrhage from respiratory passages, unspecified"
R05.1,Acute cough
R05.2,Subacute cough
R05.3,Chronic cough
R05.4,Cough syncope
R05.8,Other specified cough
R05.9,"Cough, unspecified"
R06.00,"Dyspnea, unspecified"
R06.01,Orthopnea
R06.02,Shortness of breath
R06.03,Acute respiratory distress
R06.09,Other forms of dyspnea
R06.1,Stridor
R06.2,Wheezing
R06.3,Periodic breathing
R06.4,Hyperventilation
R06.5,Mouth breathing
R06.6,Hiccough
R06.7,Sneezing
R06.81,"Apnea, not elsewhere classified"
R06.82,"Tachypnea, not elsewhere classified"
R06.83,Snoring
R06.89,Other abnormalities of breathing
R06.9,Unspecified abnormalities of breathing
R07.0,Pain in throat
R07.1,Chest pain on breathing
R07.2,Precordial pain
R07.81,Pleurodynia
R07.82,Intercostal pain
R07.89,Other chest pain
R07.9,"Chest pain, unspecified"
R09.01,Asphyxia
R09.02,Hypoxemia
R09.1,Pleurisy
R09.2,Respiratory arrest
R09.3,Abnormal sputum
R09.81,Nasal congestion
R09.82,Postnasal drip
R09.89,Other specified symptoms and signs involving the circulatory and respiratory systems
R09.A0,"Foreign body sensation, unspecified"
R09.A1,"Foreign body sensation, nose"
R09.A2,"Foreign body sensation, throat"
R09.A9,"Foreign body sensation, other site"
R10.0,Acute abdomen
R10.10,"Upper abdominal pain, unspecified"
R10.11,Right upper quadrant pain
R10.12,Left upper quadrant pain
R10.13,Epigastric pain
R10.20,Pelvic and perineal pain unspecified side
R10.21,Pelvic and perineal pain right side
R10.22,Pelvic and perineal pain left side
R10.23,Pelvic and perineal pain bilateral
R10.24,Suprapubic pain
R10.30,"Lower abdominal pain, unspecified"
R10.31,Right lower quadrant pain
R10.32,Left lower quadrant pain
R10.33,Periumbilical pain
R10.811,Right upper quadrant abdominal tenderness
R10.812,Left upper quadrant abdominal tenderness
R10.813,Right lower quadrant abdominal tenderness
R10.814,Left lower quadrant abdominal tenderness
R10.815,Periumbilic abdominal tenderness
R10.816,Epigastric abdominal tenderness
R10.817,Generalized abdominal tenderness
R10.819,"Abdominal tenderness, unspecified site"
R10.821,Right upper quadrant rebound abdominal tenderness
R10.822,Left upper quadrant rebound abdominal tenderness
R10.823,Right lower quadrant rebound abdominal tenderness
R10.824,Left lower quadrant rebound abdominal tenderness
R10.825,Periumbilic rebound abdominal tenderness
R10.826,Epigastric rebound abdominal tenderness
R10.827,Generalized rebound abdominal tenderness
R10.829,"Rebound abdominal tenderness, unspecified site"
R10.83,Colic
R10.84,Generalized abdominal pain
R10.85,Abdominal pain of multiple sites
R10.8A1,Right flank tenderness
R10.8A2,Left flank tenderness
R10.8A3,Suprapubic tenderness
R10.8A9,"Flank tenderness, unspecified"
R10.9,Unspecified abdominal pain
R10.A0,"Flank pain, unspecified side"
R10.A1,"Flank pain, right side"
R10.A2,"Flank pain, left side"
R10.A3,"Flank pain, bilateral"
R11.0,Nausea
R11.10,"Vomiting, unspecified"
R11.11,Vomiting without nausea
R11.12,Projectile vomiting
R11.13,Vomiting of fecal matter
R11.14,Bilious vomiting
R11.15,Cyclical vomiting syndrome unrelated to migraine
R11.16,Cannabis hyperemesis syndrome
R11.2,"Nausea with vomiting, unspecified"
R12,Heartburn
R13.0,Aphagia
R13.10,"Dysphagia, unspecified"
R13.11,"Dysphagia, oral phase"
R13.12,"Dysphagia, oropharyngeal phase"
R13.13,"Dysphagia, pharyngeal phase"
R13.14,"Dysphagia, pharyngoesophageal phase"
R13.19,Other dysphagia
R14.0,Abdominal distension (gaseous)
R14.1,Gas pain
R14.2,Eructation
R14.3,Flatulence
R15.0,Incomplete defecation
R15.1,Fecal smearing
R15.2,Fecal urgency
R15.9,Full incontinence of feces
R16.0,"Hepatomegaly, not elsewhere classified"
R16.1,"Splenomegaly, not elsewhere classified"
R16.2,"Hepatomegaly with splenomegaly, not elsewhere classified"
R17,Unspecified jaundice
R18.0,Malignant ascites
R18.8,Other ascites
R19.00,"Intra-abdominal and pelvic swelling, mass and lump, unspecified site"
R19.01,"Right upper quadrant abdominal swelling, mass and lump"
R19.02,"Left upper quadrant abdominal swelling, mass and lump"
R19.03,"Right lower quadrant abdominal swelling, mass and lump"
R19.04,"Left lower quadrant abdominal swelling, mass and lump"
R19.05,"Periumbilic swelling, mass or lump"
R19.06,"Epigastric swelling, mass or lump"
R19.07,"Generalized intra-abdominal and pelvic swelling, mass and lump"
R19.09,"Other intra-abdominal and pelvic swelling, mass and lump"
R19.11,Absent bowel sounds
R19.12,Hyperactive bowel sounds
R19.15,Other abnormal bowel sounds
R19.2,Visible peristalsis
R19.30,"Abdominal rigidity, unspecified site"
R19.31,Right upper quadrant abdominal rigidity
R19.32,Left upper quadrant abdominal rigidity
R19.33,Right lower quadrant abdominal rigidity
R19.34,Left lower quadrant abdominal rigidity
R19.35,Periumbilic abdominal rigidity
R19.36,Epigastric abdominal rigidity
R19.37,Generalized abdominal rigidity
R19.4,Change in bowel habit
R19.5,Other fecal abnormalities
R19.6,Halitosis
R19.7,"Diarrhea, unspecified"
R19.8,Other specified symptoms and signs involving the digestive system and abdomen
R20.0,Anesthesia of skin
R20.1,Hypoesthesia of skin
R20.2,Paresthesia of skin
R20.3,Hyperesthesia
R20.8,Other disturbances of skin sensation
R20.9,Unspecified disturbances of skin sensation
R21,Rash and other nonspecific skin eruption
R22.0,"Localized swelling, mass and lump, head"
R22.1,"Localized swelling, mass and lump, neck"
R22.2,"Localized swelling, mass and lump, trunk"
R22.30,"Localized swelling, mass and lump, unspecified upper limb"
R22.31,"Localized swelling, mass and lump, right upper limb"
R22.32,"Localized swelling, mass and lump, left upper limb"
R22.33,"Localized swelling, mass and lump, upper limb, bilateral"
R22.40,"Localized swelling, mass and lump, unspecified lower limb"
R22.41,"Localized swelling, mass and lump, right lower limb"
R22.42,"Localized swelling, mass and lump, left lower limb"
R22.43,"Localized swelling, mass and lump, lower limb, bilateral"
R22.9,"Localized swelling, mass and lump, unspecified"
R23.0,Cyanosis
R23.1,Pallor
R23.2,Flushing
R23.3,Spontaneous ecchymoses
R23.4,Changes in skin texture
R23.8,Other skin changes
R23.9,Unspecified skin changes
R25.0,Abnormal head movements
R25.1,"Tremor, unspecified"
R25.2,Cramp and spasm
R25.3,Fasciculation
R25.8,Other abnormal involuntary movements
R25.9,Unspecified abnormal involuntary movements
R26.0,Ataxic gait
R26.1,Paralytic gait
R26.2,"Difficulty in walking, not elsewhere classified"
R26.81,Unsteadiness on feet
R26.89,Other abnormalities of gait and mobility
R26.9,Unspecified abnormalities of gait and mobility
R27.0,"Ataxia, unspecified"
R27.8,Other lack of coordination
R27.9,Unspecified lack of coordination
R29.0,Tetany
R29.1,Meningismus
R29.2,Abnormal reflex
R29.3,Abnormal posture
R29.4,Clicking hip
R29.5,Transient paralysis
R29.6,Repeated falls
R29.700,NIHSS score 0
R29.701,NIHSS score 1
R29.702,NIHSS score 2
R29.703,NIHSS score 3
R29.704,NIHSS score 4
R29.705,NIHSS score 5
R29.706,NIHSS score 6
R29.707,NIHSS score 7
R29.708,NIHSS score 8
R29.709,NIHSS score 9
R29.710,NIHSS score 10
R29.711,NIHSS score 11
R29.712,NIHSS score 12
R29.713,NIHSS score 13
R29.714,NIHSS score 14
R29.715,NIHSS score 15
R29.716,NIHSS score 16
R29.717,NIHSS score 17
R29.718,NIHSS score 18
R29.719,NIHSS score 19
R29.720,NIHSS score 20
R29.721,NIHSS score 21
R29.722,NIHSS score 22
R29.723,NIHSS score 23
R29.724,NIHSS score 24
R29.725,NIHSS score 25
R29.726,NIHSS score 26
R29.727,NIHSS score 27
R29.728,NIHSS score 28
R29.729,NIHSS score 29
R29.730,NIHSS score 30
R29.731,NIHSS score 31
R29.732,NIHSS score 32
R29.733,NIHSS score 33
R29.734,NIHSS score 34
R29.735,NIHSS score 35
R29.736,NIHSS score 36
R29.737,NIHSS score 37
R29.738,NIHSS score 38
R29.739,NIHSS score 39
R29.740,NIHSS score 40
R29.741,NIHSS score 41
R29.742,NIHSS score 42
R29.810,Facial weakness
R29.818,Other symptoms and signs involving the nervous system
R29.890,Loss of height
R29.891,Ocular torticollis
R29.898,Other symptoms and signs involving the musculoskeletal system
R29.90,Unspecified symptoms and signs involving the nervous system
R29.91,Unspecified symptoms and signs involving the musculoskeletal system
R30.0,Dysuria
R30.1,Vesical tenesmus
R30.9,"Painful micturition, unspecified"
R31.0,Gross hematuria
R31.1,Benign essential microscopic hematuria
R31.21,Asymptomatic microscopic hematuria
R31.29,Other microscopic hematuria
R31.9,"Hematuria, unspecified"
R32,Unspecified urinary incontinence
R33.0,Drug induced retention of urine
R33.8,Other retention of urine
R33.9,"Retention of urine, unspecified"
R34,Anuria and oliguria
R35.0,Frequency of micturition
R35.1,Nocturia
R35.81,Nocturnal polyuria
R35.89,Other polyuria
R36.0,Urethral discharge without blood
R36.1,Hematospermia
R36.9,"Urethral discharge, unspecified"
R37,"Sexual dysfunction, unspecified"
R39.0,Extravasation of urine
R39.11,Hesitancy of micturition
R39.12,Poor urinary stream
R39.13,Splitting of urinary stream
R39.14,Feeling of incomplete bladder emptying
R39.15,Urgency of urination
R39.16,Straining to void
R39.191,Need to immediately re-void
R39.192,Position dependent micturition
R39.198,Other difficulties with micturition
R39.2,Extrarenal uremia
R39.81,Functional urinary incontinence
R39.82,Chronic bladder pain
R39.83,Unilateral non-palpable testicle
R39.84,Bilateral non-palpable testicles
R39.851,"Costovertebral (angle) tenderness, right side"
R39.852,"Costovertebral (angle) tenderness, left side"
R39.853,"Costovertebral (angle) tenderness, bilateral"
R39.859,"Costovertebral (angle) tenderness, unspecified side"
R39.89,Other symptoms and signs involving the genitourinary system
R39.9,Unspecified symptoms and signs involving the genitourinary system
R40.0,Somnolence
R40.1,Stupor
R40.20,Unspecified coma
R40.2110,"Coma scale, eyes open, never, unspecified time"
R40.2111,"Coma scale, eyes open, never, in the field [EMT or ambulance]"
R40.2112,"Coma scale, eyes open, never, at arrival to emergency department"
R40.2113,"Coma scale, eyes open, never, at hospital admission"
R40.2114,"Coma scale, eyes open, never, 24 hours or more after hospital admission"
R40.2120,"Coma scale, eyes open, to pain, unspecified time"
R40.2121,"Coma scale, eyes open, to pain, in the field [EMT or ambulance]"
R40.2122,"Coma scale, eyes open, to pain, at arrival to emergency department"
R40.2123,"Coma scale, eyes open, to pain, at hospital admission"
R40.2124,"Coma scale, eyes open, to pain, 24 hours or more after hospital admission"
R40.2130,"Coma scale, eyes open, to sound, unspecified time"
R40.2131,"Coma scale, eyes open, to sound, in the field [EMT or ambulance]"
R40.2132,"Coma scale, eyes open, to sound, at arrival to emergency department"
R40.2133,"Coma scale, eyes open, to sound, at hospital admission"
R40.2134,"Coma scale, eyes open, to sound, 24 hours or more after hospital admission"
R40.2140,"Coma scale, eyes open, spontaneous, unspecified time"
R40.2141,"Coma scale, eyes open, spontaneous, in the field [EMT or ambulance]"
R40.2142,"Coma scale, eyes open, spontaneous, at arrival to emergency department"
R40.2143,"Coma scale, eyes open, spontaneous, at hospital admission"
R40.2144,"Coma scale, eyes open, spontaneous, 24 hours or more after hospital admission"
R40.2210,"Coma scale, best verbal response, none, unspecified time"
R40.2211,"Coma scale, best verbal response, none, in the field [EMT or ambulance]"
R40.2212,"Coma scale, best verbal response, none, at arrival to emergency department"
R40.2213,"Coma scale, best verbal response, none, at hospital admission"
R40.2214,"Coma scale, best verbal response, none, 24 hours or more after hospital admission"
R40.2220,"Coma scale, best verbal response, incomprehensible words, unspecified time"
R40.2221,"Coma scale, best verbal response, incomprehensible words, in the field [EMT or ambulance]"
R40.2222,"Coma scale, best verbal response, incomprehensible words, at arrival to emergency department"
R40.2223,"Coma scale, best verbal response, incomprehensible words, at hospital admission"
R40.2224,"Coma scale, best verbal response, incomprehensible words, 24 hours or more after hospital admission"
R40.2230,"Coma scale, best verbal response, inappropriate words, unspecified time"
R40.2231,"Coma scale, best verbal response, inappropriate words, in the field [EMT or ambulance]"
R40.2232,"Coma scale, best verbal response, inappropriate words, at arrival to emergency department"
R40.2233,"Coma scale, best verbal response, inappropriate words, at hospital admission"
R40.2234,"Coma scale, best verbal response, inappropriate words, 24 hours or more after hospital admission"
R40.2240,"Coma scale, best verbal response, confused conversation, unspecified time"
R40.2241,"Coma scale, best verbal response, confused conversation, in the field [EMT or ambulance]"
R40.2242,"Coma scale, best verbal response, confused conversation, at arrival to emergency department"
R40.2243,"Coma scale, best verbal response, confused conversation, at hospital admission"
R40.2244,"Coma scale, best verbal response, confused conversation, 24 hours or more after hospital admission"
R40.2250,"Coma scale, best verbal response, oriented, unspecified time"
R40.2251,"Coma scale, best verbal response, oriented, in the field [EMT or ambulance]"
R40.2252,"Coma scale, best verbal response, oriented, at arrival to emergency department"
R40.2253,"Coma scale, best verbal response, oriented, at hospital admission"
R40.2254,"Coma scale, best verbal response, oriented, 24 hours or more after hospital admission"
R40.2310,"Coma scale, best motor response, none, unspecified time"
R40.2311,"Coma scale, best motor response, none, in the field [EMT or ambulance]"
R40.2312,"Coma scale, best motor response, none, at arrival to emergency department"
R40.2313,"Coma scale, best motor response, none, at hospital admission"
R40.2314,"Coma scale, best motor response, none, 24 hours or more after hospital admission"
R40.2320,"Coma scale, best motor response, extension, unspecified time"
R40.2321,"Coma scale, best motor response, extension, in the field [EMT or ambulance]"
R40.2322,"Coma scale, best motor response, extension, at arrival to emergency department"
R40.2323,"Coma scale, best motor response, extension, at hospital admission"
R40.2324,"Coma scale, best motor response, extension, 24 hours or more after hospital admission"
R40.2330,"Coma scale, best motor response, abnormal flexion, unspecified time"
R40.2331,"Coma scale, best motor response, abnormal flexion, in the field [EMT or ambulance]"
R40.2332,"Coma scale, best motor response, abnormal flexion, at arrival to emergency department"
R40.2333,"Coma scale, best motor response, abnormal flexion, at hospital admission"
R40.2334,"Coma scale, best motor response, abnormal flexion, 24 hours or more after hospital admission"
R40.2340,"Coma scale, best motor response, flexion withdrawal, unspecified time"
R40.2341,"Coma scale, best motor response, flexion withdrawal, in the field [EMT or ambulance]"
R40.2342,"Coma scale, best motor response, flexion withdrawal, at arrival to emergency department"
R40.2343,"Coma scale, best motor response, flexion withdrawal, at hospital admission"
R40.2344,"Coma scale, best motor response, flexion withdrawal, 24 hours or more after hospital admission"
R40.2350,"Coma scale, best motor response, localizes pain, unspecified time"
R40.2351,"Coma scale, best motor response, localizes pain, in the field [EMT or ambulance]"
R40.2352,"Coma scale, best motor response, localizes pain, at arrival to emergency department"
R40.2353,"Coma scale, best motor response, localizes pain, at hospital admission"
R40.2354,"Coma scale, best motor response, localizes pain, 24 hours or more after hospital admission"
R40.2360,"Coma scale, best motor response, obeys commands, unspecified time"
R40.2361,"Coma scale, best motor response, obeys commands, in the field [EMT or ambulance]"
R40.2362,"Coma scale, best motor response, obeys commands, at arrival to emergency department"
R40.2363,"Coma scale, best motor response, obeys commands, at hospital admission"
R40.2364,"Coma scale, best motor response, obeys commands, 24 hours or more after hospital admission"
R40.2410,"Glasgow coma scale score 13-15, unspecified time"
R40.2411,"Glasgow coma scale score 13-15, in the field [EMT or ambulance]"
R40.2412,"Glasgow coma scale score 13-15, at arrival to emergency department"
R40.2413,"Glasgow coma scale score 13-15, at hospital admission"
R40.2414,"Glasgow coma scale score 13-15, 24 hours or more after hospital admission"
R40.2420,"Glasgow coma scale score 9-12, unspecified time"
R40.2421,"Glasgow coma scale score 9-12, in the field [EMT or ambulance]"
R40.2422,"Glasgow coma scale score 9-12, at arrival to emergency department"
R40.2423,"Glasgow coma scale score 9-12, at hospital admission"
R40.2424,"Glasgow coma scale score 9-12, 24 hours or more after hospital admission"
R40.2430,"Glasgow coma scale score 3-8, unspecified time"
R40.2431,"Glasgow coma scale score 3-8, in the field [EMT or ambulance]"
R40.2432,"Glasgow coma scale score 3-8, at arrival to emergency department"
R40.2433,"Glasgow coma scale score 3-8, at hospital admission"
R40.2434,"Glasgow coma scale score 3-8, 24 hours or more after hospital admission"
R40.2440,"Other coma, without documented Glasgow coma scale score, or with partial score reported, unspecified time"
R40.2441,"Other coma, without documented Glasgow coma scale score, or with partial score reported, in the field [EMT or ambulance]"
R40.2442,"Other coma, without documented Glasgow coma scale score, or with partial score reported, at arrival to emergency department"
R40.2443,"Other coma, without documented Glasgow coma scale score, or with partial score reported, at hospital admission"
R40.2444,"Other coma, without documented Glasgow coma scale score, or with partial score reported, 24 hours or more after hospital admission"
R40.2A,Nontraumatic coma due to underlying condition
R40.3,Persistent vegetative state
R40.4,Transient alteration of awareness
R41.0,"Disorientation, unspecified"
R41.1,Anterograde amnesia
R41.2,Retrograde amnesia
R41.3,Other amnesia
R41.4,Neurologic neglect syndrome
R41.81,Age-related cognitive decline
R41.82,"Altered mental status, unspecified"
R41.83,Borderline intellectual functioning
R41.840,Attention and concentration deficit
R41.841,Cognitive communication deficit
R41.842,Visuospatial deficit
R41.843,Psychomotor deficit
R41.844,Frontal lobe and executive function deficit
R41.85,Anosognosia
R41.89,Other symptoms and signs involving cognitive functions and awareness
R41.9,Unspecified symptoms and signs involving cognitive functions and awareness
R42,Dizziness and giddiness
R43.0,Anosmia
R43.1,Parosmia
R43.2,Parageusia
R43.8,Other disturbances of smell and taste
R43.9,Unspecified disturbances of smell and taste
R44.0,Auditory hallucinations
R44.1,Visual hallucinations
R44.2,Other hallucinations
R44.3,"Hallucinations, unspecified"
R44.8,Other symptoms and signs involving general sensations and perceptions
R44.9,Unspecified symptoms and signs involving general sensations and perceptions
R45.0,Nervousness
R45.1,Restlessness and agitation
R45.2,Unhappiness
R45.3,Demoralization and apathy
R45.4,Irritability and anger
R45.5,Hostility
R45.6,Violent behavior
R45.7,"State of emotional shock and stress, unspecified"
R45.81,Low self-esteem
R45.82,Worries
R45.83,"Excessive crying of child, adolescent or adult"
R45.84,Anhedonia
R45.850,Homicidal ideations
R45.851,Suicidal ideations
R45.86,Emotional lability
R45.87,Impulsiveness
R45.88,Nonsuicidal self-harm
R45.89,Other symptoms and signs involving emotional state
R46.0,Very low level of personal hygiene
R46.1,Bizarre personal appearance
R46.2,Strange and inexplicable behavior
R46.3,Overactivity
R46.4,Slowness and poor responsiveness
R46.5,Suspiciousness and marked evasiveness
R46.6,Undue concern and preoccupation with stressful events
R46.7,Verbosity and circumstantial detail obscuring reason for contact
R46.81,Obsessive-compulsive behavior
R46.89,Other symptoms and signs involving appearance and behavior
R47.01,Aphasia
R47.02,Dysphasia
R47.1,Dysarthria and anarthria
R47.81,Slurred speech
R47.82,Fluency disorder in conditions classified elsewhere
R47.89,Other speech disturbances
R47.9,Unspecified speech disturbances
R48.0,Dyslexia and alexia
R48.1,Agnosia
R48.2,Apraxia
R48.3,Visual agnosia
R48.8,Other symbolic dysfunctions
R48.9,Unspecified symbolic dysfunctions
R49.0,Dysphonia
R49.1,Aphonia
R49.21,Hypernasality
R49.22,Hyponasality
R49.8,Other voice and resonance disorders
R49.9,Unspecified voice and resonance disorder
R50.2,Drug induced fever
R50.81,Fever presenting with conditions classified elsewhere
R50.82,Postprocedural fever
R50.83,Postvaccination fever
R50.84,Febrile nonhemolytic transfusion reaction
R50.9,"Fever, unspecified"
R51.0,"Headache with orthostatic component, not elsewhere classified"
R51.9,"Headache, unspecified"
R52,"Pain, unspecified"
R53.0,Neoplastic (malignant) related fatigue
R53.1,Weakness
R53.2,Functional quadriplegia
R53.81,Other malaise
R53.82,"Chronic fatigue, unspecified"
R53.83,Other fatigue
R54,Age-related physical debility
R55,Syncope and collapse
R56.00,Simple febrile convulsions
R56.01,Complex febrile convulsions
R56.1,Post traumatic seizures
R56.9,Unspecified convulsions
R57.0,Cardiogenic shock
R57.1,Hypovolemic shock
R57.8,Other shock
R57.9,"Shock, unspecified"
R58,"Hemorrhage, not elsewhere classified"
R59.0,Localized enlarged lymph nodes
S00.00XA,"Unspecified superficial injury of scalp, initial encounter"
S00.00XD,"Unspecified superficial injury of scalp, subsequent encounter"
S00.00XS,"Unspecified superficial injury of scalp, sequela"
S00.01XA,"Abrasion of scalp, initial encounter"
S00.01XD,"Abrasion of scalp, subsequent encounter"
S00.01XS,"Abrasion of scalp, sequela"
S00.02XA,"Blister (nonthermal) of scalp, initial encounter"
S00.02XD,"Blister (nonthermal) of scalp, subsequent encounter"
S00.02XS,"Blister (nonthermal) of scalp, sequela"
S00.03XA,"Contusion of scalp, initial encounter"
S00.03XD,"Contusion of scalp, subsequent encounter"
S00.03XS,"Contusion of scalp, sequela"
S00.04XA,"External constriction of part of scalp, initial encounter"
S00.04XD,"External constriction of part of scalp, subsequent encounter"
S00.04XS,"External constriction of part of scalp, sequela"
S00.05XA,"Superficial foreign body of scalp, initial encounter"
S00.05XD,"Superficial foreign body of scalp, subsequent encounter"
S00.05XS,"Superficial foreign body of scalp, sequela"
S00.06XA,"Insect bite (nonvenomous) of scalp, initial encounter"
S00.06XD,"Insect bite (nonvenomous) of scalp, subsequent encounter"
S00.06XS,"Insect bite (nonvenomous) of scalp, sequela"
S00.07XA,"Other superficial bite of scalp, initial encounter"
S00.07XD,"Other superficial bite of scalp, subsequent encounter"
S00.07XS,"Other superficial bite of scalp, sequela"
S00.10XA,"Contusion of unspecified eyelid and periocular area, initial encounter"
S00.10XD,"Contusion of unspecified eyelid and periocular area, subsequent encounter"
S00.10XS,"Contusion of unspecified eyelid and periocular area, sequela"
S00.11XA,"Contusion of right eyelid and periocular area, initial encounter"
S00.11XD,"Contusion of right eyelid and periocular area, subsequent encounter"
S00.11XS,"Contusion of right eyelid and periocular area, sequela"
S00.12XA,"Contusion of left eyelid and periocular area, initial encounter"
S00.12XD,"Contusion of left eyelid and periocular area, subsequent encounter"
S00.12XS,"Contusion of left eyelid and periocular area, sequela"
S00.201A,"Unspecified superficial injury of right eyelid and periocular area, initial encounter"
S00.201D,"Unspecified superficial injury of right eyelid and periocular area, subsequent encounter"
S00.201S,"Unspecified superficial injury of right eyelid and periocular area, sequela"
S00.202A,"Unspecified superficial injury of left eyelid and periocular area, initial encounter"
S00.202D,"Unspecified superficial injury of left eyelid and periocular area, subsequent encounter"
S00.202S,"Unspecified superficial injury of left eyelid and periocular area, sequela"
S00.209A,"Unspecified superficial injury of unspecified eyelid and periocular area, initial encounter"
S00.209D,"Unspecified superficial injury of unspecified eyelid and periocular area, subsequent encounter"
S00.209S,"Unspecified superficial injury of unspecified eyelid and periocular area, sequela"
S00.211A,"Abrasion of right eyelid and periocular area, initial encounter"
S00.211D,"Abrasion of right eyelid and periocular area, subsequent encounter"
S00.211S,"Abrasion of right eyelid and periocular area, sequela"
S00.212A,"Abrasion of left eyelid and periocular area, initial encounter"
S00.212D,"Abrasion of left eyelid and periocular area, subsequent encounter"
S00.212S,"Abrasion of left eyelid and periocular area, sequela"
S00.219A,"Abrasion of unspecified eyelid and periocular area, initial encounter"
S00.219D,"Abrasion of unspecified eyelid and periocular area, subsequent encounter"
S00.219S,"Abrasion of unspecified eyelid and periocular area, sequela"
S00.221A,"Blister (nonthermal) of right eyelid and periocular area, initial encounter"
S00.221D,"Blister (nonthermal) of right eyelid and periocular area, subsequent encounter"
S00.221S,"Blister (nonthermal) of right eyelid and periocular area, sequela"
S00.222A,"Blister (nonthermal) of left eyelid and periocular area, initial encounter"
S00.222D,"Blister (nonthermal) of left eyelid and periocular area, subsequent encounter"
S00.222S,"Blister (nonthermal) of left eyelid and periocular area, sequela"
S00.229A,"Blister (nonthermal) of unspecified eyelid and periocular area, initial encounter"
S00.229D,"Blister (nonthermal) of unspecified eyelid and periocular area, subsequent encounter"
S00.229S,"Blister (nonthermal) of unspecified eyelid and periocular area, sequela"
S00.241A,"External constriction of right eyelid and periocular area, initial encounter"
S00.241D,"External constriction of right eyelid and periocular area, subsequent encounter"
S00.241S,"External constriction of right eyelid and periocular area, sequela"
S00.242A,"External constriction of left eyelid and periocular area, initial encounter"
S00.242D,"External constriction of left eyelid and periocular area, subsequent encounter"
S00.242S,"External constriction of left eyelid and periocular area, sequela"
S00.249A,"External constriction of unspecified eyelid and periocular area, initial encounter"
S00.249D,"External constriction of unspecified eyelid and periocular area, subsequent encounter"
S00.249S,"External constriction of unspecified eyelid and periocular area, sequela"
S00.251A,"Superficial foreign body of right eyelid and periocular area, initial encounter"
S00.251D,"Superficial foreign body of right eyelid and periocular area, subsequent encounter"
S00.251S,"Superficial foreign body of right eyelid and periocular area, sequela"
S00.252A,"Superficial foreign body of left eyelid and periocular area, initial encounter"
S00.252D,"Superficial foreign body of left eyelid and periocular area, subsequent encounter"
S00.252S,"Superficial foreign body of left eyelid and periocular area, sequela"
S00.259A,"Superficial foreign body of unspecified eyelid and periocular area, initial encounter"
S00.259D,"Superficial foreign body of unspecified eyelid and periocular area, subsequent encounter"
S00.259S,"Superficial foreign body of unspecified eyelid and periocular area, sequela"
S00.261A,"Insect bite (nonvenomous) of right eyelid and periocular area, initial encounter"
S00.261D,"Insect bite (nonvenomous) of right eyelid and periocular area, subsequent encounter"
S00.261S,"Insect bite (nonvenomous) of right eyelid and periocular area, sequela"
S00.262A,"Insect bite (nonvenomous) of left eyelid and periocular area, initial encounter"
S00.262D,"Insect bite (nonvenomous) of left eyelid and periocular area, subsequent encounter"
S00.262S,"Insect bite (nonvenomous) of left eyelid and periocular area, sequela"
S00.269A,"Insect bite (nonvenomous) of unspecified eyelid and periocular area, initial encounter"
S00.269D,"Insect bite (nonvenomous) of unspecified eyelid and periocular area, subsequent encounter"
S00.269S,"Insect bite (nonvenomous) of unspecified eyelid and periocular area, sequela"
S00.271A,"Other superficial bite of right eyelid and periocular area, initial encounter"
S00.271D,"Other superficial bite of right eyelid and periocular area, subsequent encounter"
S00.271S,"Other superficial bite of right eyelid and periocular area, sequela"
S00.272A,"Other superficial bite of left eyelid and periocular area, initial encounter"
S00.272D,"Other superficial bite of left eyelid and periocular area, subsequent encounter"
S00.272S,"Other superficial bite of left eyelid and periocular area, sequela"
S00.279A,"Other superficial bite of unspecified eyelid and periocular area, initial encounter"
S00.279D,"Other superficial bite of unspecified eyelid and periocular area, subsequent encounter"
S00.279S,"Other superficial bite of unspecified eyelid and periocular area, sequela"
S00.30XA,"Unspecified superficial injury of nose, initial encounter"
S00.30XD,"Unspecified superficial injury of nose, subsequent encounter"
S00.30XS,"Unspecified superficial injury of nose, sequela"
S00.31XA,"Abrasion of nose, initial encounter"
S00.31XD,"Abrasion of nose, subsequent encounter"
S00.31XS,"Abrasion of nose, sequela"
S00.32XA,"Blister (nonthermal) of nose, initial encounter"
S00.32XD,"Blister (nonthermal) of nose, subsequent encounter"
S00.32XS,"Blister (nonthermal) of nose, sequela"
S00.33XA,"Contusion of nose, initial encounter"
S00.33XD,"Contusion of nose, subsequent encounter"
S00.33XS,"Contusion of nose, sequela"
S00.34XA,"External constriction of nose, initial encounter"
S00.34XD,"External constriction of nose, subsequent encounter"
S00.34XS,"External constriction of nose, sequela"
S00.35XA,"Superficial foreign body of nose, initial encounter"
S00.35XD,"Superficial foreign body of nose, subsequent encounter"
S00.35XS,"Superficial foreign body of nose, sequela"
S00.36XA,"Insect bite (nonvenomous) of nose, initial encounter"
S00.36XD,"Insect bite (nonvenomous) of nose, subsequent encounter"
S00.36XS,"Insect bite (nonvenomous) of nose, sequela"
S00.37XA,"Other superficial bite of nose, initial encounter"
S00.37XD,"Other superficial bite of nose, subsequent encounter"
S00.37XS,"Other superficial bite of nose, sequela"
S00.401A,"Unspecified superficial injury of right ear, initial encounter"
S00.401D,"Unspecified superficial injury of right ear, subsequent encounter"
S00.401S,"Unspecified superficial injury of right ear, sequela"
S00.402A,"Unspecified superficial injury of left ear, initial encounter"
S00.402D,"Unspecified superficial injury of left ear, subsequent encounter"
S00.402S,"Unspecified superficial injury of left ear, sequela"
S00.409A,"Unspecified superficial injury of unspecified ear, initial encounter"
S00.409D,"Unspecified superficial injury of unspecified ear, subsequent encounter"
S00.409S,"Unspecified superficial injury of unspecified ear, sequela"
S00.411A,"Abrasion of right ear, initial encounter"
S00.411D,"Abrasion of right ear, subsequent encounter"
S00.411S,"Abrasion of right ear, sequela"
S00.412A,"Abrasion of left ear, initial encounter"
S00.412D,"Abrasion of left ear, subsequent encounter"
S00.412S,"Abrasion of left ear, sequela"
S00.419A,"Abrasion of unspecified ear, initial encounter"
S00.419D,"Abrasion of unspecified ear, subsequent encounter"
S00.419S,"Abrasion of unspecified ear, sequela"
S00.421A,"Blister (nonthermal) of right ear, initial encounter"
S00.421D,"Blister (nonthermal) of right ear, subsequent encounter"
S00.421S,"Blister (nonthermal) of right ear, sequela"
S00.422A,"Blister (nonthermal) of left ear, initial encounter"
S00.422D,"Blister (nonthermal) of left ear, subsequent encounter"
S00.422S,"Blister (nonthermal) of left ear, sequela"
S00.429A,"Blister (nonthermal) of unspecified ear, initial encounter"
S00.429D,"Blister (nonthermal) of unspecified ear, subsequent encounter"
S00.429S,"Blister (nonthermal) of unspecified ear, sequela"
S00.431A,"Contusion of right ear, initial encounter"
S00.431D,"Contusion of right ear, subsequent encounter"
S00.431S,"Contusion of right ear, sequela"
S00.432A,"Contusion of left ear, initial encounter"
S00.432D,"Contusion of left ear, subsequent encounter"
S00.432S,"Contusion of left ear, sequela"
S00.439A,"Contusion of unspecified ear, initial encounter"
S00.439D,"Contusion of unspecified ear, subsequent encounter"
S00.439S,"Contusion of unspecified ear, sequela"
S00.441A,"External constriction of right ear, initial encounter"
S00.441D,"External constriction of right ear, subsequent encounter"
S00.441S,"External constriction of right ear, sequela"
S00.442A,"External constriction of left ear, initial encounter"
S00.442D,"External constriction of left ear, subsequent encounter"
S00.442S,"External constriction of left ear, sequela"
S00.449A,"External constriction of unspecified ear, initial encounter"
S00.449D,"External constriction of unspecified ear, subsequent encounter"
S00.449S,"External constriction of unspecified ear, sequela"
S00.451A,"Superficial foreign body of right ear, initial encounter"
S00.451D,"Superficial foreign body of right ear, subsequent encounter"
S00.451S,"Superficial foreign body of right ear, sequela"
S00.452A,"Superficial foreign body of left ear, initial encounter"
S00.452D,"Superficial foreign body of left ear, subsequent encounter"
S00.452S,"Superficial foreign body of left ear, sequela"
S00.459A,"Superficial foreign body of unspecified ear, initial encounter"
S00.459D,"Superficial foreign body of unspecified ear, subsequent encounter"
S00.459S,"Superficial foreign body of unspecified ear, sequela"
S00.461A,"Insect bite (nonvenomous) of right ear, initial encounter"
S00.461D,"Insect bite (nonvenomous) of right ear, subsequent encounter"
S00.461S,"Insect bite (nonvenomous) of right ear, sequela"
S00.462A,"Insect bite (nonvenomous) of left ear, initial encounter"
S00.462D,"Insect bite (nonvenomous) of left ear, subsequent encounter"
S00.462S,"Insect bite (nonvenomous) of left ear, sequela"
S00.469A,"Insect bite (nonvenomous) of unspecified ear, initial encounter"
S00.469D,"Insect bite (nonvenomous) of unspecified ear, subsequent encounter"
S00.469S,"Insect bite (nonvenomous) of unspecified ear, sequela"
S00.471A,"Other superficial bite of right ear, initial encounter"
S00.471D,"Other superficial bite of right ear, subsequent encounter"
S00.471S,"Other superficial bite of right ear, sequela"
S00.472A,"Other superficial bite of left ear, initial encounter"
S00.472D,"Other superficial bite of left ear, subsequent encounter"
S00.472S,"Other superficial bite of left ear, sequela"
S00.479A,"Other superficial bite of unspecified ear, initial encounter"
S00.479D,"Other superficial bite of unspecified ear, subsequent encounter"
S00.479S,"Other superficial bite of unspecified ear, sequela"
S00.501A,"Unspecified superficial injury of lip, initial encounter"
S00.501D,"Unspecified superficial injury of lip, subsequent encounter"
S00.501S,"Unspecified superficial injury of lip, sequela"
S00.502A,"Unspecified superficial injury of oral cavity, initial encounter"
S00.502D,"Unspecified superficial injury of oral cavity, subsequent encounter"
S00.502S,"Unspecified superficial injury of oral cavity, sequela"
S00.511A,"Abrasion of lip, initial encounter"
S00.511D,"Abrasion of lip, subsequent encounter"
S00.511S,"Abrasion of lip, sequela"
S00.512A,"Abrasion of oral cavity, initial encounter"
S00.512D,"Abrasion of oral cavity, subsequent encounter"
S00.512S,"Abrasion of oral cavity, sequela"
S00.521A,"Blister (nonthermal) of lip, initial encounter"
S00.521D,"Blister (nonthermal) of lip, subsequent encounter"
S00.521S,"Blister (nonthermal) of lip, sequela"
S00.522A,"Blister (nonthermal) of oral cavity, initial encounter"
S00.522D,"Blister (nonthermal) of oral cavity, subsequent encounter"
S00.522S,"Blister (nonthermal) of oral cavity, sequela"
S00.531A,"Contusion of lip, initial encounter"
S00.531D,"Contusion of lip, subsequent encounter"
S00.531S,"Contusion of lip, sequela"
S00.532A,"Contusion of oral cavity, initial encounter"
S00.532D,"Contusion of oral cavity, subsequent encounter"
S00.532S,"Contusion of oral cavity, sequela"
S00.541A,"External constriction of lip, initial encounter"
S00.541D,"External constriction of lip, subsequent encounter"
S00.541S,"External constriction of lip, sequela"
S00.542A,"External constriction of oral cavity, initial encounter"
S00.542D,"External constriction of oral cavity, subsequent encounter"
S00.542S,"External constriction of oral cavity, sequela"
S00.551A,"Superficial foreign body of lip, initial encounter"
S00.551D,"Superficial foreign body of lip, subsequent encounter"
S00.551S,"Superficial foreign body of lip, sequela"
S00.552A,"Superficial foreign body of oral cavity, initial encounter"
S00.552D,"Superficial foreign body of oral cavity, subsequent encounter"
S00.552S,"Superficial foreign body of oral cavity, sequela"
S00.561A,"Insect bite (nonvenomous) of lip, initial encounter"
S00.561D,"Insect bite (nonvenomous) of lip, subsequent encounter"
S00.561S,"Insect bite (nonvenomous) of lip, sequela"
S00.562A,"Insect bite (nonvenomous) of oral cavity, initial encounter"
S00.562D,"Insect bite (nonvenomous) of oral cavity, subsequent encounter"
S00.562S,"Insect bite (nonvenomous) of oral cavity, sequela"
S00.571A,"Other superficial bite of lip, initial encounter"
S00.571D,"Other superficial bite of lip, subsequent encounter"
S00.571S,"Other superficial bite of lip, sequela"
S00.572A,"Other superficial bite of oral cavity, initial encounter"
S00.572D,"Other superficial bite of oral cavity, subsequent encounter"
S00.572S,"Other superficial bite of oral cavity, sequela"
S00.80XA,"Unspecified superficial injury of other part of head, initial encounter"
S00.80XD,"Unspecified superficial injury of other part of head, subsequent encounter"
S00.80XS,"Unspecified superficial injury of other part of head, sequela"
S00.81XA,"Abrasion of other part of head, initial encounter"
S00.81XD,"Abrasion of other part of head, subsequent encounter"
S00.81XS,"Abrasion of other part of head, sequela"
S00.82XA,"Blister (nonthermal) of other part of head, initial encounter"
S00.82XD,"Blister (nonthermal) of other part of head, subsequent encounter"
S00.82XS,"Blister (nonthermal) of other part of head, sequela"
S00.83XA,"Contusion of other part of head, initial encounter"
S00.83XD,"Contusion of other part of head, subsequent encounter"
S00.83XS,"Contusion of other part of head, sequela"
S00.84XA,"External constriction of other part of head, initial encounter"
S00.84XD,"External constriction of other part of head, subsequent encounter"
S00.84XS,"External constriction of other part of head, sequela"
S00.85XA,"Superficial foreign body of other part of head, initial encounter"
S00.85XD,"Superficial foreign body of other part of head, subsequent encounter"
S00.85XS,"Superficial foreign body of other part of head, sequela"
S00.86XA,"Insect bite (nonvenomous) of other part of head, initial encounter"
S00.86XD,"Insect bite (nonvenomous) of other part of head, subsequent encounter"
S00.86XS,"Insect bite (nonvenomous) of other part of head, sequela"
S00.87XA,"Other superficial bite of other part of head, initial encounter"
S00.87XD,"Other superficial bite of other part of head, subsequent encounter"
S00.87XS,"Other superficial bite of other part of head, sequela"
S00.90XA,"Unspecified superficial injury of unspecified part of head, initial encounter"
S00.90XD,"Unspecified superficial injury of unspecified part of head, subsequent encounter"
S00.90XS,"Unspecified superficial injury of unspecified part of head, sequela"
S00.91XA,"Abrasion of unspecified part of head, initial encounter"
S00.91XD,"Abrasion of unspecified part of head, subsequent encounter"
S00.91XS,"Abrasion of unspecified part of head, sequela"
S00.92XA,"Blister (nonthermal) of unspecified part of head, initial encounter"
S00.92XD,"Blister (nonthermal) of unspecified part of head, subsequent encounter"
S00.92XS,"Blister (nonthermal) of unspecified part of head, sequela"
S00.93XA,"Contusion of unspecified part of head, initial encounter"
S00.93XD,"Contusion of unspecified part of head, subsequent encounter"
S00.93XS,"Contusion of unspecified part of head, sequela"
S00.94XA,"External constriction of unspecified part of head, initial encounter"
S00.94XD,"External constriction of unspecified part of head, subsequent encounter"
S00.94XS,"External constriction of unspecified part of head, sequela"
S00.95XA,"Superficial foreign body of unspecified part of head, initial encounter"
S00.95XD,"Superficial foreign body of unspecified part of head, subsequent encounter"
S00.95XS,"Superficial foreign body of unspecified part of head, sequela"
S00.96XA,"Insect bite (nonvenomous) of unspecified part of head, initial encounter"
S00.96XD,"Insect bite (nonvenomous) of unspecified part of head, subsequent encounter"
S00.96XS,"Insect bite (nonvenomous) of unspecified part of head, sequela"
S00.97XA,"Other superficial bite of unspecified part of head, initial encounter"
S00.97XD,"Other superficial bite of unspecified part of head, subsequent encounter"
S00.97XS,"Other superficial bite of unspecified part of head, sequela"
S01.00XA,"Unspecified open wound of scalp, initial encounter"
S01.00XD,"Unspecified open wound of scalp, subsequent encounter"
S01.00XS,"Unspecified open wound of scalp, sequela"
S01.01XA,"Laceration without foreign body of scalp, initial encounter"
S01.01XD,"Laceration without foreign body of scalp, subsequent encounter"
S01.01XS,"Laceration without foreign body of scalp, sequela"
S01.02XA,"Laceration with foreign body of scalp, initial encounter"
S01.02XD,"Laceration with foreign body of scalp, subsequent encounter"
S01.02XS,"Laceration with foreign body of scalp, sequela"
S01.03XA,"Puncture wound without foreign body of scalp, initial encounter"
S01.03XD,"Puncture wound without foreign body of scalp, subsequent encounter"
S01.03XS,"Puncture wound without foreign body of scalp, sequela"
S01.04XA,"Puncture wound with foreign body of scalp, initial encounter"
S01.04XD,"Puncture wound with foreign body of scalp, subsequent encounter"
S01.04XS,"Puncture wound with foreign body of scalp, sequela"
S01.05XA,"Open bite of scalp, initial encounter"
S01.05XD,"Open bite of scalp, subsequent encounter"
S01.05XS,"Open bite of scalp, sequela"
S01.101A,"Unspecified open wound of right eyelid and periocular area, initial encounter"
S01.101D,"Unspecified open wound of right eyelid and periocular area, subsequent encounter"
S01.101S,"Unspecified open wound of right eyelid and periocular area, sequela"
S01.102A,"Unspecified open wound of left eyelid and periocular area, initial encounter"
S01.102D,"Unspecified open wound of left eyelid and periocular area, subsequent encounter"
S01.102S,"Unspecified open wound of left eyelid and periocular area, sequela"
S01.109A,"Unspecified open wound of unspecified eyelid and periocular area, initial encounter"
S01.109D,"Unspecified open wound of unspecified eyelid and periocular area, subsequent encounter"
S01.109S,"Unspecified open wound of unspecified eyelid and periocular area, sequela"
S01.111A,"Laceration without foreign body of right eyelid and periocular area, initial encounter"
S01.111D,"Laceration without foreign body of right eyelid and periocular area, subsequent encounter"
S01.111S,"Laceration without foreign body of right eyelid and periocular area, sequela"
S01.112A,"Laceration without foreign body of left eyelid and periocular area, initial encounter"
S01.112D,"Laceration without foreign body of left eyelid and periocular area, subsequent encounter"
S01.112S,"Laceration without foreign body of left eyelid and periocular area, sequela"
S01.119A,"Laceration without foreign body of unspecified eyelid and periocular area, initial encounter"
S01.119D,"Laceration without foreign body of unspecified eyelid and periocular area, subsequent encounter"
S01.119S,"Laceration without foreign body of unspecified eyelid and periocular area, sequela"
S01.121A,"Laceration with foreign body of right eyelid and periocular area, initial encounter"
S01.121D,"Laceration with foreign body of right eyelid and periocular area, subsequent encounter"
S01.121S,"Laceration with foreign body of right eyelid and periocular area, sequela"
S01.122A,"Laceration with foreign body of left eyelid and periocular area, initial encounter"
S01.122D,"Laceration with foreign body of left eyelid and periocular area, subsequent encounter"
S01.122S,"Laceration with foreign body of left eyelid and periocular area, sequela"
S01.129A,"Laceration with foreign body of unspecified eyelid and periocular area, initial encounter"
S01.129D,"Laceration with foreign body of unspecified eyelid and periocular area, subsequent encounter"
S01.129S,"Laceration with foreign body of unspecified eyelid and periocular area, sequela"
S01.131A,"Puncture wound without foreign body of right eyelid and periocular area, initial encounter"
S01.131D,"Puncture wound without foreign body of right eyelid and periocular area, subsequent encounter"
S01.131S,"Puncture wound without foreign body of right eyelid and periocular area, sequela"
S01.132A,"Puncture wound without foreign body of left eyelid and periocular area, initial encounter"
S01.132D,"Puncture wound without foreign body of left eyelid and periocular area, subsequent encounter"
S01.132S,"Puncture wound without foreign body of left eyelid and periocular area, sequela"
S01.139A,"Puncture wound without foreign body of unspecified eyelid and periocular area, initial encounter"
S01.139D,"Puncture wound without foreign body of unspecified eyelid and periocular area, subsequent encounter"
S01.139S,"Puncture wound without foreign body of unspecified eyelid and periocular area, sequela"
S01.141A,"Puncture wound with foreign body of right eyelid and periocular area, initial encounter"
S01.141D,"Puncture wound with foreign body of right eyelid and periocular area, subsequent encounter"
S01.141S,"Puncture wound with foreign body of right eyelid and periocular area, sequela"
S01.142A,"Puncture wound with foreign body of left eyelid and periocular area, initial encounter"
S01.142D,"Puncture wound with foreign body of left eyelid and periocular area, subsequent encounter"
S01.142S,"Puncture wound with foreign body of left eyelid and periocular area, sequela"
S01.149A,"Puncture wound with foreign body of unspecified eyelid and periocular area, initial encounter"
S01.149D,"Puncture wound with foreign body of unspecified eyelid and periocular area, subsequent encounter"
S01.149S,"Puncture wound with foreign body of unspecified eyelid and periocular area, sequela"
S01.151A,"Open bite of right eyelid and periocular area, initial encounter"
S01.151D,"Open bite of right eyelid and periocular area, subsequent encounter"
S01.151S,"Open bite of right eyelid and periocular area, sequela"
S01.152A,"Open bite of left eyelid and periocular area, initial encounter"
S01.152D,"Open bite of left eyelid and periocular area, subsequent encounter"
S01.152S,"Open bite of left eyelid and periocular area, sequela"
S01.159A,"Open bite of unspecified eyelid and periocular area, initial encounter"
S01.159D,"Open bite of unspecified eyelid and periocular area, subsequent encounter"
S01.159S,"Open bite of unspecified eyelid and periocular area, sequela"
S01.20XA,"Unspecified open wound of nose, initial encounter"
S01.20XD,"Unspecified open wound of nose, subsequent encounter"
S01.20XS,"Unspecified open wound of nose, sequela"
S01.21XA,"Laceration without foreign body of nose, initial encounter"
S01.21XD,"Laceration without foreign body of nose, subsequent encounter"
S01.21XS,"Laceration without foreign body of nose, sequela"
S01.22XA,"Laceration with foreign body of nose, initial encounter"
S01.22XD,"Laceration with foreign body of nose, subsequent encounter"
S01.22XS,"Laceration with foreign body of nose, sequela"
S01.23XA,"Puncture wound without foreign body of nose, initial encounter"
S01.23XD,"Puncture wound without foreign body of nose, subsequent encounter"
S01.23XS,"Puncture wound without foreign body of nose, sequela"
S01.24XA,"Puncture wound with foreign body of nose, initial encounter"
S01.24XD,"Puncture wound with foreign body of nose, subsequent encounter"
S01.24XS,"Puncture wound with foreign body of nose, sequela"
S01.25XA,"Open bite of nose, initial encounter"
S01.25XD,"Open bite of nose, subsequent encounter"
S01.25XS,"Open bite of nose, sequela"
S01.301A,"Unspecified open wound of right ear, initial encounter"
S01.301D,"Unspecified open wound of right ear, subsequent encounter"
S01.301S,"Unspecified open wound of right ear, sequela"
S01.302A,"Unspecified open wound of left ear, initial encounter"
S01.302D,"Unspecified open wound of left ear, subsequent encounter"
S01.302S,"Unspecified open wound of left ear, sequela"
S01.309A,"Unspecified open wound of unspecified ear, initial encounter"
S01.309D,"Unspecified open wound of unspecified ear, subsequent encounter"
S01.309S,"Unspecified open wound of unspecified ear, sequela"
S01.311A,"Laceration without foreign body of right ear, initial encounter"
S01.311D,"Laceration without foreign body of right ear, subsequent encounter"
S01.311S,"Laceration without foreign body of right ear, sequela"
S01.312A,"Laceration without foreign body of left ear, initial encounter"
S01.312D,"Laceration without foreign body of left ear, subsequent encounter"
S01.312S,"Laceration without foreign body of left ear, sequela"
S01.319A,"Laceration without foreign body of unspecified ear, initial encounter"
S01.319D,"Laceration without foreign body of unspecified ear, subsequent encounter"
S01.319S,"Laceration without foreign body of unspecified ear, sequela"
S01.321A,"Laceration with foreign body of right ear, initial encounter"
S01.321D,"Laceration with foreign body of right ear, subsequent encounter"
S01.321S,"Laceration with foreign body of right ear, sequela"
S01.322A,"Laceration with foreign body of left ear, initial encounter"
S01.322D,"Laceration with foreign body of left ear, subsequent encounter"
S01.322S,"Laceration with foreign body of left ear, sequela"
S01.329A,"Laceration with foreign body of unspecified ear, initial encounter"
S01.329D,"Laceration with foreign body of unspecified ear, subsequent encounter"
S01.329S,"Laceration with foreign body of unspecified ear, sequela"
S01.331A,"Puncture wound without foreign body of right ear, initial encounter"
S01.331D,"Puncture wound without foreign body of right ear, subsequent encounter"
S01.331S,"Puncture wound without foreign body of right ear, sequela"
S01.332A,"Puncture wound without foreign body of left ear, initial encounter"
S01.332D,"Puncture wound without foreign body of left ear, subsequent encounter"
S01.332S,"Puncture wound without foreign body of left ear, sequela"
S01.339A,"Puncture wound without foreign body of unspecified ear, initial encounter"
S01.339D,"Puncture wound without foreign body of unspecified ear, subsequent encounter"
S01.339S,"Puncture wound without foreign body of unspecified ear, sequela"
S01.341A,"Puncture wound with foreign body of right ear, initial encounter"
S01.341D,"Puncture wound with foreign body of right ear, subsequent encounter"
S01.341S,"Puncture wound with foreign body of right ear, sequela"
S01.342A,"Puncture wound with foreign body of left ear, initial encounter"
S01.342D,"Puncture wound with foreign body of left ear, subsequent encounter"
S01.342S,"Puncture wound with foreign body of left ear, sequela"
S01.349A,"Puncture wound with foreign body of unspecified ear, initial encounter"
S01.349D,"Puncture wound with foreign body of unspecified ear, subsequent encounter"
S01.349S,"Puncture wound with foreign body of unspecified ear, sequela"
S01.351A,"Open bite of right ear, initial encounter"
S01.351D,"Open bite of right ear, subsequent encounter"
S01.351S,"Open bite of right ear, sequela"
S01.352A,"Open bite of left ear, initial encounter"
S01.352D,"Open bite of left ear, subsequent encounter"
S01.352S,"Open bite of left ear, sequela"
S01.359A,"Open bite of unspecified ear, initial encounter"
S01.359D,"Open bite of unspecified ear, subsequent encounter"
S01.359S,"Open bite of unspecified ear, sequela"
S01.401A,"Unspecified open wound of right cheek and temporomandibular area, initial encounter"
S01.401D,"Unspecified open wound of right cheek and temporomandibular area, subsequent encounter"
S01.401S,"Unspecified open wound of right cheek and temporomandibular area, sequela"
S01.402A,"Unspecified open wound of left cheek and temporomandibular area, initial encounter"
S01.402D,"Unspecified open wound of left cheek and temporomandibular area, subsequent encounter"
S01.402S,"Unspecified open wound of left cheek and temporomandibular area, sequela"
S01.409A,"Unspecified open wound of unspecified cheek and temporomandibular area, initial encounter"
S01.409D,"Unspecified open wound of unspecified cheek and temporomandibular area, subsequent encounter"
S01.409S,"Unspecified open wound of unspecified cheek and temporomandibular area, sequela"
S01.411A,"Laceration without foreign body of right cheek and temporomandibular area, initial encounter"
S01.411D,"Laceration without foreign body of right cheek and temporomandibular area, subsequent encounter"
S01.411S,"Laceration without foreign body of right cheek and temporomandibular area, sequela"
S01.412A,"Laceration without foreign body of left cheek and temporomandibular area, initial encounter"
S01.412D,"Laceration without foreign body of left cheek and temporomandibular area, subsequent encounter"
S01.412S,"Laceration without foreign body of left cheek and temporomandibular area, sequela"
S01.419A,"Laceration without foreign body of unspecified cheek and temporomandibular area, initial encounter"
S01.419D,"Laceration without foreign body of unspecified cheek and temporomandibular area, subsequent encounter"
S01.419S,"Laceration without foreign body of unspecified cheek and temporomandibular area, sequela"
S01.421A,"Laceration with foreign body of right cheek and temporomandibular area, initial encounter"
S01.421D,"Laceration with foreign body of right cheek and temporomandibular area, subsequent encounter"
S01.421S,"Laceration with foreign body of right cheek and temporomandibular area, sequela"
S01.422A,"Laceration with foreign body of left cheek and temporomandibular area, initial encounter"
S01.422D,"Laceration with foreign body of left cheek and temporomandibular area, subsequent encounter"
S01.422S,"Laceration with foreign body of left cheek and temporomandibular area, sequela"
S01.429A,"Laceration with foreign body of unspecified cheek and temporomandibular area, initial encounter"
S01.429D,"Laceration with foreign body of unspecified cheek and temporomandibular area, subsequent encounter"
S01.429S,"Laceration with foreign body of unspecified cheek and temporomandibular area, sequela"
S01.431A,"Puncture wound without foreign body of right cheek and temporomandibular area, initial encounter"
S01.431D,"Puncture wound without foreign body of right cheek and temporomandibular area, subsequent encounter"
S01.431S,"Puncture wound without foreign body of right cheek and temporomandibular area, sequela"
S01.432A,"Puncture wound without foreign body of left cheek and temporomandibular area, initial encounter"
S01.432D,"Puncture wound without foreign body of left cheek and temporomandibular area, subsequent encounter"
S01.432S,"Puncture wound without foreign body of left cheek and temporomandibular area, sequela"
S01.439A,"Puncture wound without foreign body of unspecified cheek and temporomandibular area, initial encounter"
S01.439D,"Puncture wound without foreign body of unspecified cheek and temporomandibular area, subsequent encounter"
S01.439S,"Puncture wound without foreign body of unspecified cheek and temporomandibular area, sequela"
S01.441A,"Puncture wound with foreign body of right cheek and temporomandibular area, initial encounter"
S01.441D,"Puncture wound with foreign body of right cheek and temporomandibular area, subsequent encounter"
S01.441S,"Puncture wound with foreign body of right cheek and temporomandibular area, sequela"
S01.442A,"Puncture wound with foreign body of left cheek and temporomandibular area, initial encounter"
S01.442D,"Puncture wound with foreign body of left cheek and temporomandibular area, subsequent encounter"
S01.442S,"Puncture wound with foreign body of left cheek and temporomandibular area, sequela"
S01.449A,"Puncture wound with foreign body of unspecified cheek and temporomandibular area, initial encounter"
S01.449D,"Puncture wound with foreign body of unspecified cheek and temporomandibular area, subsequent encounter"
S01.449S,"Puncture wound with foreign body of unspecified cheek and temporomandibular area, sequela"
S01.451A,"Open bite of right cheek and temporomandibular area, initial encounter"
S01.451D,"Open bite of right cheek and temporomandibular area, subsequent encounter"
S01.451S,"Open bite of right cheek and temporomandibular area, sequela"
S01.452A,"Open bite of left cheek and temporomandibular area, initial encounter"
S01.452D,"Open bite of left cheek and temporomandibular area, subsequent encounter"
S01.452S,"Open bite of left cheek and temporomandibular area, sequela"
S01.459A,"Open bite of unspecified cheek and temporomandibular area, initial encounter"
S01.459D,"Open bite of unspecified cheek and temporomandibular area, subsequent encounter"
S01.459S,"Open bite of unspecified cheek and temporomandibular area, sequela"
S01.501A,"Unspecified open wound of lip, initial encounter"
S01.501D,"Unspecified open wound of lip, subsequent encounter"
S01.501S,"Unspecified open wound of lip, sequela"
S01.502A,"Unspecified open wound of oral cavity, initial encounter"
S01.502D,"Unspecified open wound of oral cavity, subsequent encounter"
S01.502S,"Unspecified open wound of oral cavity, sequela"
S01.511A,"Laceration without foreign body of lip, initial encounter"
S01.511D,"Laceration without foreign body of lip, subsequent encounter"
S01.511S,"Laceration without foreign body of lip, sequela"
S01.512A,"Laceration without foreign body of oral cavity, initial encounter"
S01.512D,"Laceration without foreign body of oral cavity, subsequent encounter"
S01.512S,"Laceration without foreign body of oral cavity, sequela"
S01.521A,"Laceration with foreign body of lip, initial encounter"
S01.521D,"Laceration with foreign body of lip, subsequent encounter"
V00.01XA,"Pedestrian on foot injured in collision with roller-skater, initial encounter"
V00.01XD,"Pedestrian on foot injured in collision with roller-skater, subsequent encounter"
V00.01XS,"Pedestrian on foot injured in collision with roller-skater, sequela"
V00.02XA,"Pedestrian on foot injured in collision with skateboarder, initial encounter"
V00.02XD,"Pedestrian on foot injured in collision with skateboarder, subsequent encounter"
V00.02XS,"Pedestrian on foot injured in collision with skateboarder, sequela"
V00.031A,"Pedestrian on foot injured in collision with rider of standing electric scooter, initial encounter"
V00.031D,"Pedestrian on foot injured in collision with rider of standing electric scooter, subsequent encounter"
V00.031S,"Pedestrian on foot injured in collision with rider of standing electric scooter, sequela"
V00.038A,"Pedestrian on foot injured in collision with rider of other standing micro-mobility pedestrian conveyance, initial encounter"
V00.038D,"Pedestrian on foot injured in collision with rider of other standing micro-mobility pedestrian conveyance, subsequent encounter"
V00.038S,"Pedestrian on foot injured in collision with rider of other standing micro-mobility pedestrian conveyance, sequela"
V00.09XA,"Pedestrian on foot injured in collision with other pedestrian conveyance, initial encounter"
V00.09XD,"Pedestrian on foot injured in collision with other pedestrian conveyance, subsequent encounter"
V00.09XS,"Pedestrian on foot injured in collision with other pedestrian conveyance, sequela"
V00.111A,"Fall from in-line roller-skates, initial encounter"
V00.111D,"Fall from in-line roller-skates, subsequent encounter"
V00.111S,"Fall from in-line roller-skates, sequela"
V00.112A,"In-line roller-skater colliding with stationary object, initial encounter"
V00.112D,"In-line roller-skater colliding with stationary object, subsequent encounter"
V00.112S,"In-line roller-skater colliding with stationary object, sequela"
V00.118A,"Other in-line roller-skate accident, initial encounter"
V00.118D,"Other in-line roller-skate accident, subsequent encounter"
V00.118S,"Other in-line roller-skate accident, sequela"
V00.121A,"Fall from non-in-line roller-skates, initial encounter"
V00.121D,"Fall from non-in-line roller-skates, subsequent encounter"
V00.121S,"Fall from non-in-line roller-skates, sequela"
V00.122A,"Non-in-line roller-skater colliding with stationary object, initial encounter"
V00.122D,"Non-in-line roller-skater colliding with stationary object, subsequent encounter"
V00.122S,"Non-in-line roller-skater colliding with stationary object, sequela"
V00.128A,"Other non-in-line roller-skating accident, initial encounter"
V00.128D,"Other non-in-line roller-skating accident, subsequent encounter"
V00.128S,"Other non-in-line roller-skating accident, sequela"
V00.131A,"Fall from skateboard, initial encounter"
V00.131D,"Fall from skateboard, subsequent encounter"
V00.131S,"Fall from skateboard, sequela"
V00.132A,"Skateboarder colliding with stationary object, initial encounter"
V00.132D,"Skateboarder colliding with stationary object, subsequent encounter"
V00.132S,"Skateboarder colliding with stationary object, sequela"
V00.138A,"Other skateboard accident, initial encounter"
V00.138D,"Other skateboard accident, subsequent encounter"
V00.138S,"Other skateboard accident, sequela"
V00.141A,"Fall from scooter (nonmotorized), initial encounter"
V00.141D,"Fall from scooter (nonmotorized), subsequent encounter"
V00.141S,"Fall from scooter (nonmotorized), sequela"
V00.142A,"Scooter (nonmotorized) colliding with stationary object, initial encounter"
V00.142D,"Scooter (nonmotorized) colliding with stationary object, subsequent encounter"
V00.142S,"Scooter (nonmotorized) colliding with stationary object, sequela"
V00.148A,"Other scooter (nonmotorized) accident, initial encounter"
V00.148D,"Other scooter (nonmotorized) accident, subsequent encounter"
V00.148S,"Other scooter (nonmotorized) accident, sequela"
V00.151A,"Fall from heelies, initial encounter"
V00.151D,"Fall from heelies, subsequent encounter"
V00.151S,"Fall from heelies, sequela"
V00.152A,"Heelies colliding with stationary object, initial encounter"
V00.152D,"Heelies colliding with stationary object, subsequent encounter"
V00.152S,"Heelies colliding with stationary object, sequela"
V00.158A,"Other heelies accident, initial encounter"
V00.158D,"Other heelies accident, subsequent encounter"
V00.158S,"Other heelies accident, sequela"
V00.181A,"Fall from other rolling-type pedestrian conveyance, initial encounter"
V00.181D,"Fall from other rolling-type pedestrian conveyance, subsequent encounter"
V00.181S,"Fall from other rolling-type pedestrian conveyance, sequela"
V00.182A,"Pedestrian on other rolling-type pedestrian conveyance colliding with stationary object, initial encounter"
V00.182D,"Pedestrian on other rolling-type pedestrian conveyance colliding with stationary object, subsequent encounter"
V00.182S,"Pedestrian on other rolling-type pedestrian conveyance colliding with stationary object, sequela"
V00.188A,"Other accident on other rolling-type pedestrian conveyance, initial encounter"
V00.188D,"Other accident on other rolling-type pedestrian conveyance, subsequent encounter"
V00.188S,"Other accident on other rolling-type pedestrian conveyance, sequela"
V00.211A,"Fall from ice-skates, initial encounter"
V00.211D,"Fall from ice-skates, subsequent encounter"
V00.211S,"Fall from ice-skates, sequela"
V00.212A,"Ice-skater colliding with stationary object, initial encounter"
V00.212D,"Ice-skater colliding with stationary object, subsequent encounter"
V00.212S,"Ice-skater colliding with stationary object, sequela"
V00.218A,"Other ice-skates accident, initial encounter"
V00.218D,"Other ice-skates accident, subsequent encounter"
V00.218S,"Other ice-skates accident, sequela"
V00.221A,"Fall from sled, initial encounter"
V00.221D,"Fall from sled, subsequent encounter"
V00.221S,"Fall from sled, sequela"
V00.222A,"Sledder colliding with stationary object, initial encounter"
V00.222D,"Sledder colliding with stationary object, subsequent encounter"
V00.222S,"Sledder colliding with stationary object, sequela"
V00.228A,"Other sled accident, initial encounter"
V00.228D,"Other sled accident, subsequent encounter"
V00.228S,"Other sled accident, sequela"
V00.281A,"Fall from other gliding-type pedestrian conveyance, initial encounter"
V00.281D,"Fall from other gliding-type pedestrian conveyance, subsequent encounter"
V00.281S,"Fall from other gliding-type pedestrian conveyance, sequela"
V00.282A,"Pedestrian on other gliding-type pedestrian conveyance colliding with stationary object, initial encounter"
V00.282D,"Pedestrian on other gliding-type pedestrian conveyance colliding with stationary object, subsequent encounter"
V00.282S,"Pedestrian on other gliding-type pedestrian conveyance colliding with stationary object, sequela"
V00.288A,"Other accident on other gliding-type pedestrian conveyance, initial encounter"
V00.288D,"Other accident on other gliding-type pedestrian conveyance, subsequent encounter"
V00.288S,"Other accident on other gliding-type pedestrian conveyance, sequela"
V00.311A,"Fall from snowboard, initial encounter"
V00.311D,"Fall from snowboard, subsequent encounter"
V00.311S,"Fall from snowboard, sequela"
V00.312A,"Snowboarder colliding with stationary object, initial encounter"
V00.312D,"Snowboarder colliding with stationary object, subsequent encounter"
V00.312S,"Snowboarder colliding with stationary object, sequela"
V00.318A,"Other snowboard accident, initial encounter"
V00.318D,"Other snowboard accident, subsequent encounter"
V00.318S,"Other snowboard accident, sequela"
V00.321A,"Fall from snow-skis, initial encounter"
V00.321D,"Fall from snow-skis, subsequent encounter"
V00.321S,"Fall from snow-skis, sequela"
V00.322A,"Snow-skier colliding with stationary object, initial encounter"
V00.322D,"Snow-skier colliding with stationary object, subsequent encounter"
V00.322S,"Snow-skier colliding with stationary object, sequela"
V00.328A,"Other snow-ski accident, initial encounter"
V00.328D,"Other snow-ski accident, subsequent encounter"
V00.328S,"Other snow-ski accident, sequela"
V00.381A,"Fall from other flat-bottomed pedestrian conveyance, initial encounter"
V00.381D,"Fall from other flat-bottomed pedestrian conveyance, subsequent encounter"
V00.381S,"Fall from other flat-bottomed pedestrian conveyance, sequela"
V00.382A,"Pedestrian on other flat-bottomed pedestrian conveyance colliding with stationary object, initial encounter"
V00.382D,"Pedestrian on other flat-bottomed pedestrian conveyance colliding with stationary object, subsequent encounter"
V00.382S,"Pedestrian on other flat-bottomed pedestrian conveyance colliding with stationary object, sequela"
V00.388A,"Other accident on other flat-bottomed pedestrian conveyance, initial encounter"
V00.388D,"Other accident on other flat-bottomed pedestrian conveyance, subsequent encounter"
V00.388S,"Other accident on other flat-bottomed pedestrian conveyance, sequela"
V00.811A,"Fall from moving wheelchair (powered), initial encounter"
V00.811D,"Fall from moving wheelchair (powered), subsequent encounter"
V00.811S,"Fall from moving wheelchair (powered), sequela"
V00.812A,"Wheelchair (powered) colliding with stationary object, initial encounter"
V00.812D,"Wheelchair (powered) colliding with stationary object, subsequent encounter"
V00.812S,"Wheelchair (powered) colliding with stationary object, sequela"
V00.818A,"Other accident with wheelchair (powered), initial encounter"
V00.818D,"Other accident with wheelchair (powered), subsequent encounter"
V00.818S,"Other accident with wheelchair (powered), sequela"
V00.821A,"Fall from baby stroller, initial encounter"
V00.821D,"Fall from baby stroller, subsequent encounter"
V00.821S,"Fall from baby stroller, sequela"
V00.822A,"Baby stroller colliding with stationary object, initial encounter"
V00.822D,"Baby stroller colliding with stationary object, subsequent encounter"
V00.822S,"Baby stroller colliding with stationary object, sequela"
V00.828A,"Other accident with baby stroller, initial encounter"
V00.828D,"Other accident with baby stroller, subsequent encounter"
V00.828S,"Other accident with baby stroller, sequela"
V00.831A,"Fall from motorized mobility scooter, initial encounter"
V00.831D,"Fall from motorized mobility scooter, subsequent encounter"
V00.831S,"Fall from motorized mobility scooter, sequela"
V00.832A,"Motorized mobility scooter colliding with stationary object, initial encounter"
V00.832D,"Motorized mobility scooter colliding with stationary object, subsequent encounter"
V00.832S,"Motorized mobility scooter colliding with stationary object, sequela"
V00.838A,"Other accident with motorized mobility scooter, initial encounter"
V00.838D,"Other accident with motorized mobility scooter, subsequent encounter"
V00.838S,"Other accident with motorized mobility scooter, sequela"
V00.841A,"Fall from standing electric scooter, initial encounter"
V00.841D,"Fall from standing electric scooter, subsequent encounter"
V00.841S,"Fall from standing electric scooter, sequela"
V00.842A,"Pedestrian on standing electric scooter colliding with stationary object, initial encounter"
V00.842D,"Pedestrian on standing electric scooter colliding with stationary object, subsequent encounter"
V00.842S,"Pedestrian on standing electric scooter colliding with stationary object, sequela"
V00.848A,"Other accident with standing micro-mobility pedestrian conveyance, initial encounter"
V00.848D,"Other accident with standing micro-mobility pedestrian conveyance, subsequent encounter"
V00.848S,"Other accident with standing micro-mobility pedestrian conveyance, sequela"
V00.891A,"Fall from other pedestrian conveyance, initial encounter"
V00.891D,"Fall from other pedestrian conveyance, subsequent encounter"
V00.891S,"Fall from other pedestrian conveyance, sequela"
V00.892A,"Pedestrian on other pedestrian conveyance colliding with stationary object, initial encounter"
V00.892D,"Pedestrian on other pedestrian conveyance colliding with stationary object, subsequent encounter"
V00.892S,"Pedestrian on other pedestrian conveyance colliding with stationary object, sequela"
V00.898A,"Other accident on other pedestrian conveyance, initial encounter"
V00.898D,"Other accident on other pedestrian conveyance, subsequent encounter"
V00.898S,"Other accident on other pedestrian conveyance, sequela"
V01.00XA,"Pedestrian on foot injured in collision with pedal cycle in nontraffic accident, initial encounter"
V01.00XD,"Pedestrian on foot injured in collision with pedal cycle in nontraffic accident, subsequent encounter"
V01.00XS,"Pedestrian on foot injured in collision with pedal cycle in nontraffic accident, sequela"
V01.01XA,"Pedestrian on roller-skates injured in collision with pedal cycle in nontraffic accident, initial encounter"
V01.01XD,"Pedestrian on roller-skates injured in collision with pedal cycle in nontraffic accident, subsequent encounter"
V01.01XS,"Pedestrian on roller-skates injured in collision with pedal cycle in nontraffic accident, sequela"
V01.02XA,"Pedestrian on skateboard injured in collision with pedal cycle in nontraffic accident, initial encounter"
V01.02XD,"Pedestrian on skateboard injured in collision with pedal cycle in nontraffic accident, subsequent encounter"
V01.02XS,"Pedestrian on skateboard injured in collision with pedal cycle in nontraffic accident, sequela"
V01.031A,"Pedestrian on standing electric scooter injured in collision with pedal cycle in nontraffic accident, initial encounter"
V01.031D,"Pedestrian on standing electric scooter injured in collision with pedal cycle in nontraffic accident, subsequent encounter"
V01.031S,"Pedestrian on standing electric scooter injured in collision with pedal cycle in nontraffic accident, sequela"
V01.038A,"Pedestrian on other standing micro-mobility pedestrian conveyance injured in collision with pedal cycle in nontraffic accident, initial encounter"
V01.038D,"Pedestrian on other standing micro-mobility pedestrian conveyance injured in collision with pedal cycle in nontraffic accident, subsequent encounter"
V01.038S,"Pedestrian on other standing micro-mobility pedestrian conveyance injured in collision with pedal cycle in nontraffic accident, sequela"
V01.09XA,"Pedestrian with other conveyance injured in collision with pedal cycle in nontraffic accident, initial encounter"
V01.09XD,"Pedestrian with other conveyance injured in collision with pedal cycle in nontraffic accident, subsequent encounter"
V01.09XS,"Pedestrian with other conveyance injured in collision with pedal cycle in nontraffic accident, sequela"
V01.10XA,"Pedestrian on foot injured in collision with pedal cycle in traffic accident, initial encounter"
V01.10XD,"Pedestrian on foot injured in collision with pedal cycle in traffic accident, subsequent encounter"
V01.10XS,"Pedestrian on foot injured in collision with pedal cycle in traffic accident, sequela"
V01.11XA,"Pedestrian on roller-skates injured in collision with pedal cycle in traffic accident, initial encounter"
V01.11XD,"Pedestrian on roller-skates injured in collision with pedal cycle in traffic accident, subsequent encounter"
V01.11XS,"Pedestrian on roller-skates injured in collision with pedal cycle in traffic accident, sequela"
V01.12XA,"Pedestrian on skateboard injured in collision with pedal cycle in traffic accident, initial encounter"
V01.12XD,"Pedestrian on skateboard injured in collision with pedal cycle in traffic accident, subsequent encounter"
V01.12XS,"Pedestrian on skateboard injured in collision with pedal cycle in traffic accident, sequela"
V01.131A,"Pedestrian on standing electric scooter injured in collision with pedal cycle in traffic accident, initial encounter"
V01.131D,"Pedestrian on standing electric scooter injured in collision with pedal cycle in traffic accident, subsequent encounter"
V01.131S,"Pedestrian on standing electric scooter injured in collision with pedal cycle in traffic accident, sequela"
V01.138A,"Pedestrian on other standing micro-mobility pedestrian conveyance injured in collision with pedal cycle in traffic accident, initial encounter"
V01.138D,"Pedestrian on other standing micro-mobility pedestrian conveyance injured in collision with pedal cycle in traffic accident, subsequent encounter"
V01.138S,"Pedestrian on other standing micro-mobility pedestrian conveyance injured in collision with pedal cycle in traffic accident, sequela"
V01.19XA,"Pedestrian with other conveyance injured in collision with pedal cycle in traffic accident, initial encounter"
V01.19XD,"Pedestrian with other conveyance injured in collision with pedal cycle in traffic accident, subsequent encounter"
V01.19XS,"Pedestrian with other conveyance injured in collision with pedal cycle in traffic accident, sequela"
V01.90XA,"Pedestrian on foot injured in collision with pedal cycle, unspecified whether traffic or nontraffic accident, initial encounter"
V01.90XD,"Pedestrian on foot injured in collision with pedal cycle, unspecified whether traffic or nontraffic accident, subsequent encounter"
V01.90XS,"Pedestrian on foot injured in collision with pedal cycle, unspecified whether traffic or nontraffic accident, sequela"
V01.91XA,"Pedestrian on roller-skates injured in collision with pedal cycle, unspecified whether traffic or nontraffic accident, initial encounter"
V01.91XD,"Pedestrian on roller-skates injured in collision with pedal cycle, unspecified whether traffic or nontraffic accident, subsequent encounter"
V01.91XS,"Pedestrian on roller-skates injured in collision with pedal cycle, unspecified whether traffic or nontraffic accident, sequela"
V01.92XA,"Pedestrian on skateboard injured in collision with pedal cycle, unspecified whether traffic or nontraffic accident, initial encounter"
V01.92XD,"Pedestrian on skateboard injured in collision with pedal cycle, unspecified whether traffic or nontraffic accident, subsequent encounter"
V01.92XS,"Pedestrian on skateboard injured in collision with pedal cycle, unspecified whether traffic or nontraffic accident, sequela"
V01.931A,"Pedestrian on standing electric scooter injured in collision with pedal cycle, unspecified whether traffic or nontraffic accident, initial encounter"
V01.931D,"Pedestrian on standing electric scooter injured in collision with pedal cycle, unspecified whether traffic or nontraffic accident, subsequent encounter"
V01.931S,"Pedestrian on standing electric scooter injured in collision with pedal cycle, unspecified whether traffic or nontraffic accident, sequela"
V01.938A,"Pedestrian on other standing micro-mobility pedestrian conveyance injured in collision with pedal cycle, unspecified whether traffic or nontraffic accident, initial encounter"
V01.938D,"Pedestrian on other standing micro-mobility pedestrian conveyance injured in collision with pedal cycle, unspecified whether traffic or nontraffic accident, subsequent encounter"
V01.938S,"Pedestrian on other standing micro-mobility pedestrian conveyance injured in collision with pedal cycle, unspecified whether traffic or nontraffic accident, sequela"
V01.99XA,"Pedestrian with other conveyance injured in collision with pedal cycle, unspecified whether traffic or nontraffic accident, initial encounter"
V01.99XD,"Pedestrian with other conveyance injured in collision with pedal cycle, unspecified whether traffic or nontraffic accident, subsequent encounter"
V01.99XS,"Pedestrian with other conveyance injured in collision with pedal cycle, unspecified whether traffic or nontraffic accident, sequela"
V02.00XA,"Pedestrian on foot injured in collision with two- or three-wheeled motor vehicle in nontraffic accident, initial encounter"
V02.00XD,"Pedestrian on foot injured in collision with two- or three-wheeled motor vehicle in nontraffic accident, subsequent encounter"
V02.00XS,"Pedestrian on foot injured in collision with two- or three-wheeled motor vehicle in nontraffic accident, sequela"
V02.01XA,"Pedestrian on roller-skates injured in collision with two- or three-wheeled motor vehicle in nontraffic accident, initial encounter"
V02.01XD,"Pedestrian on roller-skates injured in collision with two- or three-wheeled motor vehicle in nontraffic accident, subsequent encounter"
V02.01XS,"Pedestrian on roller-skates injured in collision with two- or three-wheeled motor vehicle in nontraffic accident, sequela"
V02.02XA,"Pedestrian on skateboard injured in collision with two- or three-wheeled motor vehicle in nontraffic accident, initial encounter"
V02.02XD,"Pedestrian on skateboard injured in collision with two- or three-wheeled motor vehicle in nontraffic accident, subsequent encounter"
V02.02XS,"Pedestrian on skateboard injured in collision with two- or three-wheeled motor vehicle in nontraffic accident, sequela"
V02.031A,"Pedestrian on standing electric scooter injured in collision with two- or three-wheeled motor vehicle in nontraffic accident, initial encounter"
V02.031D,"Pedestrian on standing electric scooter injured in collision with two- or three-wheeled motor vehicle in nontraffic accident, subsequent encounter"
V02.031S,"Pedestrian on standing electric scooter injured in collision with two- or three-wheeled motor vehicle in nontraffic accident, sequela"
V02.038A,"Pedestrian on other standing micro-mobility pedestrian conveyance injured in collision with two- or three-wheeled motor vehicle in nontraffic accident, initial encounter"
V02.038D,"Pedestrian on other standing micro-mobility pedestrian conveyance injured in collision with two- or three-wheeled motor vehicle in nontraffic accident, subsequent encounter"
V02.038S,"Pedestrian on other standing micro-mobility pedestrian conveyance injured in collision with two- or three-wheeled motor vehicle in nontraffic accident, sequela"
V02.09XA,"Pedestrian with other conveyance injured in collision with two- or three-wheeled motor vehicle in nontraffic accident, initial encounter"
V02.09XD,"Pedestrian with other conveyance injured in collision with two- or three-wheeled motor vehicle in nontraffic accident, subsequent encounter"
V02.09XS,"Pedestrian with other conveyance injured in collision with two- or three-wheeled motor vehicle in nontraffic accident, sequela"
V02.10XA,"Pedestrian on foot injured in collision with two- or three-wheeled motor vehicle in traffic accident, initial encounter"
V02.10XD,"Pedestrian on foot injured in collision with two- or three-wheeled motor vehicle in traffic accident, subsequent encounter"
V02.10XS,"Pedestrian on foot injured in collision with two- or three-wheeled motor vehicle in traffic accident, sequela"
V02.11XA,"Pedestrian on roller-skates injured in collision with two- or three-wheeled motor vehicle in traffic accident, initial encounter"
V02.11XD,"Pedestrian on roller-skates injured in collision with two- or three-wheeled motor vehicle in traffic accident, subsequent encounter"
V02.11XS,"Pedestrian on roller-skates injured in collision with two- or three-wheeled motor vehicle in traffic accident, sequela"
V02.12XA,"Pedestrian on skateboard injured in collision with two- or three-wheeled motor vehicle in traffic accident, initial encounter"
V02.12XD,"Pedestrian on skateboard injured in collision with two- or three-wheeled motor vehicle in traffic accident, subsequent encounter"
V02.12XS,"Pedestrian on skateboard injured in collision with two- or three-wheeled motor vehicle in traffic accident, sequela"
V02.131A,"Pedestrian on standing electric scooter injured in collision with two- or three-wheeled motor vehicle in traffic accident, initial encounter"
V02.131D,"Pedestrian on standing electric scooter injured in collision with two- or three-wheeled motor vehicle in traffic accident, subsequent encounter"
V02.131S,"Pedestrian on standing electric scooter injured in collision with two- or three-wheeled motor vehicle in traffic accident, sequela"
V02.138A,"Pedestrian on other standing micro-mobility pedestrian conveyance injured in collision with two- or three-wheeled motor vehicle in traffic accident, initial encounter"
V02.138D,"Pedestrian on other standing micro-mobility pedestrian conveyance injured in collision with two- or three-wheeled motor vehicle in traffic accident, subsequent encounter"
V02.138S,"Pedestrian on other standing micro-mobility pedestrian conveyance injured in collision with two- or three-wheeled motor vehicle in traffic accident, sequela"
V02.19XA,"Pedestrian with other conveyance injured in collision with two- or three-wheeled motor vehicle in traffic accident, initial encounter"
V02.19XD,"Pedestrian with other conveyance injured in collision with two- or three-wheeled motor vehicle in traffic accident, subsequent encounter"
V02.19XS,"Pedestrian with other conveyance injured in collision with two- or three-wheeled motor vehicle in traffic accident, sequela"
V02.90XA,"Pedestrian on foot injured in collision with two- or three-wheeled motor vehicle, unspecified whether traffic or nontraffic accident, initial encounter"
V02.90XD,"Pedestrian on foot injured in collision with two- or three-wheeled motor vehicle, unspecified whether traffic or nontraffic accident, subsequent encounter"
V02.90XS,"Pedestrian on foot injured in collision with two- or three-wheeled motor vehicle, unspecified whether traffic or nontraffic accident, sequela"
V02.91XA,"Pedestrian on roller-skates injured in collision with two- or three-wheeled motor vehicle, unspecified whether traffic or nontraffic accident, initial encounter"
V02.91XD,"Pedestrian on roller-skates injured in collision with two- or three-wheeled motor vehicle, unspecified whether traffic or nontraffic accident, subsequent encounter"
V02.91XS,"Pedestrian on roller-skates injured in collision with two- or three-wheeled motor vehicle, unspecified whether traffic or nontraffic accident, sequela"
V02.92XA,"Pedestrian on skateboard injured in collision with two- or three-wheeled motor vehicle, unspecified whether traffic or nontraffic accident, initial encounter"
V02.92XD,"Pedestrian on skateboard injured in collision with two- or three-wheeled motor vehicle, unspecified whether traffic or nontraffic accident, subsequent encounter"
V02.92XS,"Pedestrian on skateboard injured in collision with two- or three-wheeled motor vehicle, unspecified whether traffic or nontraffic accident, sequela"
V02.931A,"Pedestrian on standing electric scooter injured in collision with two- or three wheeled motor vehicle, unspecified whether traffic or nontraffic accident, initial encounter"
V02.931D,"Pedestrian on standing electric scooter injured in collision with two- or three wheeled motor vehicle, unspecified whether traffic or nontraffic accident, subsequent encounter"
V02.931S,"Pedestrian on standing electric scooter injured in collision with two- or three wheeled motor vehicle, unspecified whether traffic or nontraffic accident, sequela"
V02.938A,"Pedestrian on other standing micro-mobility pedestrian conveyance injured in collision with two- or three wheeled motor vehicle, unspecified whether traffic or nontraffic accident, initial encounter"
V02.938D,"Pedestrian on other standing micro-mobility pedestrian conveyance injured in collision with two- or three wheeled motor vehicle, unspecified whether traffic or nontraffic accident, subsequent encounter"
V02.938S,"Pedestrian on other standing micro-mobility pedestrian conveyance injured in collision with two- or three wheeled motor vehicle, unspecified whether traffic or nontraffic accident, sequela"
V02.99XA,"Pedestrian with other conveyance injured in collision with two- or three-wheeled motor vehicle, unspecified whether traffic or nontraffic accident, initial encounter"
V02.99XD,"Pedestrian with other conveyance injured in collision with two- or three-wheeled motor vehicle, unspecified whether traffic or nontraffic accident, subsequent encounter"
V02.99XS,"Pedestrian with other conveyance injured in collision with two- or three-wheeled motor vehicle, unspecified whether traffic or nontraffic accident, sequela"
V03.00XA,"Pedestrian on foot injured in collision with car, pick-up truck or van in nontraffic accident, initial encounter"
V03.00XD,"Pedestrian on foot injured in collision with car, pick-up truck or van in nontraffic accident, subsequent encounter"
V03.00XS,"Pedestrian on foot injured in collision with car, pick-up truck or van in nontraffic accident, sequela"
V03.01XA,"Pedestrian on roller-skates injured in collision with car, pick-up truck or van in nontraffic accident, initial encounter"
V03.01XD,"Pedestrian on roller-skates injured in collision with car, pick-up truck or van in nontraffic accident, subsequent encounter"
V03.01XS,"Pedestrian on roller-skates injured in collision with car, pick-up truck or van in nontraffic accident, sequela"
V03.02XA,"Pedestrian on skateboard injured in collision with car, pick-up truck or van in nontraffic accident, initial encounter"
V03.02XD,"Pedestrian on skateboard injured in collision with car, pick-up truck or van in nontraffic accident, subsequent encounter"
V03.02XS,"Pedestrian on skateboard injured in collision with car, pick-up truck or van in nontraffic accident, sequela"
V03.031A,"Pedestrian on standing electric scooter injured in collision with car, pick-up or van in nontraffic accident, initial encounter"
V03.031D,"Pedestrian on standing electric scooter injured in collision with car, pick-up or van in nontraffic accident, subsequent encounter"
V03.031S,"Pedestrian on standing electric scooter injured in collision with car, pick-up or van in nontraffic accident, sequela"
V03.038A,"Pedestrian on other standing micro-mobility pedestrian conveyance injured in collision with car, pick-up or van in nontraffic accident, initial encounter"
V03.038D,"Pedestrian on other standing micro-mobility pedestrian conveyance injured in collision with car, pick-up or van in nontraffic accident, subsequent encounter"
V03.038S,"Pedestrian on other standing micro-mobility pedestrian conveyance injured in collision with car, pick-up or van in nontraffic accident, sequela"
V03.09XA,"Pedestrian with other conveyance injured in collision with car, pick-up truck or van in nontraffic accident, initial encounter"
V03.09XD,"Pedestrian with other conveyance injured in collision with car, pick-up truck or van in nontraffic accident, subsequent encounter"
V03.09XS,"Pedestrian with other conveyance injured in collision with car, pick-up truck or van in nontraffic accident, sequela"
V03.10XA,"Pedestrian on foot injured in collision with car, pick-up truck or van in traffic accident, initial encounter"
V03.10XD,"Pedestrian on foot injured in collision with car, pick-up truck or van in traffic accident, subsequent encounter"
V03.10XS,"Pedestrian on foot injured in collision with car, pick-up truck or van in traffic accident, sequela"
V03.11XA,"Pedestrian on roller-skates injured in collision with car, pick-up truck or van in traffic accident, initial encounter"
V03.11XD,"Pedestrian on roller-skates injured in collision with car, pick-up truck or van in traffic accident, subsequent encounter"
V03.11XS,"Pedestrian on roller-skates injured in collision with car, pick-up truck or van in traffic accident, sequela"
V03.12XA,"Pedestrian on skateboard injured in collision with car, pick-up truck or van in traffic accident, initial encounter"
V03.12XD,"Pedestrian on skateboard injured in collision with car, pick-up truck or van in traffic accident, subsequent encounter"
V03.12XS,"Pedestrian on skateboard injured in collision with car, pick-up truck or van in traffic accident, sequela"
V03.131A,"Pedestrian on standing electric scooter injured in collision with car, pick-up or van in traffic accident, initial encounter"
V03.131D,"Pedestrian on standing electric scooter injured in collision with car, pick-up or van in traffic accident, subsequent encounter"
V03.131S,"Pedestrian on standing electric scooter injured in collision with car, pick-up or van in traffic accident, sequela"
V03.138A,"Pedestrian on other standing micro-mobility pedestrian conveyance injured in collision with car, pick-up or van in traffic accident, initial encounter"
V03.138D,"Pedestrian on other standing micro-mobility pedestrian conveyance injured in collision with car, pick-up or van in traffic accident, subsequent encounter"
V03.138S,"Pedestrian on other standing micro-mobility pedestrian conveyance injured in collision with car, pick-up or van in traffic accident, sequela"
V03.19XA,"Pedestrian with other conveyance injured in collision with car, pick-up truck or van in traffic accident, initial encounter"
V03.19XD,"Pedestrian with other conveyance injured in collision with car, pick-up truck or van in traffic accident, subsequent encounter"
V03.19XS,"Pedestrian with other conveyance injured in collision with car, pick-up truck or van in traffic accident, sequela"
V03.90XA,"Pedestrian on foot injured in collision with car, pick-up truck or van, unspecified whether traffic or nontraffic accident, initial encounter"
V03.90XD,"Pedestrian on foot injured in collision with car, pick-up truck or van, unspecified whether traffic or nontraffic accident, subsequent encounter"
V03.90XS,"Pedestrian on foot injured in collision with car, pick-up truck or van, unspecified whether traffic or nontraffic accident, sequela"
V03.91XA,"Pedestrian on roller-skates injured in collision with car, pick-up truck or van, unspecified whether traffic or nontraffic accident, initial encounter"
V03.91XD,"Pedestrian on roller-skates injured in collision with car, pick-up truck or van, unspecified whether traffic or nontraffic accident, subsequent encounter"
V03.91XS,"Pedestrian on roller-skates injured in collision with car, pick-up truck or van, unspecified whether traffic or nontraffic accident, sequela"
V03.92XA,"Pedestrian on skateboard injured in collision with car, pick-up truck or van, unspecified whether traffic or nontraffic accident, initial encounter"
V03.92XD,"Pedestrian on skateboard injured in collision with car, pick-up truck or van, unspecified whether traffic or nontraffic accident, subsequent encounter"
V03.92XS,"Pedestrian on skateboard injured in collision with car, pick-up truck or van, unspecified whether traffic or nontraffic accident, sequela"
V03.931A,"Pedestrian on standing electric scooter injured in collision with car, pick-up or van, unspecified whether traffic or nontraffic accident, initial encounter"
V03.931D,"Pedestrian on standing electric scooter injured in collision with car, pick-up or van, unspecified whether traffic or nontraffic accident, subsequent encounter"
V03.931S,"Pedestrian on standing electric scooter injured in collision with car, pick-up or van, unspecified whether traffic or nontraffic accident, sequela"
V03.938A,"Pedestrian on other standing micro-mobility pedestrian conveyance injured in collision with car, pick-up or van, unspecified whether traffic or nontraffic accident, initial encounter"
V03.938D,"Pedestrian on other standing micro-mobility pedestrian conveyance injured in collision with car, pick-up or van, unspecified whether traffic or nontraffic accident, subsequent encounter"
V03.938S,"Pedestrian on other standing micro-mobility pedestrian conveyance injured in collision with car, pick-up or van, unspecified whether traffic or nontraffic accident, sequela"
V03.99XA,"Pedestrian with other conveyance injured in collision with car, pick-up truck or van, unspecified whether traffic or nontraffic accident, initial encounter"
V03.99XD,"Pedestrian with other conveyance injured in collision with car, pick-up truck or van, unspecified whether traffic or nontraffic accident, subsequent encounter"
V03.99XS,"Pedestrian with other conveyance injured in collision with car, pick-up truck or van, unspecified whether traffic or nontraffic accident, sequela"
V04.00XA,"Pedestrian on foot injured in collision with heavy transport vehicle or bus in nontraffic accident, initial encounter"
V04.00XD,"Pedestrian on foot injured in collision with heavy transport vehicle or bus in nontraffic accident, subsequent encounter"
V04.00XS,"Pedestrian on foot injured in collision with heavy transport vehicle or bus in nontraffic accident, sequela"
V04.01XA,"Pedestrian on roller-skates injured in collision with heavy transport vehicle or bus in nontraffic accident, initial encounter"
V04.01XD,"Pedestrian on roller-skates injured in collision with heavy transport vehicle or bus in nontraffic accident, subsequent encounter"
V04.01XS,"Pedestrian on roller-skates injured in collision with heavy transport vehicle or bus in nontraffic accident, sequela"
V04.02XA,"Pedestrian on skateboard injured in collision with heavy transport vehicle or bus in nontraffic accident, initial encounter"
V04.02XD,"Pedestrian on skateboard injured in collision with heavy transport vehicle or bus in nontraffic accident, subsequent encounter"
V04.02XS,"Pedestrian on skateboard injured in collision with heavy transport vehicle or bus in nontraffic accident, sequela"
V04.031A,"Pedestrian on standing electric scooter injured in collision with heavy transport vehicle or bus in nontraffic accident, initial encounter"
V04.031D,"Pedestrian on standing electric scooter injured in collision with heavy transport vehicle or bus in nontraffic accident, subsequent encounter"
V04.031S,"Pedestrian on standing electric scooter injured in collision with heavy transport vehicle or bus in nontraffic accident, sequela"
V04.038A,"Pedestrian on other standing micro-mobility pedestrian conveyance injured in collision with heavy transport vehicle or bus in nontraffic accident, initial encounter"
V04.038D,"Pedestrian on other standing micro-mobility pedestrian conveyance injured in collision with heavy transport vehicle or bus in nontraffic accident, subsequent encounter"
V04.038S,"Pedestrian on other standing micro-mobility pedestrian conveyance injured in collision with heavy transport vehicle or bus in nontraffic accident, sequela"
V04.09XA,"Pedestrian with other conveyance injured in collision with heavy transport vehicle or bus in nontraffic accident, initial encounter"
V04.09XD,"Pedestrian with other conveyance injured in collision with heavy transport vehicle or bus in nontraffic accident, subsequent encounter"
V04.09XS,"Pedestrian with other conveyance injured in collision with heavy transport vehicle or bus in nontraffic accident, sequela"
V04.10XA,"Pedestrian on foot injured in collision with heavy transport vehicle or bus in traffic accident, initial encounter"
V04.10XD,"Pedestrian on foot injured in collision with heavy transport vehicle or bus in traffic accident, subsequent encounter"
V04.10XS,"Pedestrian on foot injured in collision with heavy transport vehicle or bus in traffic accident, sequela"
V04.11XA,"Pedestrian on roller-skates injured in collision with heavy transport vehicle or bus in traffic accident, initial encounter"
V04.11XD,"Pedestrian on roller-skates injured in collision with heavy transport vehicle or bus in traffic accident, subsequent encounter"
V04.11XS,"Pedestrian on roller-skates injured in collision with heavy transport vehicle or bus in traffic accident, sequela"
V04.12XA,"Pedestrian on skateboard injured in collision with heavy transport vehicle or bus in traffic accident, initial encounter"
V04.12XD,"Pedestrian on skateboard injured in collision with heavy transport vehicle or bus in traffic accident, subsequent encounter"
V04.12XS,"Pedestrian on skateboard injured in collision with heavy transport vehicle or bus in traffic accident, sequela"
V04.131A,"Pedestrian on standing electric scooter injured in collision with heavy transport vehicle or bus in traffic accident, initial encounter"
V04.131D,"Pedestrian on standing electric scooter injured in collision with heavy transport vehicle or bus in traffic accident, subsequent encounter"
V04.131S,"Pedestrian on standing electric scooter injured in collision with heavy transport vehicle or bus in traffic accident, sequela"
V04.138A,"Pedestrian on other standing micro-mobility pedestrian conveyance injured in collision with heavy transport vehicle or bus in traffic accident, initial encounter"
V04.138D,"Pedestrian on other standing micro-mobility pedestrian conveyance injured in collision with heavy transport vehicle or bus in traffic accident, subsequent encounter"
V04.138S,"Pedestrian on other standing micro-mobility pedestrian conveyance injured in collision with heavy transport vehicle or bus in traffic accident, sequela"
V04.19XA,"Pedestrian with other conveyance injured in collision with heavy transport vehicle or bus in traffic accident, initial encounter"
V04.19XD,"Pedestrian with other conveyance injured in collision with heavy transport vehicle or bus in traffic accident, subsequent encounter"
V04.19XS,"Pedestrian with other conveyance injured in collision with heavy transport vehicle or bus in traffic accident, sequela"
V04.90XA,"Pedestrian on foot injured in collision with heavy transport vehicle or bus, unspecified whether traffic or nontraffic accident, initial encounter"
V04.90XD,"Pedestrian on foot injured in collision with heavy transport vehicle or bus, unspecified whether traffic or nontraffic accident, subsequent encounter"
V04.90XS,"Pedestrian on foot injured in collision with heavy transport vehicle or bus, unspecified whether traffic or nontraffic accident, sequela"
V04.91XA,"Pedestrian on roller-skates injured in collision with heavy transport vehicle or bus, unspecified whether traffic or nontraffic accident, initial encounter"
V04.91XD,"Pedestrian on roller-skates injured in collision with heavy transport vehicle or bus, unspecified whether traffic or nontraffic accident, subsequent encounter"
V04.91XS,"Pedestrian on roller-skates injured in collision with heavy transport vehicle or bus, unspecified whether traffic or nontraffic accident, sequela"
V04.92XA,"Pedestrian on skateboard injured in collision with heavy transport vehicle or bus, unspecified whether traffic or nontraffic accident, initial encounter"
V04.92XD,"Pedestrian on skateboard injured in collision with heavy transport vehicle or bus, unspecified whether traffic or nontraffic accident, subsequent encounter"
V04.92XS,"Pedestrian on skateboard injured in collision with heavy transport vehicle or bus, unspecified whether traffic or nontraffic accident, sequela"
V04.931A,"Pedestrian on standing electric scooter injured in collision with heavy transport vehicle or bus, unspecified whether traffic or nontraffic accident, initial encounter"
V04.931D,"Pedestrian on standing electric scooter injured in collision with heavy transport vehicle or bus, unspecified whether traffic or nontraffic accident, subsequent encounter"
V04.931S,"Pedestrian on standing electric scooter injured in collision with heavy transport vehicle or bus, unspecified whether traffic or nontraffic accident, sequela"
V04.938A,"Pedestrian on other standing micro-mobility pedestrian conveyance injured in collision with heavy transport vehicle or bus, unspecified whether traffic or nontraffic accident, initial encounter"
V04.938D,"Pedestrian on other standing micro-mobility pedestrian conveyance injured in collision with heavy transport vehicle or bus, unspecified whether traffic or nontraffic accident, subsequent encounter"
V04.938S,"Pedestrian on other standing micro-mobility pedestrian conveyance injured in collision with heavy transport vehicle or bus, unspecified whether traffic or nontraffic accident, sequela"
V04.99XA,"Pedestrian with other conveyance injured in collision with heavy transport vehicle or bus, unspecified whether traffic or nontraffic accident, initial encounter"
V04.99XD,"Pedestrian with other conveyance injured in collision with heavy transport vehicle or bus, unspecified whether traffic or nontraffic accident, subsequent encounter"
V04.99XS,"Pedestrian with other conveyance injured in collision with heavy transport vehicle or bus, unspecified whether traffic or nontraffic accident, sequela"
V05.00XA,"Pedestrian on foot injured in collision with railway train or railway vehicle in nontraffic accident, initial encounter"
V05.00XD,"Pedestrian on foot injured in collision with railway train or railway vehicle in nontraffic accident, subsequent encounter"
V05.00XS,"Pedestrian on foot injured in collision with railway train or railway vehicle in nontraffic accident, sequela"
V05.01XA,"Pedestrian on roller-skates injured in collision with railway train or railway vehicle in nontraffic accident, initial encounter"
V05.01XD,"Pedestrian on roller-skates injured in collision with railway train or railway vehicle in nontraffic accident, subsequent encounter"
V05.01XS,"Pedestrian on roller-skates injured in collision with railway train or railway vehicle in nontraffic accident, sequela"
V05.02XA,"Pedestrian on skateboard injured in collision with railway train or railway vehicle in nontraffic accident, initial encounter"
V05.02XD,"Pedestrian on skateboard injured in collision with railway train or railway vehicle in nontraffic accident, subsequent encounter"
V05.02XS,"Pedestrian on skateboard injured in collision with railway train or railway vehicle in nontraffic accident, sequela"
V05.031A,"Pedestrian on standing electric scooter injured in collision with railway train or railway vehicle in nontraffic accident, initial encounter"
V05.031D,"Pedestrian on standing electric scooter injured in collision with railway train or railway vehicle in nontraffic accident, subsequent encounter"
V05.031S,"Pedestrian on standing electric scooter injured in collision with railway train or railway vehicle in nontraffic accident, sequela"
V05.038A,"Pedestrian on other standing micro-mobility pedestrian conveyance injured in collision with railway train or railway vehicle in nontraffic accident, initial encounter"
V05.038D,"Pedestrian on other standing micro-mobility pedestrian conveyance injured in collision with railway train or railway vehicle in nontraffic accident, subsequent encounter"
V05.038S,"Pedestrian on other standing micro-mobility pedestrian conveyance injured in collision with railway train or railway vehicle in nontraffic accident, sequela"
V05.09XA,"Pedestrian with other conveyance injured in collision with railway train or railway vehicle in nontraffic accident, initial encounter"
V05.09XD,"Pedestrian with other conveyance injured in collision with railway train or railway vehicle in nontraffic accident, subsequent encounter"
V05.09XS,"Pedestrian with other conveyance injured in collision with railway train or railway vehicle in nontraffic accident, sequela"
V05.10XA,"Pedestrian on foot injured in collision with railway train or railway vehicle in traffic accident, initial encounter"
V05.10XD,"Pedestrian on foot injured in collision with railway train or railway vehicle in traffic accident, subsequent encounter"
V05.10XS,"Pedestrian on foot injured in collision with railway train or railway vehicle in traffic accident, sequela"
V05.11XA,"Pedestrian on roller-skates injured in collision with railway train or railway vehicle in traffic accident, initial encounter"
V05.11XD,"Pedestrian on roller-skates injured in collision with railway train or railway vehicle in traffic accident, subsequent encounter"
V05.11XS,"Pedestrian on roller-skates injured in collision with railway train or railway vehicle in traffic accident, sequela"
V05.12XA,"Pedestrian on skateboard injured in collision with railway train or railway vehicle in traffic accident, initial encounter"
V05.12XD,"Pedestrian on skateboard injured in collision with railway train or railway vehicle in traffic accident, subsequent encounter"
V05.12XS,"Pedestrian on skateboard injured in collision with railway train or railway vehicle in traffic accident, sequela"
V05.131A,"Pedestrian on standing electric scooter injured in collision with railway train or railway vehicle in traffic accident, initial encounter"
V05.131D,"Pedestrian on standing electric scooter injured in collision with railway train or railway vehicle in traffic accident, subsequent encounter"
V05.131S,"Pedestrian on standing electric scooter injured in collision with railway train or railway vehicle in traffic accident, sequela"
V05.138A,"Pedestrian on other standing micro-mobility pedestrian conveyance injured in collision with railway train or railway vehicle in traffic accident, initial encounter"
V05.138D,"Pedestrian on other standing micro-mobility pedestrian conveyance injured in collision with railway train or railway vehicle in traffic accident, subsequent encounter"
V05.138S,"Pedestrian on other standing micro-mobility pedestrian conveyance injured in collision with railway train or railway vehicle in traffic accident, sequela"
V05.19XA,"Pedestrian with other conveyance injured in collision with railway train or railway vehicle in traffic accident, initial encounter"
V05.19XD,"Pedestrian with other conveyance injured in collision with railway train or railway vehicle in traffic accident, subsequent encounter"
V05.19XS,"Pedestrian with other conveyance injured in collision with railway train or railway vehicle in traffic accident, sequela"
V05.90XA,"Pedestrian on foot injured in collision with railway train or railway vehicle, unspecified whether traffic or nontraffic accident, initial encounter"
V05.90XD,"Pedestrian on foot injured in collision with railway train or railway vehicle, unspecified whether traffic or nontraffic accident, subsequent encounter"
V05.90XS,"Pedestrian on foot injured in collision with railway train or railway vehicle, unspecified whether traffic or nontraffic accident, sequela"
V05.91XA,"Pedestrian on roller-skates injured in collision with railway train or railway vehicle, unspecified whether traffic or nontraffic accident, initial encounter"
V05.91XD,"Pedestrian on roller-skates injured in collision with railway train or railway vehicle, unspecified whether traffic or nontraffic accident, subsequent encounter"
V05.91XS,"Pedestrian on roller-skates injured in collision with railway train or railway vehicle, unspecified whether traffic or nontraffic accident, sequela"
V05.92XA,"Pedestrian on skateboard injured in collision with railway train or railway vehicle, unspecified whether traffic or nontraffic accident, initial encounter"
V05.92XD,"Pedestrian on skateboard injured in collision with railway train or railway vehicle, unspecified whether traffic or nontraffic accident, subsequent encounter"
V05.92XS,"Pedestrian on skateboard injured in collision with railway train or railway vehicle, unspecified whether traffic or nontraffic accident, sequela"
V05.931A,"Pedestrian on standing electric scooter injured in collision with railway train or railway vehicle, unspecified whether traffic or nontraffic accident, initial encounter"
V05.931D,"Pedestrian on standing electric scooter injured in collision with railway train or railway vehicle, unspecified whether traffic or nontraffic accident, subsequent encounter"
V05.931S,"Pedestrian on standing electric scooter injured in collision with railway train or railway vehicle, unspecified whether traffic or nontraffic accident, sequela"
V05.938A,"Pedestrian on other standing micro-mobility pedestrian conveyance injured in collision with railway train or railway vehicle, unspecified whether traffic or nontraffic accident, initial encounter"
V05.938D,"Pedestrian on other standing micro-mobility pedestrian conveyance injured in collision with railway train or railway vehicle, unspecified whether traffic or nontraffic accident, subsequent encounter"
V05.938S,"Pedestrian on other standing micro-mobility pedestrian conveyance injured in collision with railway train or railway vehicle, unspecified whether traffic or nontraffic accident, sequela"
V05.99XA,"Pedestrian with other conveyance injured in collision with railway train or railway vehicle, unspecified whether traffic or nontraffic accident, initial encounter"
V05.99XD,"Pedestrian with other conveyance injured in collision with railway train or railway vehicle, unspecified whether traffic or nontraffic accident, subsequent encounter"
V05.99XS,"Pedestrian with other conveyance injured in collision with railway train or railway vehicle, unspecified whether traffic or nontraffic accident, sequela"
V06.00XA,"Pedestrian on foot injured in collision with other nonmotor vehicle in nontraffic accident, initial encounter"
V06.00XD,"Pedestrian on foot injured in collision with other nonmotor vehicle in nontraffic accident, subsequent encounter"
V06.00XS,"Pedestrian on foot injured in collision with other nonmotor vehicle in nontraffic accident, sequela"
V06.01XA,"Pedestrian on roller-skates injured in collision with other nonmotor vehicle in nontraffic accident, initial encounter"
V06.01XD,"Pedestrian on roller-skates injured in collision with other nonmotor vehicle in nontraffic accident, subsequent encounter"
V06.01XS,"Pedestrian on roller-skates injured in collision with other nonmotor vehicle in nontraffic accident, sequela"
V06.02XA,"Pedestrian on skateboard injured in collision with other nonmotor vehicle in nontraffic accident, initial encounter"
V06.02XD,"Pedestrian on skateboard injured in collision with other nonmotor vehicle in nontraffic accident, subsequent encounter"
V06.02XS,"Pedestrian on skateboard injured in collision with other nonmotor vehicle in nontraffic accident, sequela"
V06.031A,"Pedestrian on standing electric scooter injured in collision with other nonmotor vehicle in nontraffic accident, initial encounter"
V06.031D,"Pedestrian on standing electric scooter injured in collision with other nonmotor vehicle in nontraffic accident, subsequent encounter"
V06.031S,"Pedestrian on standing electric scooter injured in collision with other nonmotor vehicle in nontraffic accident, sequela"
V06.038A,"Pedestrian on other standing micro-mobility pedestrian conveyance injured in collision with other nonmotor vehicle in nontraffic accident, initial encounter"
V06.038D,"Pedestrian on other standing micro-mobility pedestrian conveyance injured in collision with other nonmotor vehicle in nontraffic accident, subsequent encounter"
V06.038S,"Pedestrian on other standing micro-mobility pedestrian conveyance injured in collision with other nonmotor vehicle in nontraffic accident, sequela"
V06.09XA,"Pedestrian with other conveyance injured in collision with other nonmotor vehicle in nontraffic accident, initial encounter"
V06.09XD,"Pedestrian with other conveyance injured in collision with other nonmotor vehicle in nontraffic accident, subsequent encounter"
V06.09XS,"Pedestrian with other conveyance injured in collision with other nonmotor vehicle in nontraffic accident, sequela"
V06.10XA,"Pedestrian on foot injured in collision with other nonmotor vehicle in traffic accident, initial encounter"
V06.10XD,"Pedestrian on foot injured in collision with other nonmotor vehicle in traffic accident, subsequent encounter"
V06.10XS,"Pedestrian on foot injured in collision with other nonmotor vehicle in traffic accident, sequela"
V06.11XA,"Pedestrian on roller-skates injured in collision with other nonmotor vehicle in traffic accident, initial encounter"
V06.11XD,"Pedestrian on roller-skates injured in collision with other nonmotor vehicle in traffic accident, subsequent encounter"
V06.11XS,"Pedestrian on roller-skates injured in collision with other nonmotor vehicle in traffic accident, sequela"
V06.12XA,"Pedestrian on skateboard injured in collision with other nonmotor vehicle in traffic accident, initial encounter"
V06.12XD,"Pedestrian on skateboard injured in collision with other nonmotor vehicle in traffic accident, subsequent encounter"
V06.12XS,"Pedestrian on skateboard injured in collision with other nonmotor vehicle in traffic accident, sequela"
V06.131A,"Pedestrian on standing electric scooter injured in collision with other nonmotor vehicle in traffic accident, initial encounter"
V06.131D,"Pedestrian on standing electric scooter injured in collision with other nonmotor vehicle in traffic accident, subsequent encounter"
V06.131S,"Pedestrian on standing electric scooter injured in collision with other nonmotor vehicle in traffic accident, sequela"
V06.138A,"Pedestrian on other standing micro-mobility pedestrian conveyance injured in collision with other nonmotor vehicle in traffic accident, initial encounter"
V06.138D,"Pedestrian on other standing micro-mobility pedestrian conveyance injured in collision with other nonmotor vehicle in traffic accident, subsequent encounter"
V06.138S,"Pedestrian on other standing micro-mobility pedestrian conveyance injured in collision with other nonmotor vehicle in traffic accident, sequela"
V06.19XA,"Pedestrian with other conveyance injured in collision with other nonmotor vehicle in traffic accident, initial encounter"
V06.19XD,"Pedestrian with other conveyance injured in collision with other nonmotor vehicle in traffic accident, subsequent encounter"
V06.19XS,"Pedestrian with other conveyance injured in collision with other nonmotor vehicle in traffic accident, sequela"
V06.90XA,"Pedestrian on foot injured in collision with other nonmotor vehicle, unspecified whether traffic or nontraffic accident, initial encounter"
V06.90XD,"Pedestrian on foot injured in collision with other nonmotor vehicle, unspecified whether traffic or nontraffic accident, subsequent encounter"
V06.90XS,"Pedestrian on foot injured in collision with other nonmotor vehicle, unspecified whether traffic or nontraffic accident, sequela"
V06.91XA,"Pedestrian on roller-skates injured in collision with other nonmotor vehicle, unspecified whether traffic or nontraffic accident, initial encounter"
V06.91XD,"Pedestrian on roller-skates injured in collision with other nonmotor vehicle, unspecified whether traffic or nontraffic accident, subsequent encounter"
V06.91XS,"Pedestrian on roller-skates injured in collision with other nonmotor vehicle, unspecified whether traffic or nontraffic accident, sequela"
V06.92XA,"Pedestrian on skateboard injured in collision with other nonmotor vehicle, unspecified whether traffic or nontraffic accident, initial encounter"
V06.92XD,"Pedestrian on skateboard injured in collision with other nonmotor vehicle, unspecified whether traffic or nontraffic accident, subsequent encounter"
V06.92XS,"Pedestrian on skateboard injured in collision with other nonmotor vehicle, unspecified whether traffic or nontraffic accident, sequela"
V06.931A,"Pedestrian on standing electric scooter injured in collision with other nonmotor vehicle, unspecified whether traffic or nontraffic accident, initial encounter"
V06.931D,"Pedestrian on standing electric scooter injured in collision with other nonmotor vehicle, unspecified whether traffic or nontraffic accident, subsequent encounter"
V06.931S,"Pedestrian on standing electric scooter injured in collision with other nonmotor vehicle, unspecified whether traffic or nontraffic accident, sequela"
V06.938A,"Pedestrian on other standing micro-mobility pedestrian conveyance injured in collision with other nonmotor vehicle, unspecified whether traffic or nontraffic accident, initial encounter"
V06.938D,"Pedestrian on other standing micro-mobility pedestrian conveyance injured in collision with other nonmotor vehicle, unspecified whether traffic or nontraffic accident, subsequent encounter"
V06.938S,"Pedestrian on other standing micro-mobility pedestrian conveyance injured in collision with other nonmotor vehicle, unspecified whether traffic or nontraffic accident, sequela"
V06.99XA,"Pedestrian with other conveyance injured in collision with other nonmotor vehicle, unspecified whether traffic or nontraffic accident, initial encounter"
V06.99XD,"Pedestrian with other conveyance injured in collision with other nonmotor vehicle, unspecified whether traffic or nontraffic accident, subsequent encounter"
V06.99XS,"Pedestrian with other conveyance injured in collision with other nonmotor vehicle, unspecified whether traffic or nontraffic accident, sequela"
V09.00XA,"Pedestrian injured in nontraffic accident involving unspecified motor vehicles, initial encounter"
V09.00XD,"Pedestrian injured in nontraffic accident involving unspecified motor vehicles, subsequent encounter"
V09.00XS,"Pedestrian injured in nontraffic accident involving unspecified motor vehicles, sequela"
V09.01XA,"Pedestrian injured in nontraffic accident involving military vehicle, initial encounter"
V09.01XD,"Pedestrian injured in nontraffic accident involving military vehicle, subsequent encounter"
V09.01XS,"Pedestrian injured in nontraffic accident involving military vehicle, sequela"
V09.09XA,"Pedestrian injured in nontraffic accident involving other motor vehicles, initial encounter"
V09.09XD,"Pedestrian injured in nontraffic accident involving other motor vehicles, subsequent encounter"
Z00.00,Encounter for general adult medical examination without abnormal findings
Z00.01,Encounter for general adult medical examination with abnormal findings
Z00.110,Health examination for newborn under 8 days old
Z00.111,Health examination for newborn 8 to 28 days old
Z00.121,Encounter for routine child health examination with abnormal findings
Z00.129,Encounter for routine child health examination without abnormal findings
Z00.2,Encounter for examination for period of rapid growth in childhood
Z00.3,Encounter for examination for adolescent development state
Z00.5,Encounter for examination of potential donor of organ and tissue
Z00.6,Encounter for examination for normal comparison and control in clinical research program
Z00.70,Encounter for examination for period of delayed growth in childhood without abnormal findings
Z00.71,Encounter for examination for period of delayed growth in childhood with abnormal findings
Z00.8,Encounter for other general examination
Z01.00,Encounter for examination of eyes and vision without abnormal findings
Z01.01,Encounter for examination of eyes and vision with abnormal findings
Z01.020,Encounter for examination of eyes and vision following failed vision screening without abnormal findings
Z01.021,Encounter for examination of eyes and vision following failed vision screening with abnormal findings
Z01.10,Encounter for examination of ears and hearing without abnormal findings
Z01.110,Encounter for hearing examination following failed hearing screening
Z01.118,Encounter for examination of ears and hearing with other abnormal findings
Z01.12,Encounter for hearing conservation and treatment
Z01.20,Encounter for dental examination and cleaning without abnormal findings
Z01.21,Encounter for dental examination and cleaning with abnormal findings
Z01.30,Encounter for examination of blood pressure without abnormal findings
Z01.31,Encounter for examination of blood pressure with abnormal findings
Z01.411,Encounter for gynecological examination (general) (routine) with abnormal findings
Z01.419,Encounter for gynecological examination (general) (routine) without abnormal findings
Z01.42,Encounter for cervical smear to confirm findings of recent normal smear following initial abnormal smear
Z01.810,Encounter for preprocedural cardiovascular examination
Z01.811,Encounter for preprocedural respiratory examination
Z01.812,Encounter for preprocedural laboratory examination
Z01.818,Encounter for other preprocedural examination
Z01.82,Encounter for allergy testing
Z01.83,Encounter for blood typing
Z01.84,Encounter for antibody response examination
Z01.89,Encounter for other specified special examinations
Z02.0,Encounter for examination for admission to educational institution
Z02.1,Encounter for pre-employment examination
Z02.2,Encounter for examination for admission to residential institution
Z02.3,Encounter for examination for recruitment to armed forces
Z02.4,Encounter for examination for driving license
Z02.5,Encounter for examination for participation in sport
Z02.6,Encounter for examination for insurance purposes
Z02.71,Encounter for disability determination
Z02.79,Encounter for issue of other medical certificate
Z02.81,Encounter for paternity testing
Z02.82,Encounter for adoption services
Z02.83,Encounter for blood-alcohol and blood-drug test
Z02.84,Encounter for child welfare exam
Z02.89,Encounter for other administrative examinations
Z02.9,"Encounter for administrative examinations, unspecified"
Z03.6,Encounter for observation for suspected toxic effect from ingested substance ruled out
Z03.71,Encounter for suspected problem with amniotic cavity and membrane ruled out
Z03.72,Encounter for suspected placental problem ruled out
Z03.73,Encounter for suspected fetal anomaly ruled out
Z03.74,Encounter for suspected problem with fetal growth ruled out
Z03.75,Encounter for suspected cervical shortening ruled out
Z03.79,Encounter for other suspected maternal and fetal conditions ruled out
Z03.810,Encounter for observation for suspected exposure to anthrax ruled out
Z03.818,Encounter for observation for suspected exposure to other biological agents ruled out
Z03.821,Encounter for observation for suspected ingested foreign body ruled out
Z03.822,Encounter for observation for suspected aspirated (inhaled) foreign body ruled out
Z03.823,Encounter for observation for suspected inserted (injected) foreign body ruled out
Z03.83,Encounter for observation for suspected conditions related to home physiologic monitoring device ruled out
Z03.89,Encounter for observation for other suspected diseases and conditions ruled out
Z04.1,Encounter for examination and observation following transport accident
Z04.2,Encounter for examination and observation following work accident
Z04.3,Encounter for examination and observation following other accident
Z04.41,Encounter for examination and observation following alleged adult rape
Z04.42,Encounter for examination and observation following alleged child rape
Z04.6,"Encounter for general psychiatric examination, requested by authority"
Z04.71,Encounter for examination and observation following alleged adult physical abuse
Z04.72,Encounter for examination and observation following alleged child physical abuse
Z04.81,Encounter for examination and observation of victim following forced sexual exploitation
Z04.82,Encounter for examination and observation of victim following forced labor exploitation
Z04.89,Encounter for examination and observation for other specified reasons
Z04.9,Encounter for examination and observation for unspecified reason
Z05.0,Observation and evaluation of newborn for suspected cardiac condition ruled out
Z05.1,Observation and evaluation of newborn for suspected infectious condition ruled out
Z05.2,Observation and evaluation of newborn for suspected neurological condition ruled out
Z05.3,Observation and evaluation of newborn for suspected respiratory condition ruled out
Z05.41,Observation and evaluation of newborn for suspected genetic condition ruled out
Z05.42,Observation and evaluation of newborn for suspected metabolic condition ruled out
Z05.43,Observation and evaluation of newborn for suspected immunologic condition ruled out
Z05.5,Observation and evaluation of newborn for suspected gastrointestinal condition ruled out
Z05.6,Observation and evaluation of newborn for suspected genitourinary condition ruled out
Z05.71,Observation and evaluation of newborn for suspected skin and subcutaneous tissue condition ruled out
Z05.72,Observation and evaluation of newborn for suspected musculoskeletal condition ruled out
Z05.73,Observation and evaluation of newborn for suspected connective tissue condition ruled out
Z05.81,Observation and evaluation of newborn for suspected condition related to home physiologic monitoring device ruled out
Z05.89,Observation and evaluation of newborn for other specified suspected condition ruled out
Z05.9,Observation and evaluation of newborn for unspecified suspected condition ruled out
Z08,Encounter for follow-up examination after completed treatment for malignant neoplasm
Z09,Encounter for follow-up examination after completed treatment for conditions other than malignant neoplasm
Z11.0,Encounter for screening for intestinal infectious diseases
Z11.1,Encounter for screening for respiratory tuberculosis
Z11.2,Encounter for screening for other bacterial diseases
Z11.3,Encounter for screening for infections with a predominantly sexual mode of transmission
Z11.4,Encounter for screening for human immunodeficiency virus [HIV]
Z11.51,Encounter for screening for human papillomavirus (HPV)
Z11.52,Encounter for screening for COVID-19
Z11.59,Encounter for screening for other viral diseases
Z11.6,Encounter for screening for other protozoal diseases and helminthiases
Z11.7,Encounter for testing for latent tuberculosis infection
Z11.8,Encounter for screening for other infectious and parasitic diseases
Z11.9,"Encounter for screening for infectious and parasitic diseases, unspecified"
Z12.0,Encounter for screening for malignant neoplasm of stomach
Z12.10,"Encounter for screening for malignant neoplasm of intestinal tract, unspecified"
Z12.11,Encounter for screening for malignant neoplasm of colon
Z12.12,Encounter for screening for malignant neoplasm of rectum
Z12.13,Encounter for screening for malignant neoplasm of small intestine
Z12.2,Encounter for screening for malignant neoplasm of respiratory organs
Z12.31,Encounter for screening mammogram for malignant neoplasm of breast
Z12.39,Encounter for other screening for malignant neoplasm of breast
Z12.4,Encounter for screening for malignant neoplasm of cervix
Z12.5,Encounter for screening for malignant neoplasm of prostate
Z12.6,Encounter for screening for malignant neoplasm of bladder
Z12.71,Encounter for screening for malignant neoplasm of testis
Z12.72,Encounter for screening for malignant neoplasm of vagina
Z12.73,Encounter for screening for malignant neoplasm of ovary
Z12.79,Encounter for screening for malignant neoplasm of other genitourinary organs
Z12.81,Encounter for screening for malignant neoplasm of oral cavity
Z12.82,Encounter for screening for malignant neoplasm of nervous system
Z12.83,Encounter for screening for malignant neoplasm of skin
Z12.89,Encounter for screening for malignant neoplasm of other sites
Z12.9,"Encounter for screening for malignant neoplasm, site unspecified"
Z13.0,Encounter for screening for diseases of the blood and blood-forming organs and certain disorders involving the immune mechanism
Z13.1,Encounter for screening for diabetes mellitus
Z13.21,Encounter for screening for nutritional disorder
Z13.220,Encounter for screening for lipoid disorders
Z13.228,Encounter for screening for other metabolic disorders
Z13.29,Encounter for screening for other suspected endocrine disorder
Z13.30,"Encounter for screening examination for mental health and behavioral disorders, unspecified"
Z13.31,Encounter for screening for depression
Z13.32,Encounter for screening for maternal depression
Z13.39,Encounter for screening examination for other mental health and behavioral disorders
Z13.40,Encounter for screening for unspecified developmental delays
Z13.41,Encounter for autism screening
Z13.42,Encounter for screening for global developmental delays (milestones)
Z13.49,Encounter for screening for other developmental delays
Z13.5,Encounter for screening for eye and ear disorders
Z13.6,Encounter for screening for cardiovascular disorders
Z13.71,Encounter for nonprocreative screening for genetic disease carrier status
Z13.79,Encounter for other screening for genetic and chromosomal anomalies
Z13.810,Encounter for screening for upper gastrointestinal disorder
Z13.811,Encounter for screening for lower gastrointestinal disorder
Z13.818,Encounter for screening for other digestive system disorders
Z13.820,Encounter for screening for osteoporosis
Z13.828,Encounter for screening for other musculoskeletal disorder
Z13.83,Encounter for screening for respiratory disorder NEC
Z13.84,Encounter for screening for dental disorders
Z13.850,Encounter for screening for traumatic brain injury
Z13.858,Encounter for screening for other nervous system disorders
Z13.88,Encounter for screening for disorder due to exposure to contaminants
Z13.89,Encounter for screening for other disorder
Z13.9,"Encounter for screening, unspecified"
Z14.01,Asymptomatic hemophilia A carrier
Z14.02,Symptomatic hemophilia A carrier
Z14.1,Cystic fibrosis carrier
Z14.8,Genetic carrier of other disease
Z15.01,Genetic susceptibility to malignant neoplasm of breast
Z15.02,Genetic susceptibility to malignant neoplasm of ovary
Z15.03,Genetic susceptibility to malignant neoplasm of prostate
Z15.04,Genetic susceptibility to malignant neoplasm of endometrium
Z15.05,Genetic susceptibility to malignant neoplasm of fallopian tube(s)
Z15.060,Genetic susceptibility to colorectal cancer
Z15.068,Genetic susceptibility to other malignant neoplasm of digestive system
Z15.07,Genetic susceptibility to malignant neoplasm of urinary tract
Z15.09,Genetic susceptibility to other malignant neoplasm
Z15.1,Genetic susceptibility to epilepsy and neurodevelopmental disorders
Z15.2,Genetic susceptibility to obesity
Z15.3,Genetic susceptibility to kidney disease
Z15.81,Genetic susceptibility to multiple endocrine neoplasia [MEN]
Z15.89,Genetic susceptibility to other disease
Z16.10,Resistance to unspecified beta lactam antibiotics
Z16.11,Resistance to penicillins
Z16.12,Extended spectrum beta lactamase (ESBL) resistance
Z16.13,Resistance to carbapenem
Z16.19,Resistance to other specified beta lactam antibiotics
Z16.20,Resistance to unspecified antibiotic
Z16.21,Resistance to vancomycin
Z16.22,Resistance to vancomycin related antibiotics
Z16.23,Resistance to quinolones and fluoroquinolones
Z16.24,Resistance to multiple antibiotics
Z16.29,Resistance to other single specified antibiotic
Z16.30,Resistance to unspecified antimicrobial drugs
Z16.31,Resistance to antiparasitic drug(s)
Z16.32,Resistance to antifungal drug(s)
Z16.33,Resistance to antiviral drug(s)
Z16.341,Resistance to single antimycobacterial drug
Z16.342,Resistance to multiple antimycobacterial drugs
Z16.35,Resistance to multiple antimicrobial drugs
Z16.39,Resistance to other specified antimicrobial drug
Z17.0,Estrogen receptor positive status [ER+]
Z17.1,Estrogen receptor negative status [ER-]
Z17.21,Progesterone receptor positive status
Z17.22,Progesterone receptor negative status
Z17.31,Human epidermal growth factor receptor 2 positive status
Z17.32,Human epidermal growth factor receptor 2 negative status
Z17.410,Hormone receptor positive with human epidermal growth factor receptor 2 positive status
Z17.411,Hormone receptor positive with human epidermal growth factor receptor 2 negative status
Z17.420,Hormone receptor negative with human epidermal growth factor receptor 2 positive status
Z17.421,Hormone receptor negative with human epidermal growth factor receptor 2 negative status
Z18.01,Retained depleted uranium fragments
Z18.09,Other retained radioactive fragments
Z18.10,"Retained metal fragments, unspecified"
Z18.11,Retained magnetic metal fragments
Z18.12,Retained nonmagnetic metal fragments
Z18.2,Retained plastic fragments
Z18.31,Retained animal quills or spines
Z18.32,Retained tooth
Z18.33,Retained wood fragments
Z18.39,Other retained organic fragments
Z18.81,Retained glass fragments
Z18.83,Retained stone or crystalline fragments
Z18.89,Other specified retained foreign body fragments
Z18.9,"Retained foreign body fragments, unspecified material"
Z19.1,Hormone sensitive malignancy status
Z19.2,Hormone resistant malignancy status
Z20.01,Contact with and (suspected) exposure to intestinal infectious diseases due to Escherichia coli (E. coli)
Z20.09,Contact with and (suspected) exposure to other intestinal infectious diseases
Z20.1,Contact with and (suspected) exposure to tuberculosis
Z20.2,Contact with and (suspected) exposure to infections with a predominantly sexual mode of transmission
Z20.3,Contact with and (suspected) exposure to rabies
Z20.4,Contact with and (suspected) exposure to rubella
Z20.5,Contact with and (suspected) exposure to viral hepatitis
Z20.6,Contact with and (suspected) exposure to human immunodeficiency virus [HIV]
Z20.7,"Contact with and (suspected) exposure to pediculosis, acariasis and other infestations"
Z20.810,Contact with and (suspected) exposure to anthrax
Z20.811,Contact with and (suspected) exposure to meningococcus
Z20.818,Contact with and (suspected) exposure to other bacterial communicable diseases
Z20.820,Contact with and (suspected) exposure to varicella
Z20.821,Contact with and (suspected) exposure to Zika virus
Z20.822,Contact with and (suspected) exposure to COVID-19
Z20.828,Contact with and (suspected) exposure to other viral communicable diseases
Z20.89,Contact with and (suspected) exposure to other communicable diseases
Z20.9,Contact with and (suspected) exposure to unspecified communicable disease
Z21,Asymptomatic human immunodeficiency virus [HIV] infection status
Z22.0,Carrier of typhoid
Z22.1,Carrier of other intestinal infectious diseases
Z22.2,Carrier of diphtheria
Z22.31,Carrier of bacterial disease due to meningococci
Z22.321,Carrier or suspected carrier of Methicillin susceptible Staphylococcus aureus
Z22.322,Carrier or suspected carrier of Methicillin resistant Staphylococcus aureus
Z22.330,Carrier of Group B streptococcus
Z22.338,Carrier of other streptococcus
Z22.340,Carrier of carbapenem-resistant Acinetobacter baumannii
Z22.341,Carrier of carbapenem-sensitive Acinetobacter baumannii
Z22.349,"Carrier of Acinetobacter baumannii, unspecified"
Z22.350,Carrier of carbapenem-resistant Enterobacterales
Z22.358,Carrier of other Enterobacterales
Z22.359,"Carrier of Enterobacterales, unspecified"
Z22.39,Carrier of other specified bacterial diseases
Z22.4,Carrier of infections with a predominantly sexual mode of transmission
Z22.6,Carrier of human T-lymphotropic virus type-1 [HTLV-1] infection
Z22.7,Latent tuberculosis
Z22.8,Carrier of other infectious diseases
Z22.9,"Carrier of infectious disease, unspecified"
Z23,Encounter for immunization
Z28.01,Immunization not carried out because of acute illness of patient
Z28.02,Immunization not carried out because of chronic illness or condition of patient
Z28.03,Immunization not carried out because of immune compromised state of patient
Z28.04,Immunization not carried out because of patient allergy to vaccine or component
Z28.09,Immunization not carried out because of other contraindication
Z28.1,Immunization not carried out because of patient decision for reasons of belief or group pressure
Z28.20,Immunization not carried out because of patient decision for unspecified reason
Z28.21,Immunization not carried out because of patient refusal
Z28.29,Immunization not carried out because of patient decision for other reason
Z28.310,Unvaccinated for COVID-19
Z28.311,Partially vaccinated for COVID-19
Z28.39,Other underimmunization status
Z28.81,Immunization not carried out due to patient having had the disease
Z28.82,Immunization not carried out because of caregiver refusal
Z28.83,Immunization not carried out due to unavailability of vaccine
Z28.89,Immunization not carried out for other reason
Z28.9,Immunization not carried out for unspecified reason
Z29.11,Encounter for prophylactic immunotherapy for respiratory syncytial virus (RSV)
Z29.12,Encounter for prophylactic antivenin
Z29.13,Encounter for prophylactic Rho(D) immune globulin
Z29.14,Encounter for prophylactic rabies immune globin
Z29.3,Encounter for prophylactic fluoride administration
Z29.81,Encounter for HIV pre-exposure prophylaxis
Z29.89,Encounter for other specified prophylactic measures
Z29.9,"Encounter for prophylactic measures, unspecified"
Z30.011,Encounter for initial prescription of contraceptive pills
Z30.012,Encounter for prescription of emergency contraception
Z30.013,Encounter for initial prescription of injectable contraceptive
Z30.014,Encounter for initial prescription of intrauterine contraceptive device
Z30.015,Encounter for initial prescription of vaginal ring hormonal contraceptive
Z30.016,Encounter for initial prescription of transdermal patch hormonal contraceptive device
Z30.017,Encounter for initial prescription of implantable subdermal contraceptive
Z30.018,Encounter for initial prescription of other contraceptives
Z30.019,"Encounter for initial prescription of contraceptives, unspecified"
Z30.02,Counseling and instruction in natural family planning to avoid pregnancy
Z30.09,Encounter for other general counseling and advice on contraception
Z30.2,Encounter for sterilization
Z30.40,"Encounter for surveillance of contraceptives, unspecified"
Z30.41,Encounter for surveillance of contraceptive pills
Z30.42,Encounter for surveillance of injectable contraceptive
Z30.430,Encounter for insertion of intrauterine contraceptive device
Z30.431,Encounter for routine checking of intrauterine contraceptive device
Z30.432,Encounter for removal of intrauterine contraceptive device
Z30.433,Encounter for removal and reinsertion of intrauterine contraceptive device
Z30.44,Encounter for surveillance of vaginal ring hormonal contraceptive device
Z30.45,Encounter for surveillance of transdermal patch hormonal contraceptive device
Z30.46,Encounter for surveillance of implantable subdermal contraceptive
Z30.49,Encounter for surveillance of other contraceptives
Z30.8,Encounter for other contraceptive management
Z30.9,"Encounter for contraceptive management, unspecified"
Z31.0,Encounter for reversal of previous sterilization
Z31.41,Encounter for fertility testing
Z31.42,Aftercare following sterilization reversal
Z31.430,Encounter of female for testing for genetic disease carrier status for procreative management
Z31.438,Encounter for other genetic testing of female for procreative management
Z31.440,Encounter of male for testing for genetic disease carrier status for procreative management
Z31.441,Encounter for testing of male partner of patient with recurrent pregnancy loss
Z31.448,Encounter for other genetic testing of male for procreative management
Z31.49,Encounter for other procreative investigation and testing
Z31.5,Encounter for procreative genetic counseling
Z31.61,Procreative counseling and advice using natural family planning
Z31.62,Encounter for fertility preservation counseling
Z31.69,Encounter for other general counseling and advice on procreation
Z31.7,Encounter for procreative management and counseling for gestational carrier
Z31.81,Encounter for male factor infertility in female patient
Z31.82,Encounter for Rh incompatibility status
Z31.83,Encounter for assisted reproductive fertility procedure cycle
Z31.84,Encounter for fertility preservation procedure
Z31.89,Encounter for other procreative management
Z31.9,"Encounter for procreative management, unspecified"
Z32.00,"Encounter for pregnancy test, result unknown"
Z32.01,"Encounter for pregnancy test, result positive"
Z32.02,"Encounter for pregnancy test, result negative"
Z32.2,Encounter for childbirth instruction
Z32.3,Encounter for childcare instruction
Z33.1,"Pregnant state, incidental"
Z33.2,Encounter for elective termination of pregnancy
Z33.3,"Pregnant state, gestational carrier"
Z34.00,"Encounter for supervision of normal first pregnancy, unspecified trimester"
Z34.01,"Encounter for supervision of normal first pregnancy, first trimester"
Z34.02,"Encounter for supervision of normal first pregnancy, second trimester"
Z34.03,"Encounter for supervision of normal first pregnancy, third trimester"
Z34.80,"Encounter for supervision of other normal pregnancy, unspecified trimester"
Z34.81,"Encounter for supervision of other normal pregnancy, first trimester"
Z34.82,"Encounter for supervision of other normal pregnancy, second trimester"
Z34.83,"Encounter for supervision of other normal pregnancy, third trimester"
Z34.90,"Encounter for supervision of normal pregnancy, unspecified, unspecified trimester"
Z34.91,"Encounter for supervision of normal pregnancy, unspecified, first trimester"
Z34.92,"Encounter for supervision of normal pregnancy, unspecified, second trimester"
Z34.93,"Encounter for supervision of normal pregnancy, unspecified, third trimester"
Z36.0,Encounter for antenatal screening for chromosomal anomalies
Z36.1,Encounter for antenatal screening for raised alphafetoprotein level
Z36.2,Encounter for other antenatal screening follow-up
Z36.3,Encounter for antenatal screening for malformations
Z36.4,Encounter for antenatal screening for fetal growth retardation
Z36.5,Encounter for antenatal screening for isoimmunization
Z36.81,Encounter for antenatal screening for hydrops fetalis
Z36.82,Encounter for antenatal screening for nuchal translucency
Z36.83,Encounter for fetal screening for congenital cardiac abnormalities
Z36.84,Encounter for antenatal screening for fetal lung maturity
Z36.85,Encounter for antenatal screening for Streptococcus B
Z36.86,Encounter for antenatal screening for cervical length
Z36.87,Encounter for antenatal screening for uncertain dates
Z36.88,Encounter for antenatal screening for fetal macrosomia
Z36.89,Encounter for other specified antenatal screening
Z36.8A,Encounter for antenatal screening for other genetic defects
Z36.9,"Encounter for antenatal screening, unspecified"
Z3A.00,Weeks of gestation of pregnancy not specified
Z3A.01,Less than 8 weeks gestation of pregnancy
Z3A.08,8 weeks gestation of pregnancy
Z3A.09,9 weeks gestation of pregnancy
Z3A.10,10 weeks gestation of pregnancy
Z3A.11,11 weeks gestation of pregnancy
Z3A.12,12 weeks gestation of pregnancy
Z3A.13,13 weeks gestation of pregnancy
Z3A.14,14 weeks gestation of pregnancy
Z3A.15,15 weeks gestation of pregnancy
Z3A.16,16 weeks gestation of pregnancy
Z3A.17,17 weeks gestation of pregnancy
Z3A.18,18 weeks gestation of pregnancy
Z3A.19,19 weeks gestation of pregnancy
Z3A.20,20 weeks gestation of pregnancy
Z3A.21,21 weeks gestation of pregnancy
Z3A.22,22 weeks gestation of pregnancy
Z3A.23,23 weeks gestation of pregnancy
Z3A.24,24 weeks gestation of pregnancy
Z3A.25,25 weeks gestation of pregnancy
Z3A.26,26 weeks gestation of pregnancy
Z3A.27,27 weeks gestation of pregnancy
Z3A.28,28 weeks gestation of pregnancy
Z3A.29,29 weeks gestation of pregnancy
Z3A.30,30 weeks gestation of pregnancy
Z3A.31,31 weeks gestation of pregnancy
Z3A.32,32 weeks gestation of pregnancy
Z3A.33,33 weeks gestation of pregnancy
Z3A.34,34 weeks gestation of pregnancy
Z3A.35,35 weeks gestation of pregnancy
Z3A.36,36 weeks gestation of pregnancy
Z3A.37,37 weeks gestation of pregnancy
Z3A.38,38 weeks gestation of pregnancy
Z3A.39,39 weeks gestation of pregnancy
Z3A.40,40 weeks gestation of pregnancy
Z3A.41,41 weeks gestation of pregnancy
Z3A.42,42 weeks gestation of pregnancy
Z3A.49,Greater than 42 weeks gestation of pregnancy
Z37.0,Single live birth
Z37.1,Single stillbirth
Z37.2,"Twins, both liveborn"
Z37.3,"Twins, one liveborn and one stillborn"
Z37.4,"Twins, both stillborn"
Z37.50,"Multiple births, unspecified, all liveborn"
Z37.51,"Triplets, all liveborn"
Z37.52,"Quadruplets, all liveborn"
Z37.53,"Quintuplets, all liveborn"
Z37.54,"Sextuplets, all liveborn"
Z37.59,"Other multiple births, all liveborn"
Z37.60,"Multiple births, unspecified, some liveborn"
Z37.61,"Triplets, some liveborn"
Z37.62,"Quadruplets, some liveborn"
Z37.63,"Quintuplets, some liveborn"
Z37.64,"Sextuplets, some liveborn"
Z37.69,"Other multiple births, some liveborn"
Z37.7,"Other multiple births, all stillborn"
Z37.9,"Outcome of delivery, unspecified"
Z38.00,"Single liveborn infant, delivered vaginally"
Z38.01,"Single liveborn infant, delivered by cesarean"
Z38.1,"Single liveborn infant, born outside hospital"
Z38.2,"Single liveborn infant, unspecified as to place of birth"
Z38.30,"Twin liveborn infant, delivered vaginally"
Z38.31,"Twin liveborn infant, delivered by cesarean"
Z38.4,"Twin liveborn infant, born outside hospital"
Z38.5,"Twin liveborn infant, unspecified as to place of birth"
Z38.61,"Triplet liveborn infant, delivered vaginally"
Z38.62,"Triplet liveborn infant, delivered by cesarean"
Z38.63,"Quadruplet liveborn infant, delivered vaginally"
Z38.64,"Quadruplet liveborn infant, delivered by cesarean"
Z38.65,"Quintuplet liveborn infant, delivered vaginally"
Z38.66,"Quintuplet liveborn infant, delivered by cesarean"
Z38.68,"Other multiple liveborn infant, delivered vaginally"
Z38.69,"Other multiple liveborn infant, delivered by cesarean"
Z38.7,"Other multiple liveborn infant, born outside hospital"
Z38.8,"Other multiple liveborn infant, unspecified as to place of birth"
Z39.0,Encounter for care and examination of mother immediately after delivery
Z39.1,Encounter for care and examination of lactating mother
Z39.2,Encounter for routine postpartum follow-up
Z40.00,Encounter for prophylactic removal of unspecified organ
Z40.01,Encounter for prophylactic removal of breast
Z40.02,Encounter for prophylactic removal of ovary(s)
Z40.03,Encounter for prophylactic removal of fallopian tube(s)
Z40.09,Encounter for prophylactic removal of other organ
Z40.81,Encounter for prophylactic surgery for removal of ovary(s) for persons without known genetic/familial risk factors
Z40.82,Encounter for prophylactic surgery for removal of fallopian tube(s) for persons without known genetic/familial risk factors
Z40.89,Encounter for other prophylactic surgery
Z40.9,"Encounter for prophylactic surgery, unspecified"
Z41.1,Encounter for cosmetic surgery
Z41.2,Encounter for routine and ritual male circumcision
Z41.3,Encounter for ear piercing
Z41.8,Encounter for other procedures for purposes other than remedying health state
Z41.9,"Encounter for procedure for purposes other than remedying health state, unspecified"
Z42.1,Encounter for breast reconstruction following mastectomy
Z42.8,Encounter for other plastic and reconstructive surgery following medical procedure or healed injury
Z43.0,Encounter for attention to tracheostomy
Z43.1,Encounter for attention to gastrostomy
Z43.2,Encounter for attention to ileostomy
Z43.3,Encounter for attention to colostomy
Z43.4,Encounter for attention to other artificial openings of digestive tract
Z43.5,Encounter for attention to cystostomy
Z43.6,Encounter for attention to other artificial openings of urinary tract
Z43.7,Encounter for attention to artificial vagina
Z43.8,Encounter for attention to other artificial openings
Z43.9,Encounter for attention to unspecified artificial opening
Z44.001,Encounter for fitting and adjustment of unspecified right artificial arm
Z44.002,Encounter for fitting and adjustment of unspecified left artificial arm
Z44.009,"Encounter for fitting and adjustment of unspecified artificial arm, unspecified arm"
Z44.011,Encounter for fitting and adjustment of complete right artificial arm
Z44.012,Encounter for fitting and adjustment of complete left artificial arm
Z44.019,"Encounter for fitting and adjustment of complete artificial arm, unspecified arm"
Z44.021,Encounter for fitting and adjustment of partial artificial right arm
Z44.022,Encounter for fitting and adjustment of partial artificial left arm
Z44.029,"Encounter for fitting and adjustment of partial artificial arm, unspecified arm"
Z44.101,Encounter for fitting and adjustment of unspecified right artificial leg
Z44.102,Encounter for fitting and adjustment of unspecified left artificial leg
Z44.109,"Encounter for fitting and adjustment of unspecified artificial leg, unspecified leg"
Z44.111,Encounter for fitting and adjustment of complete right artificial leg
Z44.112,Encounter for fitting and adjustment of complete left artificial leg
Z44.119,"Encounter for fitting and adjustment of complete artificial leg, unspecified leg"
Z44.121,Encounter for fitting and adjustment of partial artificial right leg
Z44.122,Encounter for fitting and adjustment of partial artificial left leg
Z44.129,"Encounter for fitting and adjustment of partial artificial leg, unspecified leg"
Z44.20,"Encounter for fitting and adjustment of artificial eye, unspecified"
Z44.21,Encounter for fitting and adjustment of artificial right eye
Z44.22,Encounter for fitting and adjustment of artificial left eye
Z44.30,"Encounter for fitting and adjustment of external breast prosthesis, unspecified breast"
Z44.31,Encounter for fitting and adjustment of external right breast prosthesis
Z44.32,Encounter for fitting and adjustment of external left breast prosthesis
Z44.8,Encounter for fitting and adjustment of other external prosthetic devices
Z44.9,Encounter for fitting and adjustment of unspecified external prosthetic device
Z45.010,Encounter for checking and testing of cardiac pacemaker pulse generator [battery]
Z45.018,Encounter for adjustment and management of other part of cardiac pacemaker
Z45.02,Encounter for adjustment and management of automatic implantable cardiac defibrillator
Z45.09,Encounter for adjustment and management of other cardiac device
